Venue Name	URL	Score	Issue Category	Severity	Issue Description	Recommended Improvement
Abode Canterbury	https://www.kentvenues.co.uk/venues/abode-canterbury-3	31	capacity	critical	No capacity information anywhere on the listing	"Add clear capacity figures: seated capacity, standing/reception capacity, and cabaret/boardroom/theatre layouts for each space"
Abode Canterbury	https://www.kentvenues.co.uk/venues/abode-canterbury-3	31	photos	warning	Only 1 photo(s) on the listing	"Add more photos — listings with 5+ images convert significantly better. Cover different spaces, angles, and event set-ups"
Abode Canterbury	https://www.kentvenues.co.uk/venues/abode-canterbury-3	31	facilities	critical	No facilities or amenities listed	"Add a complete amenities list: WiFi, AV equipment, heating, air conditioning, kitchen access, etc."
Abode Canterbury	https://www.kentvenues.co.uk/venues/abode-canterbury-3	31	parking	warning	No parking information on the listing	"Add parking details: number of spaces, on-site vs nearby, disabled bays, EV charging, and any charges"
Abode Canterbury	https://www.kentvenues.co.uk/venues/abode-canterbury-3	31	catering	warning	No catering or food/drink information on the listing	"Clarify catering options: in-house catering, approved caterers list, BYO alcohol policy, and dietary accommodations"
Abode Canterbury	https://www.kentvenues.co.uk/venues/abode-canterbury-3	31	accessibility	warning	No accessibility information on the listing	"Add accessibility details: wheelchair access, step-free routes, accessible toilets, hearing loops, and accessible parking bays"
Abode Canterbury	https://www.kentvenues.co.uk/venues/abode-canterbury-3	31	contact	suggestion	No phone number displayed	Add a direct phone number for enquirers who prefer to call
Abode Canterbury	https://www.kentvenues.co.uk/venues/abode-canterbury-3	31	description	suggestion	No guest reviews or testimonials displayed	Collect and display client testimonials to build trust and credibility
Alexander Centre	https://www.kentvenues.co.uk/venues/alexander-centre	75	photos	suggestion	Only 3 photos — could add more	"Aim for 8-10 photos covering exterior, each main space, and example event set-ups"
Alexander Centre	https://www.kentvenues.co.uk/venues/alexander-centre	75	facilities	critical	No facilities or amenities listed	"Add a complete amenities list: WiFi, AV equipment, heating, air conditioning, kitchen access, etc."
Alexander Centre	https://www.kentvenues.co.uk/venues/alexander-centre	75	contact	suggestion	No phone number displayed	Add a direct phone number for enquirers who prefer to call
Alexander Centre	https://www.kentvenues.co.uk/venues/alexander-centre	75	description	suggestion	No guest reviews or testimonials displayed	Collect and display client testimonials to build trust and credibility
Alexandra Suite	https://www.kentvenues.co.uk/venues/alexandra-suite-venue-hire-swanley	78	facilities	warning	"Only 2 facilities listed (Wifi, Parking)"	"Expand the amenities list to include everything guests would want to know — WiFi, AV, parking, catering options, accessibility features"
Alexandra Suite	https://www.kentvenues.co.uk/venues/alexandra-suite-venue-hire-swanley	78	accommodation	info	No accommodation details on the listing	"If on-site accommodation exists, add room count, types and pricing. If not, mention nearby hotel options for wedding parties"
Alexandra Suite	https://www.kentvenues.co.uk/venues/alexandra-suite-venue-hire-swanley	78	accessibility	warning	No accessibility information on the listing	"Add accessibility details: wheelchair access, step-free routes, accessible toilets, hearing loops, and accessible parking bays"
Alexandra Suite	https://www.kentvenues.co.uk/venues/alexandra-suite-venue-hire-swanley	78	contact	suggestion	No phone number displayed	Add a direct phone number for enquirers who prefer to call
Alexandra Suite	https://www.kentvenues.co.uk/venues/alexandra-suite-venue-hire-swanley	78	description	suggestion	No guest reviews or testimonials displayed	Collect and display client testimonials to build trust and credibility
Allhallows Holiday Park	https://www.kentvenues.co.uk/venues/allhallows-holiday-park-2	24	description	critical	Listing is unclaimed — the description is auto-generated boilerplate	"Claim the listing and replace the auto-generated text with a real description (200+ words) covering character, history, setting and unique selling points"
Allhallows Holiday Park	https://www.kentvenues.co.uk/venues/allhallows-holiday-park-2	24	description	warning	Description is very short (23 characters)	"Expand the description to at least 200 characters covering key details like venue style, setting, and ideal event types"
Allhallows Holiday Park	https://www.kentvenues.co.uk/venues/allhallows-holiday-park-2	24	capacity	critical	No capacity information anywhere on the listing	"Add clear capacity figures: seated capacity, standing/reception capacity, and cabaret/boardroom/theatre layouts for each space"
Allhallows Holiday Park	https://www.kentvenues.co.uk/venues/allhallows-holiday-park-2	24	photos	suggestion	Only 3 photos — could add more	"Aim for 8-10 photos covering exterior, each main space, and example event set-ups"
Allhallows Holiday Park	https://www.kentvenues.co.uk/venues/allhallows-holiday-park-2	24	catering	warning	No catering or food/drink information on the listing	"Clarify catering options: in-house catering, approved caterers list, BYO alcohol policy, and dietary accommodations"
Allhallows Holiday Park	https://www.kentvenues.co.uk/venues/allhallows-holiday-park-2	24	accommodation	info	No accommodation details on the listing	"If on-site accommodation exists, add room count, types and pricing. If not, mention nearby hotel options for wedding parties"
Allhallows Holiday Park	https://www.kentvenues.co.uk/venues/allhallows-holiday-park-2	24	accessibility	warning	No accessibility information on the listing	"Add accessibility details: wheelchair access, step-free routes, accessible toilets, hearing loops, and accessible parking bays"
Allhallows Holiday Park	https://www.kentvenues.co.uk/venues/allhallows-holiday-park-2	24	contact	suggestion	No venue website link on the listing	Embed or link the venue's own website so visitors can research further
Allhallows Holiday Park	https://www.kentvenues.co.uk/venues/allhallows-holiday-park-2	24	contact	suggestion	No phone number displayed	Add a direct phone number for enquirers who prefer to call
Allhallows Holiday Park	https://www.kentvenues.co.uk/venues/allhallows-holiday-park-2	24	description	suggestion	No guest reviews or testimonials displayed	Collect and display client testimonials to build trust and credibility
Allhallows Holiday Park	https://www.kentvenues.co.uk/venues/allhallows-holiday-park-2	24	facilities	suggestion	Large venue has no individual rooms/spaces listed	"Break the venue into bookable spaces with individual descriptions, capacities, and photos"
Allington Castle	https://www.kentvenues.co.uk/venues/allington-castle	25	capacity	critical	No capacity information anywhere on the listing	"Add clear capacity figures: seated capacity, standing/reception capacity, and cabaret/boardroom/theatre layouts for each space"
Allington Castle	https://www.kentvenues.co.uk/venues/allington-castle	25	photos	suggestion	Only 3 photos — could add more	"Aim for 8-10 photos covering exterior, each main space, and example event set-ups"
Allington Castle	https://www.kentvenues.co.uk/venues/allington-castle	25	facilities	critical	No facilities or amenities listed	"Add a complete amenities list: WiFi, AV equipment, heating, air conditioning, kitchen access, etc."
Allington Castle	https://www.kentvenues.co.uk/venues/allington-castle	25	parking	warning	No parking information on the listing	"Add parking details: number of spaces, on-site vs nearby, disabled bays, EV charging, and any charges"
Allington Castle	https://www.kentvenues.co.uk/venues/allington-castle	25	catering	warning	No catering or food/drink information on the listing	"Clarify catering options: in-house catering, approved caterers list, BYO alcohol policy, and dietary accommodations"
Allington Castle	https://www.kentvenues.co.uk/venues/allington-castle	25	accommodation	info	No accommodation details on the listing	"If on-site accommodation exists, add room count, types and pricing. If not, mention nearby hotel options for wedding parties"
Allington Castle	https://www.kentvenues.co.uk/venues/allington-castle	25	accessibility	warning	No accessibility information on the listing	"Add accessibility details: wheelchair access, step-free routes, accessible toilets, hearing loops, and accessible parking bays"
Allington Castle	https://www.kentvenues.co.uk/venues/allington-castle	25	contact	warning	"Missing social media link(s): Twitter/X, Instagram (shown as a dead ""#"" link)"	"Add the venue's Twitter/X and Instagram profile URL(s) — the placeholder ""#"" links look broken to visitors"
Allington Castle	https://www.kentvenues.co.uk/venues/allington-castle	25	contact	suggestion	No phone number displayed	Add a direct phone number for enquirers who prefer to call
Allington Castle	https://www.kentvenues.co.uk/venues/allington-castle	25	description	suggestion	No guest reviews or testimonials displayed	Collect and display client testimonials to build trust and credibility
Allington Castle	https://www.kentvenues.co.uk/venues/allington-castle	25	facilities	suggestion	Large venue has no individual rooms/spaces listed	"Break the venue into bookable spaces with individual descriptions, capacities, and photos"
Angel Centre	https://www.kentvenues.co.uk/venues/angel-centre	16	description	critical	Listing is unclaimed — the description is auto-generated boilerplate	"Claim the listing and replace the auto-generated text with a real description (200+ words) covering character, history, setting and unique selling points"
Angel Centre	https://www.kentvenues.co.uk/venues/angel-centre	16	description	critical	Missing or extremely short venue description	"Write a detailed description (200+ words) covering the venue's character, history, setting, and what makes it unique"
Angel Centre	https://www.kentvenues.co.uk/venues/angel-centre	16	capacity	critical	No capacity information anywhere on the listing	"Add clear capacity figures: seated capacity, standing/reception capacity, and cabaret/boardroom/theatre layouts for each space"
Angel Centre	https://www.kentvenues.co.uk/venues/angel-centre	16	photos	suggestion	Only 3 photos — could add more	"Aim for 8-10 photos covering exterior, each main space, and example event set-ups"
Angel Centre	https://www.kentvenues.co.uk/venues/angel-centre	16	catering	warning	No catering or food/drink information on the listing	"Clarify catering options: in-house catering, approved caterers list, BYO alcohol policy, and dietary accommodations"
Angel Centre	https://www.kentvenues.co.uk/venues/angel-centre	16	accommodation	info	No accommodation details on the listing	"If on-site accommodation exists, add room count, types and pricing. If not, mention nearby hotel options for wedding parties"
Angel Centre	https://www.kentvenues.co.uk/venues/angel-centre	16	accessibility	warning	No accessibility information on the listing	"Add accessibility details: wheelchair access, step-free routes, accessible toilets, hearing loops, and accessible parking bays"
Angel Centre	https://www.kentvenues.co.uk/venues/angel-centre	16	contact	warning	"Missing social media link(s): Facebook, Instagram (shown as a dead ""#"" link)"	"Add the venue's Facebook and Instagram profile URL(s) — the placeholder ""#"" links look broken to visitors"
Angel Centre	https://www.kentvenues.co.uk/venues/angel-centre	16	contact	suggestion	No phone number displayed	Add a direct phone number for enquirers who prefer to call
Angel Centre	https://www.kentvenues.co.uk/venues/angel-centre	16	description	suggestion	No guest reviews or testimonials displayed	Collect and display client testimonials to build trust and credibility
Ann Robertson Centre	https://www.kentvenues.co.uk/venues/ann-robertson-centre	59	capacity	critical	No capacity information anywhere on the listing	"Add clear capacity figures: seated capacity, standing/reception capacity, and cabaret/boardroom/theatre layouts for each space"
Ann Robertson Centre	https://www.kentvenues.co.uk/venues/ann-robertson-centre	59	facilities	warning	Only 1 facilities listed (Refreshments)	"Expand the amenities list to include everything guests would want to know — WiFi, AV, parking, catering options, accessibility features"
Ann Robertson Centre	https://www.kentvenues.co.uk/venues/ann-robertson-centre	59	accommodation	info	No accommodation details on the listing	"If on-site accommodation exists, add room count, types and pricing. If not, mention nearby hotel options for wedding parties"
Ann Robertson Centre	https://www.kentvenues.co.uk/venues/ann-robertson-centre	59	accessibility	warning	No accessibility information on the listing	"Add accessibility details: wheelchair access, step-free routes, accessible toilets, hearing loops, and accessible parking bays"
Ann Robertson Centre	https://www.kentvenues.co.uk/venues/ann-robertson-centre	59	contact	warning	"Missing social media link(s): Facebook, Instagram (shown as a dead ""#"" link)"	"Add the venue's Facebook and Instagram profile URL(s) — the placeholder ""#"" links look broken to visitors"
Ann Robertson Centre	https://www.kentvenues.co.uk/venues/ann-robertson-centre	59	contact	suggestion	No phone number displayed	Add a direct phone number for enquirers who prefer to call
Ann Robertson Centre	https://www.kentvenues.co.uk/venues/ann-robertson-centre	59	description	suggestion	No guest reviews or testimonials displayed	Collect and display client testimonials to build trust and credibility
Ashford International Hotel	https://www.kentvenues.co.uk/venues/ashford-international-hotel	39	description	critical	Listing is unclaimed — the description is auto-generated boilerplate	"Claim the listing and replace the auto-generated text with a real description (200+ words) covering character, history, setting and unique selling points"
Ashford International Hotel	https://www.kentvenues.co.uk/venues/ashford-international-hotel	39	description	warning	Description is very short (27 characters)	"Expand the description to at least 200 characters covering key details like venue style, setting, and ideal event types"
Ashford International Hotel	https://www.kentvenues.co.uk/venues/ashford-international-hotel	39	capacity	critical	No capacity information anywhere on the listing	"Add clear capacity figures: seated capacity, standing/reception capacity, and cabaret/boardroom/theatre layouts for each space"
Ashford International Hotel	https://www.kentvenues.co.uk/venues/ashford-international-hotel	39	photos	suggestion	Only 3 photos — could add more	"Aim for 8-10 photos covering exterior, each main space, and example event set-ups"
Ashford International Hotel	https://www.kentvenues.co.uk/venues/ashford-international-hotel	39	accessibility	warning	No accessibility information on the listing	"Add accessibility details: wheelchair access, step-free routes, accessible toilets, hearing loops, and accessible parking bays"
Ashford International Hotel	https://www.kentvenues.co.uk/venues/ashford-international-hotel	39	contact	suggestion	No venue website link on the listing	Embed or link the venue's own website so visitors can research further
Ashford International Hotel	https://www.kentvenues.co.uk/venues/ashford-international-hotel	39	contact	suggestion	No phone number displayed	Add a direct phone number for enquirers who prefer to call
Ashford International Hotel	https://www.kentvenues.co.uk/venues/ashford-international-hotel	39	description	suggestion	No guest reviews or testimonials displayed	Collect and display client testimonials to build trust and credibility
Assembly Hall Theatre	https://www.kentvenues.co.uk/venues/assembly-hall-theatre	17	description	critical	Listing is unclaimed — the description is auto-generated boilerplate	"Claim the listing and replace the auto-generated text with a real description (200+ words) covering character, history, setting and unique selling points"
Assembly Hall Theatre	https://www.kentvenues.co.uk/venues/assembly-hall-theatre	17	description	warning	Description is very short (66 characters)	"Expand the description to at least 200 characters covering key details like venue style, setting, and ideal event types"
Assembly Hall Theatre	https://www.kentvenues.co.uk/venues/assembly-hall-theatre	17	capacity	critical	No capacity information anywhere on the listing	"Add clear capacity figures: seated capacity, standing/reception capacity, and cabaret/boardroom/theatre layouts for each space"
Assembly Hall Theatre	https://www.kentvenues.co.uk/venues/assembly-hall-theatre	17	photos	warning	Only 2 photo(s) on the listing	"Add more photos — listings with 5+ images convert significantly better. Cover different spaces, angles, and event set-ups"
Assembly Hall Theatre	https://www.kentvenues.co.uk/venues/assembly-hall-theatre	17	facilities	warning	Only 1 facilities listed (Parking)	"Expand the amenities list to include everything guests would want to know — WiFi, AV, parking, catering options, accessibility features"
Assembly Hall Theatre	https://www.kentvenues.co.uk/venues/assembly-hall-theatre	17	catering	warning	No catering or food/drink information on the listing	"Clarify catering options: in-house catering, approved caterers list, BYO alcohol policy, and dietary accommodations"
Assembly Hall Theatre	https://www.kentvenues.co.uk/venues/assembly-hall-theatre	17	accommodation	info	No accommodation details on the listing	"If on-site accommodation exists, add room count, types and pricing. If not, mention nearby hotel options for wedding parties"
Assembly Hall Theatre	https://www.kentvenues.co.uk/venues/assembly-hall-theatre	17	accessibility	warning	No accessibility information on the listing	"Add accessibility details: wheelchair access, step-free routes, accessible toilets, hearing loops, and accessible parking bays"
Assembly Hall Theatre	https://www.kentvenues.co.uk/venues/assembly-hall-theatre	17	contact	suggestion	No phone number displayed	Add a direct phone number for enquirers who prefer to call
Assembly Hall Theatre	https://www.kentvenues.co.uk/venues/assembly-hall-theatre	17	description	suggestion	No guest reviews or testimonials displayed	Collect and display client testimonials to build trust and credibility
Assembly Hall Theatre	https://www.kentvenues.co.uk/venues/assembly-hall-theatre	17	facilities	suggestion	Large venue has no individual rooms/spaces listed	"Break the venue into bookable spaces with individual descriptions, capacities, and photos"
Astor Community Theatre	https://www.kentvenues.co.uk/venues/astor-community-theatre	36	capacity	critical	No capacity information anywhere on the listing	"Add clear capacity figures: seated capacity, standing/reception capacity, and cabaret/boardroom/theatre layouts for each space"
Astor Community Theatre	https://www.kentvenues.co.uk/venues/astor-community-theatre	36	photos	suggestion	Only 3 photos — could add more	"Aim for 8-10 photos covering exterior, each main space, and example event set-ups"
Astor Community Theatre	https://www.kentvenues.co.uk/venues/astor-community-theatre	36	facilities	critical	No facilities or amenities listed	"Add a complete amenities list: WiFi, AV equipment, heating, air conditioning, kitchen access, etc."
Astor Community Theatre	https://www.kentvenues.co.uk/venues/astor-community-theatre	36	parking	warning	No parking information on the listing	"Add parking details: number of spaces, on-site vs nearby, disabled bays, EV charging, and any charges"
Astor Community Theatre	https://www.kentvenues.co.uk/venues/astor-community-theatre	36	accommodation	info	No accommodation details on the listing	"If on-site accommodation exists, add room count, types and pricing. If not, mention nearby hotel options for wedding parties"
Astor Community Theatre	https://www.kentvenues.co.uk/venues/astor-community-theatre	36	accessibility	warning	No accessibility information on the listing	"Add accessibility details: wheelchair access, step-free routes, accessible toilets, hearing loops, and accessible parking bays"
Astor Community Theatre	https://www.kentvenues.co.uk/venues/astor-community-theatre	36	contact	warning	"Missing social media link(s): Twitter/X, Instagram (shown as a dead ""#"" link)"	"Add the venue's Twitter/X and Instagram profile URL(s) — the placeholder ""#"" links look broken to visitors"
Astor Community Theatre	https://www.kentvenues.co.uk/venues/astor-community-theatre	36	contact	suggestion	No phone number displayed	Add a direct phone number for enquirers who prefer to call
Astor Community Theatre	https://www.kentvenues.co.uk/venues/astor-community-theatre	36	description	suggestion	No guest reviews or testimonials displayed	Collect and display client testimonials to build trust and credibility
Avanta Bromley	https://www.kentvenues.co.uk/venues/avanta-bromley	0	description	critical	Listing is unclaimed — the description is auto-generated boilerplate	"Claim the listing and replace the auto-generated text with a real description (200+ words) covering character, history, setting and unique selling points"
Avanta Bromley	https://www.kentvenues.co.uk/venues/avanta-bromley	0	description	warning	Description is very short (87 characters)	"Expand the description to at least 200 characters covering key details like venue style, setting, and ideal event types"
Avanta Bromley	https://www.kentvenues.co.uk/venues/avanta-bromley	0	capacity	critical	No capacity information anywhere on the listing	"Add clear capacity figures: seated capacity, standing/reception capacity, and cabaret/boardroom/theatre layouts for each space"
Avanta Bromley	https://www.kentvenues.co.uk/venues/avanta-bromley	0	photos	critical	No photographs on the listing	"Add a minimum of 5 high-quality photographs showing the venue exterior, main spaces, and set-up examples"
Avanta Bromley	https://www.kentvenues.co.uk/venues/avanta-bromley	0	facilities	critical	No facilities or amenities listed	"Add a complete amenities list: WiFi, AV equipment, heating, air conditioning, kitchen access, etc."
Avanta Bromley	https://www.kentvenues.co.uk/venues/avanta-bromley	0	parking	warning	No parking information on the listing	"Add parking details: number of spaces, on-site vs nearby, disabled bays, EV charging, and any charges"
Avanta Bromley	https://www.kentvenues.co.uk/venues/avanta-bromley	0	catering	warning	No catering or food/drink information on the listing	"Clarify catering options: in-house catering, approved caterers list, BYO alcohol policy, and dietary accommodations"
Avanta Bromley	https://www.kentvenues.co.uk/venues/avanta-bromley	0	accommodation	info	No accommodation details on the listing	"If on-site accommodation exists, add room count, types and pricing. If not, mention nearby hotel options for wedding parties"
Avanta Bromley	https://www.kentvenues.co.uk/venues/avanta-bromley	0	accessibility	warning	No accessibility information on the listing	"Add accessibility details: wheelchair access, step-free routes, accessible toilets, hearing loops, and accessible parking bays"
Avanta Bromley	https://www.kentvenues.co.uk/venues/avanta-bromley	0	contact	critical	"No contact information at all — no email, no social media, no website link"	Add at minimum a contact email and the venue's website and social media links so enquirers can reach the venue directly
Avanta Bromley	https://www.kentvenues.co.uk/venues/avanta-bromley	0	description	suggestion	No guest reviews or testimonials displayed	Collect and display client testimonials to build trust and credibility
Aylesham Welfare Leisure Centre	https://www.kentvenues.co.uk/venues/aylesham-welfare-leisure-centre	66	capacity	critical	No capacity information anywhere on the listing	"Add clear capacity figures: seated capacity, standing/reception capacity, and cabaret/boardroom/theatre layouts for each space"
Aylesham Welfare Leisure Centre	https://www.kentvenues.co.uk/venues/aylesham-welfare-leisure-centre	66	photos	warning	Only 2 photo(s) on the listing	"Add more photos — listings with 5+ images convert significantly better. Cover different spaces, angles, and event set-ups"
Aylesham Welfare Leisure Centre	https://www.kentvenues.co.uk/venues/aylesham-welfare-leisure-centre	66	accommodation	info	No accommodation details on the listing	"If on-site accommodation exists, add room count, types and pricing. If not, mention nearby hotel options for wedding parties"
Aylesham Welfare Leisure Centre	https://www.kentvenues.co.uk/venues/aylesham-welfare-leisure-centre	66	contact	suggestion	No phone number displayed	Add a direct phone number for enquirers who prefer to call
Aylesham Welfare Leisure Centre	https://www.kentvenues.co.uk/venues/aylesham-welfare-leisure-centre	66	description	suggestion	No guest reviews or testimonials displayed	Collect and display client testimonials to build trust and credibility
Barn Tunbridge Wells	https://www.kentvenues.co.uk/venues/barn-tunbridge-wells	76	capacity	critical	No capacity information anywhere on the listing	"Add clear capacity figures: seated capacity, standing/reception capacity, and cabaret/boardroom/theatre layouts for each space"
Barn Tunbridge Wells	https://www.kentvenues.co.uk/venues/barn-tunbridge-wells	76	accommodation	info	No accommodation details on the listing	"If on-site accommodation exists, add room count, types and pricing. If not, mention nearby hotel options for wedding parties"
Barn Tunbridge Wells	https://www.kentvenues.co.uk/venues/barn-tunbridge-wells	76	contact	suggestion	No phone number displayed	Add a direct phone number for enquirers who prefer to call
Barn Tunbridge Wells	https://www.kentvenues.co.uk/venues/barn-tunbridge-wells	76	description	suggestion	No guest reviews or testimonials displayed	Collect and display client testimonials to build trust and credibility
Barnehurst Golf Club	https://www.kentvenues.co.uk/venues/barnehurst-golf-club	48	capacity	critical	No capacity information anywhere on the listing	"Add clear capacity figures: seated capacity, standing/reception capacity, and cabaret/boardroom/theatre layouts for each space"
Barnehurst Golf Club	https://www.kentvenues.co.uk/venues/barnehurst-golf-club	48	photos	suggestion	Only 4 photos — could add more	"Aim for 8-10 photos covering exterior, each main space, and example event set-ups"
Barnehurst Golf Club	https://www.kentvenues.co.uk/venues/barnehurst-golf-club	48	parking	warning	No parking information on the listing	"Add parking details: number of spaces, on-site vs nearby, disabled bays, EV charging, and any charges"
Barnehurst Golf Club	https://www.kentvenues.co.uk/venues/barnehurst-golf-club	48	accommodation	info	No accommodation details on the listing	"If on-site accommodation exists, add room count, types and pricing. If not, mention nearby hotel options for wedding parties"
Barnehurst Golf Club	https://www.kentvenues.co.uk/venues/barnehurst-golf-club	48	accessibility	warning	No accessibility information on the listing	"Add accessibility details: wheelchair access, step-free routes, accessible toilets, hearing loops, and accessible parking bays"
Barnehurst Golf Club	https://www.kentvenues.co.uk/venues/barnehurst-golf-club	48	contact	warning	"Missing social media link(s): Instagram (shown as a dead ""#"" link)"	"Add the venue's Instagram profile URL(s) — the placeholder ""#"" links look broken to visitors"
Barnehurst Golf Club	https://www.kentvenues.co.uk/venues/barnehurst-golf-club	48	contact	suggestion	No phone number displayed	Add a direct phone number for enquirers who prefer to call
Barnehurst Golf Club	https://www.kentvenues.co.uk/venues/barnehurst-golf-club	48	description	suggestion	No guest reviews or testimonials displayed	Collect and display client testimonials to build trust and credibility
Barnehurst Golf Club	https://www.kentvenues.co.uk/venues/barnehurst-golf-club	48	facilities	suggestion	Large venue has no individual rooms/spaces listed	"Break the venue into bookable spaces with individual descriptions, capacities, and photos"
Basepoint Chatham	https://www.kentvenues.co.uk/venues/basepoint-chatham	41	capacity	critical	No capacity information anywhere on the listing	"Add clear capacity figures: seated capacity, standing/reception capacity, and cabaret/boardroom/theatre layouts for each space"
Basepoint Chatham	https://www.kentvenues.co.uk/venues/basepoint-chatham	41	photos	warning	Only 2 photo(s) on the listing	"Add more photos — listings with 5+ images convert significantly better. Cover different spaces, angles, and event set-ups"
Basepoint Chatham	https://www.kentvenues.co.uk/venues/basepoint-chatham	41	facilities	warning	"Only 2 facilities listed (Wifi, Parking)"	"Expand the amenities list to include everything guests would want to know — WiFi, AV, parking, catering options, accessibility features"
Basepoint Chatham	https://www.kentvenues.co.uk/venues/basepoint-chatham	41	catering	warning	No catering or food/drink information on the listing	"Clarify catering options: in-house catering, approved caterers list, BYO alcohol policy, and dietary accommodations"
Basepoint Chatham	https://www.kentvenues.co.uk/venues/basepoint-chatham	41	accommodation	info	No accommodation details on the listing	"If on-site accommodation exists, add room count, types and pricing. If not, mention nearby hotel options for wedding parties"
Basepoint Chatham	https://www.kentvenues.co.uk/venues/basepoint-chatham	41	accessibility	warning	No accessibility information on the listing	"Add accessibility details: wheelchair access, step-free routes, accessible toilets, hearing loops, and accessible parking bays"
Basepoint Chatham	https://www.kentvenues.co.uk/venues/basepoint-chatham	41	contact	warning	"Missing social media link(s): Instagram (shown as a dead ""#"" link)"	"Add the venue's Instagram profile URL(s) — the placeholder ""#"" links look broken to visitors"
Basepoint Chatham	https://www.kentvenues.co.uk/venues/basepoint-chatham	41	contact	suggestion	No phone number displayed	Add a direct phone number for enquirers who prefer to call
Basepoint Chatham	https://www.kentvenues.co.uk/venues/basepoint-chatham	41	description	suggestion	No guest reviews or testimonials displayed	Collect and display client testimonials to build trust and credibility
Baypoint Sports Club	https://www.kentvenues.co.uk/venues/baypoint-sports-club	58	description	warning	Description is very short (97 characters)	"Expand the description to at least 200 characters covering key details like venue style, setting, and ideal event types"
Baypoint Sports Club	https://www.kentvenues.co.uk/venues/baypoint-sports-club	58	capacity	critical	No capacity information anywhere on the listing	"Add clear capacity figures: seated capacity, standing/reception capacity, and cabaret/boardroom/theatre layouts for each space"
Baypoint Sports Club	https://www.kentvenues.co.uk/venues/baypoint-sports-club	58	accommodation	info	No accommodation details on the listing	"If on-site accommodation exists, add room count, types and pricing. If not, mention nearby hotel options for wedding parties"
Baypoint Sports Club	https://www.kentvenues.co.uk/venues/baypoint-sports-club	58	accessibility	warning	No accessibility information on the listing	"Add accessibility details: wheelchair access, step-free routes, accessible toilets, hearing loops, and accessible parking bays"
Baypoint Sports Club	https://www.kentvenues.co.uk/venues/baypoint-sports-club	58	contact	suggestion	No phone number displayed	Add a direct phone number for enquirers who prefer to call
Baypoint Sports Club	https://www.kentvenues.co.uk/venues/baypoint-sports-club	58	description	suggestion	No guest reviews or testimonials displayed	Collect and display client testimonials to build trust and credibility
Beach Hut Weddings	https://www.kentvenues.co.uk/venues/beach-hut-weddings	23	capacity	critical	No capacity information anywhere on the listing	"Add clear capacity figures: seated capacity, standing/reception capacity, and cabaret/boardroom/theatre layouts for each space"
Beach Hut Weddings	https://www.kentvenues.co.uk/venues/beach-hut-weddings	23	photos	warning	Only 2 photo(s) on the listing	"Add more photos — listings with 5+ images convert significantly better. Cover different spaces, angles, and event set-ups"
Beach Hut Weddings	https://www.kentvenues.co.uk/venues/beach-hut-weddings	23	facilities	critical	No facilities or amenities listed	"Add a complete amenities list: WiFi, AV equipment, heating, air conditioning, kitchen access, etc."
Beach Hut Weddings	https://www.kentvenues.co.uk/venues/beach-hut-weddings	23	parking	warning	No parking information on the listing	"Add parking details: number of spaces, on-site vs nearby, disabled bays, EV charging, and any charges"
Beach Hut Weddings	https://www.kentvenues.co.uk/venues/beach-hut-weddings	23	catering	warning	No catering or food/drink information on the listing	"Clarify catering options: in-house catering, approved caterers list, BYO alcohol policy, and dietary accommodations"
Beach Hut Weddings	https://www.kentvenues.co.uk/venues/beach-hut-weddings	23	accommodation	info	No accommodation details on the listing	"If on-site accommodation exists, add room count, types and pricing. If not, mention nearby hotel options for wedding parties"
Beach Hut Weddings	https://www.kentvenues.co.uk/venues/beach-hut-weddings	23	accessibility	warning	No accessibility information on the listing	"Add accessibility details: wheelchair access, step-free routes, accessible toilets, hearing loops, and accessible parking bays"
Beach Hut Weddings	https://www.kentvenues.co.uk/venues/beach-hut-weddings	23	contact	warning	"Missing social media link(s): Twitter/X (shown as a dead ""#"" link)"	"Add the venue's Twitter/X profile URL(s) — the placeholder ""#"" links look broken to visitors"
Beach Hut Weddings	https://www.kentvenues.co.uk/venues/beach-hut-weddings	23	contact	suggestion	No phone number displayed	Add a direct phone number for enquirers who prefer to call
Beach Hut Weddings	https://www.kentvenues.co.uk/venues/beach-hut-weddings	23	description	suggestion	No guest reviews or testimonials displayed	Collect and display client testimonials to build trust and credibility
Beaney House of Art and Knowledge	https://www.kentvenues.co.uk/venues/beaney-house-of-art-and-knowledge	71	capacity	critical	No capacity information anywhere on the listing	"Add clear capacity figures: seated capacity, standing/reception capacity, and cabaret/boardroom/theatre layouts for each space"
Beaney House of Art and Knowledge	https://www.kentvenues.co.uk/venues/beaney-house-of-art-and-knowledge	71	facilities	warning	"Only 2 facilities listed (Parking, Wheelchair Accessible)"	"Expand the amenities list to include everything guests would want to know — WiFi, AV, parking, catering options, accessibility features"
Beaney House of Art and Knowledge	https://www.kentvenues.co.uk/venues/beaney-house-of-art-and-knowledge	71	accommodation	info	No accommodation details on the listing	"If on-site accommodation exists, add room count, types and pricing. If not, mention nearby hotel options for wedding parties"
Beaney House of Art and Knowledge	https://www.kentvenues.co.uk/venues/beaney-house-of-art-and-knowledge	71	contact	suggestion	No phone number displayed	Add a direct phone number for enquirers who prefer to call
Beaney House of Art and Knowledge	https://www.kentvenues.co.uk/venues/beaney-house-of-art-and-knowledge	71	description	suggestion	No guest reviews or testimonials displayed	Collect and display client testimonials to build trust and credibility
Beckenham Place	https://www.kentvenues.co.uk/venues/beckenham-place	30	description	critical	Listing is unclaimed — the description is auto-generated boilerplate	"Claim the listing and replace the auto-generated text with a real description (200+ words) covering character, history, setting and unique selling points"
Beckenham Place	https://www.kentvenues.co.uk/venues/beckenham-place	30	description	warning	Description could be more detailed (146 characters)	"Consider adding more details about the venue's atmosphere, capacity ranges, and unique features"
Beckenham Place	https://www.kentvenues.co.uk/venues/beckenham-place	30	capacity	critical	No capacity information anywhere on the listing	"Add clear capacity figures: seated capacity, standing/reception capacity, and cabaret/boardroom/theatre layouts for each space"
Beckenham Place	https://www.kentvenues.co.uk/venues/beckenham-place	30	photos	suggestion	Only 3 photos — could add more	"Aim for 8-10 photos covering exterior, each main space, and example event set-ups"
Beckenham Place	https://www.kentvenues.co.uk/venues/beckenham-place	30	facilities	warning	Only 1 facilities listed (Bar)	"Expand the amenities list to include everything guests would want to know — WiFi, AV, parking, catering options, accessibility features"
Beckenham Place	https://www.kentvenues.co.uk/venues/beckenham-place	30	parking	warning	No parking information on the listing	"Add parking details: number of spaces, on-site vs nearby, disabled bays, EV charging, and any charges"
Beckenham Place	https://www.kentvenues.co.uk/venues/beckenham-place	30	accommodation	info	No accommodation details on the listing	"If on-site accommodation exists, add room count, types and pricing. If not, mention nearby hotel options for wedding parties"
Beckenham Place	https://www.kentvenues.co.uk/venues/beckenham-place	30	accessibility	warning	No accessibility information on the listing	"Add accessibility details: wheelchair access, step-free routes, accessible toilets, hearing loops, and accessible parking bays"
Beckenham Place	https://www.kentvenues.co.uk/venues/beckenham-place	30	contact	suggestion	No phone number displayed	Add a direct phone number for enquirers who prefer to call
Beckenham Place	https://www.kentvenues.co.uk/venues/beckenham-place	30	description	suggestion	No guest reviews or testimonials displayed	Collect and display client testimonials to build trust and credibility
Belgo Bromley	https://www.kentvenues.co.uk/venues/belgo-bromley	16	description	warning	Description could be more detailed (160 characters)	"Consider adding more details about the venue's atmosphere, capacity ranges, and unique features"
Belgo Bromley	https://www.kentvenues.co.uk/venues/belgo-bromley	16	capacity	critical	No capacity information anywhere on the listing	"Add clear capacity figures: seated capacity, standing/reception capacity, and cabaret/boardroom/theatre layouts for each space"
Belgo Bromley	https://www.kentvenues.co.uk/venues/belgo-bromley	16	photos	warning	Only 1 photo(s) on the listing	"Add more photos — listings with 5+ images convert significantly better. Cover different spaces, angles, and event set-ups"
Belgo Bromley	https://www.kentvenues.co.uk/venues/belgo-bromley	16	facilities	critical	No facilities or amenities listed	"Add a complete amenities list: WiFi, AV equipment, heating, air conditioning, kitchen access, etc."
Belgo Bromley	https://www.kentvenues.co.uk/venues/belgo-bromley	16	parking	warning	No parking information on the listing	"Add parking details: number of spaces, on-site vs nearby, disabled bays, EV charging, and any charges"
Belgo Bromley	https://www.kentvenues.co.uk/venues/belgo-bromley	16	accommodation	info	No accommodation details on the listing	"If on-site accommodation exists, add room count, types and pricing. If not, mention nearby hotel options for wedding parties"
Belgo Bromley	https://www.kentvenues.co.uk/venues/belgo-bromley	16	accessibility	warning	No accessibility information on the listing	"Add accessibility details: wheelchair access, step-free routes, accessible toilets, hearing loops, and accessible parking bays"
Belgo Bromley	https://www.kentvenues.co.uk/venues/belgo-bromley	16	contact	warning	No contact email address behind the enquiry form	Set the venue's enquiry email so the contact form reaches the venue (currently enquirers can only use the site-wide form)
Belgo Bromley	https://www.kentvenues.co.uk/venues/belgo-bromley	16	contact	warning	"Missing social media link(s): Twitter/X, Instagram (shown as a dead ""#"" link)"	"Add the venue's Twitter/X and Instagram profile URL(s) — the placeholder ""#"" links look broken to visitors"
Belgo Bromley	https://www.kentvenues.co.uk/venues/belgo-bromley	16	contact	suggestion	No phone number displayed	Add a direct phone number for enquirers who prefer to call
Belgo Bromley	https://www.kentvenues.co.uk/venues/belgo-bromley	16	description	suggestion	No guest reviews or testimonials displayed	Collect and display client testimonials to build trust and credibility
Best Western Abbots Barton Hotel	https://www.kentvenues.co.uk/venues/best-western-abbots-barton-hotel	46	capacity	critical	No capacity information anywhere on the listing	"Add clear capacity figures: seated capacity, standing/reception capacity, and cabaret/boardroom/theatre layouts for each space"
Best Western Abbots Barton Hotel	https://www.kentvenues.co.uk/venues/best-western-abbots-barton-hotel	46	photos	warning	Only 2 photo(s) on the listing	"Add more photos — listings with 5+ images convert significantly better. Cover different spaces, angles, and event set-ups"
Best Western Abbots Barton Hotel	https://www.kentvenues.co.uk/venues/best-western-abbots-barton-hotel	46	facilities	warning	"Only 2 facilities listed (Bar, Restaurant)"	"Expand the amenities list to include everything guests would want to know — WiFi, AV, parking, catering options, accessibility features"
Best Western Abbots Barton Hotel	https://www.kentvenues.co.uk/venues/best-western-abbots-barton-hotel	46	parking	warning	No parking information on the listing	"Add parking details: number of spaces, on-site vs nearby, disabled bays, EV charging, and any charges"
Best Western Abbots Barton Hotel	https://www.kentvenues.co.uk/venues/best-western-abbots-barton-hotel	46	accessibility	warning	No accessibility information on the listing	"Add accessibility details: wheelchair access, step-free routes, accessible toilets, hearing loops, and accessible parking bays"
Best Western Abbots Barton Hotel	https://www.kentvenues.co.uk/venues/best-western-abbots-barton-hotel	46	contact	suggestion	No phone number displayed	Add a direct phone number for enquirers who prefer to call
Best Western Abbots Barton Hotel	https://www.kentvenues.co.uk/venues/best-western-abbots-barton-hotel	46	description	suggestion	No guest reviews or testimonials displayed	Collect and display client testimonials to build trust and credibility
Best Western Abbots Barton Hotel	https://www.kentvenues.co.uk/venues/best-western-abbots-barton-hotel	46	facilities	suggestion	Large venue has no individual rooms/spaces listed	"Break the venue into bookable spaces with individual descriptions, capacities, and photos"
Best Western Plus Dover Marina Hotel & Spa	https://www.kentvenues.co.uk/venues/best-western-plus-dover-marina-hotel-spa	54	capacity	critical	No capacity information anywhere on the listing	"Add clear capacity figures: seated capacity, standing/reception capacity, and cabaret/boardroom/theatre layouts for each space"
Best Western Plus Dover Marina Hotel & Spa	https://www.kentvenues.co.uk/venues/best-western-plus-dover-marina-hotel-spa	54	photos	warning	Only 2 photo(s) on the listing	"Add more photos — listings with 5+ images convert significantly better. Cover different spaces, angles, and event set-ups"
Best Western Plus Dover Marina Hotel & Spa	https://www.kentvenues.co.uk/venues/best-western-plus-dover-marina-hotel-spa	54	parking	warning	No parking information on the listing	"Add parking details: number of spaces, on-site vs nearby, disabled bays, EV charging, and any charges"
Best Western Plus Dover Marina Hotel & Spa	https://www.kentvenues.co.uk/venues/best-western-plus-dover-marina-hotel-spa	54	accessibility	warning	No accessibility information on the listing	"Add accessibility details: wheelchair access, step-free routes, accessible toilets, hearing loops, and accessible parking bays"
Best Western Plus Dover Marina Hotel & Spa	https://www.kentvenues.co.uk/venues/best-western-plus-dover-marina-hotel-spa	54	contact	suggestion	No phone number displayed	Add a direct phone number for enquirers who prefer to call
Best Western Plus Dover Marina Hotel & Spa	https://www.kentvenues.co.uk/venues/best-western-plus-dover-marina-hotel-spa	54	description	suggestion	No guest reviews or testimonials displayed	Collect and display client testimonials to build trust and credibility
Bestwestern Clifton Hotel	https://www.kentvenues.co.uk/venues/bestwestern-clifton-hotel	0	contact	critical	DEAD LISTING — URL redirects to a 404 page (venue appears removed from the site)	"Remove the dead URL from the sitemap, or restore/redirect the listing to the venue's current page"
BestWestern Donnington Manor	https://www.kentvenues.co.uk/venues/bestwestern-donnington-manor	34	description	critical	Listing is unclaimed — the description is auto-generated boilerplate	"Claim the listing and replace the auto-generated text with a real description (200+ words) covering character, history, setting and unique selling points"
BestWestern Donnington Manor	https://www.kentvenues.co.uk/venues/bestwestern-donnington-manor	34	description	warning	Description could be more detailed (122 characters)	"Consider adding more details about the venue's atmosphere, capacity ranges, and unique features"
BestWestern Donnington Manor	https://www.kentvenues.co.uk/venues/bestwestern-donnington-manor	34	capacity	critical	No capacity information anywhere on the listing	"Add clear capacity figures: seated capacity, standing/reception capacity, and cabaret/boardroom/theatre layouts for each space"
BestWestern Donnington Manor	https://www.kentvenues.co.uk/venues/bestwestern-donnington-manor	34	photos	suggestion	Only 3 photos — could add more	"Aim for 8-10 photos covering exterior, each main space, and example event set-ups"
BestWestern Donnington Manor	https://www.kentvenues.co.uk/venues/bestwestern-donnington-manor	34	facilities	warning	"Only 2 facilities listed (Wifi, Parking)"	"Expand the amenities list to include everything guests would want to know — WiFi, AV, parking, catering options, accessibility features"
BestWestern Donnington Manor	https://www.kentvenues.co.uk/venues/bestwestern-donnington-manor	34	catering	warning	No catering or food/drink information on the listing	"Clarify catering options: in-house catering, approved caterers list, BYO alcohol policy, and dietary accommodations"
BestWestern Donnington Manor	https://www.kentvenues.co.uk/venues/bestwestern-donnington-manor	34	accessibility	warning	No accessibility information on the listing	"Add accessibility details: wheelchair access, step-free routes, accessible toilets, hearing loops, and accessible parking bays"
BestWestern Donnington Manor	https://www.kentvenues.co.uk/venues/bestwestern-donnington-manor	34	contact	suggestion	No phone number displayed	Add a direct phone number for enquirers who prefer to call
BestWestern Donnington Manor	https://www.kentvenues.co.uk/venues/bestwestern-donnington-manor	34	description	suggestion	No guest reviews or testimonials displayed	Collect and display client testimonials to build trust and credibility
BestWestern Manor Hotel	https://www.kentvenues.co.uk/venues/bestwestern-manor-hotel	35	description	critical	Listing is unclaimed — the description is auto-generated boilerplate	"Claim the listing and replace the auto-generated text with a real description (200+ words) covering character, history, setting and unique selling points"
BestWestern Manor Hotel	https://www.kentvenues.co.uk/venues/bestwestern-manor-hotel	35	description	warning	Description could be more detailed (119 characters)	"Consider adding more details about the venue's atmosphere, capacity ranges, and unique features"
BestWestern Manor Hotel	https://www.kentvenues.co.uk/venues/bestwestern-manor-hotel	35	capacity	critical	No capacity information anywhere on the listing	"Add clear capacity figures: seated capacity, standing/reception capacity, and cabaret/boardroom/theatre layouts for each space"
BestWestern Manor Hotel	https://www.kentvenues.co.uk/venues/bestwestern-manor-hotel	35	facilities	warning	"Only 2 facilities listed (Wifi, Parking)"	"Expand the amenities list to include everything guests would want to know — WiFi, AV, parking, catering options, accessibility features"
BestWestern Manor Hotel	https://www.kentvenues.co.uk/venues/bestwestern-manor-hotel	35	catering	warning	No catering or food/drink information on the listing	"Clarify catering options: in-house catering, approved caterers list, BYO alcohol policy, and dietary accommodations"
BestWestern Manor Hotel	https://www.kentvenues.co.uk/venues/bestwestern-manor-hotel	35	accessibility	warning	No accessibility information on the listing	"Add accessibility details: wheelchair access, step-free routes, accessible toilets, hearing loops, and accessible parking bays"
BestWestern Manor Hotel	https://www.kentvenues.co.uk/venues/bestwestern-manor-hotel	35	contact	warning	"Missing social media link(s): Instagram (shown as a dead ""#"" link)"	"Add the venue's Instagram profile URL(s) — the placeholder ""#"" links look broken to visitors"
BestWestern Manor Hotel	https://www.kentvenues.co.uk/venues/bestwestern-manor-hotel	35	contact	suggestion	No phone number displayed	Add a direct phone number for enquirers who prefer to call
BestWestern Manor Hotel	https://www.kentvenues.co.uk/venues/bestwestern-manor-hotel	35	description	suggestion	No guest reviews or testimonials displayed	Collect and display client testimonials to build trust and credibility
BestWestern Rose & Crown Hotel	https://www.kentvenues.co.uk/venues/bestwestern-rose-crown-hotel	31	description	critical	Listing is unclaimed — the description is auto-generated boilerplate	"Claim the listing and replace the auto-generated text with a real description (200+ words) covering character, history, setting and unique selling points"
BestWestern Rose & Crown Hotel	https://www.kentvenues.co.uk/venues/bestwestern-rose-crown-hotel	31	description	warning	Description is very short (30 characters)	"Expand the description to at least 200 characters covering key details like venue style, setting, and ideal event types"
BestWestern Rose & Crown Hotel	https://www.kentvenues.co.uk/venues/bestwestern-rose-crown-hotel	31	capacity	critical	No capacity information anywhere on the listing	"Add clear capacity figures: seated capacity, standing/reception capacity, and cabaret/boardroom/theatre layouts for each space"
BestWestern Rose & Crown Hotel	https://www.kentvenues.co.uk/venues/bestwestern-rose-crown-hotel	31	facilities	warning	"Only 2 facilities listed (Wifi, Parking)"	"Expand the amenities list to include everything guests would want to know — WiFi, AV, parking, catering options, accessibility features"
BestWestern Rose & Crown Hotel	https://www.kentvenues.co.uk/venues/bestwestern-rose-crown-hotel	31	catering	warning	No catering or food/drink information on the listing	"Clarify catering options: in-house catering, approved caterers list, BYO alcohol policy, and dietary accommodations"
BestWestern Rose & Crown Hotel	https://www.kentvenues.co.uk/venues/bestwestern-rose-crown-hotel	31	accessibility	warning	No accessibility information on the listing	"Add accessibility details: wheelchair access, step-free routes, accessible toilets, hearing loops, and accessible parking bays"
BestWestern Rose & Crown Hotel	https://www.kentvenues.co.uk/venues/bestwestern-rose-crown-hotel	31	contact	suggestion	No venue website link on the listing	Embed or link the venue's own website so visitors can research further
BestWestern Rose & Crown Hotel	https://www.kentvenues.co.uk/venues/bestwestern-rose-crown-hotel	31	contact	suggestion	No phone number displayed	Add a direct phone number for enquirers who prefer to call
BestWestern Rose & Crown Hotel	https://www.kentvenues.co.uk/venues/bestwestern-rose-crown-hotel	31	description	suggestion	No guest reviews or testimonials displayed	Collect and display client testimonials to build trust and credibility
BestWestern Stade Court Hotel	https://www.kentvenues.co.uk/venues/bestwestern-stade-court-hotel	17	description	critical	Listing is unclaimed — the description is auto-generated boilerplate	"Claim the listing and replace the auto-generated text with a real description (200+ words) covering character, history, setting and unique selling points"
BestWestern Stade Court Hotel	https://www.kentvenues.co.uk/venues/bestwestern-stade-court-hotel	17	description	warning	Description is very short (85 characters)	"Expand the description to at least 200 characters covering key details like venue style, setting, and ideal event types"
BestWestern Stade Court Hotel	https://www.kentvenues.co.uk/venues/bestwestern-stade-court-hotel	17	capacity	critical	No capacity information anywhere on the listing	"Add clear capacity figures: seated capacity, standing/reception capacity, and cabaret/boardroom/theatre layouts for each space"
BestWestern Stade Court Hotel	https://www.kentvenues.co.uk/venues/bestwestern-stade-court-hotel	17	photos	suggestion	Only 4 photos — could add more	"Aim for 8-10 photos covering exterior, each main space, and example event set-ups"
BestWestern Stade Court Hotel	https://www.kentvenues.co.uk/venues/bestwestern-stade-court-hotel	17	facilities	warning	Only 1 facilities listed (Wifi)	"Expand the amenities list to include everything guests would want to know — WiFi, AV, parking, catering options, accessibility features"
BestWestern Stade Court Hotel	https://www.kentvenues.co.uk/venues/bestwestern-stade-court-hotel	17	parking	warning	No parking information on the listing	"Add parking details: number of spaces, on-site vs nearby, disabled bays, EV charging, and any charges"
BestWestern Stade Court Hotel	https://www.kentvenues.co.uk/venues/bestwestern-stade-court-hotel	17	catering	warning	No catering or food/drink information on the listing	"Clarify catering options: in-house catering, approved caterers list, BYO alcohol policy, and dietary accommodations"
BestWestern Stade Court Hotel	https://www.kentvenues.co.uk/venues/bestwestern-stade-court-hotel	17	accessibility	warning	No accessibility information on the listing	"Add accessibility details: wheelchair access, step-free routes, accessible toilets, hearing loops, and accessible parking bays"
BestWestern Stade Court Hotel	https://www.kentvenues.co.uk/venues/bestwestern-stade-court-hotel	17	contact	warning	"Missing social media link(s): Instagram (shown as a dead ""#"" link)"	"Add the venue's Instagram profile URL(s) — the placeholder ""#"" links look broken to visitors"
BestWestern Stade Court Hotel	https://www.kentvenues.co.uk/venues/bestwestern-stade-court-hotel	17	contact	suggestion	No phone number displayed	Add a direct phone number for enquirers who prefer to call
BestWestern Stade Court Hotel	https://www.kentvenues.co.uk/venues/bestwestern-stade-court-hotel	17	description	suggestion	No guest reviews or testimonials displayed	Collect and display client testimonials to build trust and credibility
Bewl Water	https://www.kentvenues.co.uk/venues/bewl-water-2	72	photos	critical	No photographs on the listing	"Add a minimum of 5 high-quality photographs showing the venue exterior, main spaces, and set-up examples"
Bewl Water	https://www.kentvenues.co.uk/venues/bewl-water-2	72	facilities	warning	"Only 2 facilities listed (Wifi, Parking)"	"Expand the amenities list to include everything guests would want to know — WiFi, AV, parking, catering options, accessibility features"
Bewl Water	https://www.kentvenues.co.uk/venues/bewl-water-2	72	description	suggestion	No guest reviews or testimonials displayed	Collect and display client testimonials to build trust and credibility
Bexleyheath Marriott Hotel	https://www.kentvenues.co.uk/venues/bexleyheath-marriott-hotel	39	description	critical	Listing is unclaimed — the description is auto-generated boilerplate	"Claim the listing and replace the auto-generated text with a real description (200+ words) covering character, history, setting and unique selling points"
Bexleyheath Marriott Hotel	https://www.kentvenues.co.uk/venues/bexleyheath-marriott-hotel	39	description	warning	Description could be more detailed (125 characters)	"Consider adding more details about the venue's atmosphere, capacity ranges, and unique features"
Bexleyheath Marriott Hotel	https://www.kentvenues.co.uk/venues/bexleyheath-marriott-hotel	39	capacity	critical	No capacity information anywhere on the listing	"Add clear capacity figures: seated capacity, standing/reception capacity, and cabaret/boardroom/theatre layouts for each space"
Bexleyheath Marriott Hotel	https://www.kentvenues.co.uk/venues/bexleyheath-marriott-hotel	39	photos	suggestion	Only 4 photos — could add more	"Aim for 8-10 photos covering exterior, each main space, and example event set-ups"
Bexleyheath Marriott Hotel	https://www.kentvenues.co.uk/venues/bexleyheath-marriott-hotel	39	catering	warning	No catering or food/drink information on the listing	"Clarify catering options: in-house catering, approved caterers list, BYO alcohol policy, and dietary accommodations"
Bexleyheath Marriott Hotel	https://www.kentvenues.co.uk/venues/bexleyheath-marriott-hotel	39	accessibility	warning	No accessibility information on the listing	"Add accessibility details: wheelchair access, step-free routes, accessible toilets, hearing loops, and accessible parking bays"
Bexleyheath Marriott Hotel	https://www.kentvenues.co.uk/venues/bexleyheath-marriott-hotel	39	contact	suggestion	No phone number displayed	Add a direct phone number for enquirers who prefer to call
Bexleyheath Marriott Hotel	https://www.kentvenues.co.uk/venues/bexleyheath-marriott-hotel	39	description	suggestion	No guest reviews or testimonials displayed	Collect and display client testimonials to build trust and credibility
Biddenden Vineyards	https://www.kentvenues.co.uk/venues/biddenden-vineyards-2	52	facilities	critical	No facilities or amenities listed	"Add a complete amenities list: WiFi, AV equipment, heating, air conditioning, kitchen access, etc."
Biddenden Vineyards	https://www.kentvenues.co.uk/venues/biddenden-vineyards-2	52	parking	warning	No parking information on the listing	"Add parking details: number of spaces, on-site vs nearby, disabled bays, EV charging, and any charges"
Biddenden Vineyards	https://www.kentvenues.co.uk/venues/biddenden-vineyards-2	52	catering	warning	No catering or food/drink information on the listing	"Clarify catering options: in-house catering, approved caterers list, BYO alcohol policy, and dietary accommodations"
Biddenden Vineyards	https://www.kentvenues.co.uk/venues/biddenden-vineyards-2	52	accommodation	info	No accommodation details on the listing	"If on-site accommodation exists, add room count, types and pricing. If not, mention nearby hotel options for wedding parties"
Biddenden Vineyards	https://www.kentvenues.co.uk/venues/biddenden-vineyards-2	52	accessibility	warning	No accessibility information on the listing	"Add accessibility details: wheelchair access, step-free routes, accessible toilets, hearing loops, and accessible parking bays"
Biddenden Vineyards	https://www.kentvenues.co.uk/venues/biddenden-vineyards-2	52	contact	suggestion	No phone number displayed	Add a direct phone number for enquirers who prefer to call
Biddenden Vineyards	https://www.kentvenues.co.uk/venues/biddenden-vineyards-2	52	description	suggestion	No guest reviews or testimonials displayed	Collect and display client testimonials to build trust and credibility
Bilsington Festival Fields	https://www.kentvenues.co.uk/venues/bilsington-festival-fields	16	description	warning	Description could be more detailed (166 characters)	"Consider adding more details about the venue's atmosphere, capacity ranges, and unique features"
Bilsington Festival Fields	https://www.kentvenues.co.uk/venues/bilsington-festival-fields	16	capacity	critical	No capacity information anywhere on the listing	"Add clear capacity figures: seated capacity, standing/reception capacity, and cabaret/boardroom/theatre layouts for each space"
Bilsington Festival Fields	https://www.kentvenues.co.uk/venues/bilsington-festival-fields	16	photos	warning	Only 1 photo(s) on the listing	"Add more photos — listings with 5+ images convert significantly better. Cover different spaces, angles, and event set-ups"
Bilsington Festival Fields	https://www.kentvenues.co.uk/venues/bilsington-festival-fields	16	facilities	critical	No facilities or amenities listed	"Add a complete amenities list: WiFi, AV equipment, heating, air conditioning, kitchen access, etc."
Bilsington Festival Fields	https://www.kentvenues.co.uk/venues/bilsington-festival-fields	16	parking	warning	No parking information on the listing	"Add parking details: number of spaces, on-site vs nearby, disabled bays, EV charging, and any charges"
Bilsington Festival Fields	https://www.kentvenues.co.uk/venues/bilsington-festival-fields	16	catering	warning	No catering or food/drink information on the listing	"Clarify catering options: in-house catering, approved caterers list, BYO alcohol policy, and dietary accommodations"
Bilsington Festival Fields	https://www.kentvenues.co.uk/venues/bilsington-festival-fields	16	accommodation	info	No accommodation details on the listing	"If on-site accommodation exists, add room count, types and pricing. If not, mention nearby hotel options for wedding parties"
Bilsington Festival Fields	https://www.kentvenues.co.uk/venues/bilsington-festival-fields	16	accessibility	warning	No accessibility information on the listing	"Add accessibility details: wheelchair access, step-free routes, accessible toilets, hearing loops, and accessible parking bays"
Bilsington Festival Fields	https://www.kentvenues.co.uk/venues/bilsington-festival-fields	16	contact	warning	No social media links — all three social icons are unfilled placeholders	"Add the venue's Facebook, Twitter/X and Instagram profile URLs"
Bilsington Festival Fields	https://www.kentvenues.co.uk/venues/bilsington-festival-fields	16	contact	suggestion	No phone number displayed	Add a direct phone number for enquirers who prefer to call
Bilsington Festival Fields	https://www.kentvenues.co.uk/venues/bilsington-festival-fields	16	description	suggestion	No guest reviews or testimonials displayed	Collect and display client testimonials to build trust and credibility
Birchwood Park Golf Centre	https://www.kentvenues.co.uk/venues/birchwood-park-golf-centre	40	description	critical	Listing is unclaimed — the description is auto-generated boilerplate	"Claim the listing and replace the auto-generated text with a real description (200+ words) covering character, history, setting and unique selling points"
Birchwood Park Golf Centre	https://www.kentvenues.co.uk/venues/birchwood-park-golf-centre	40	description	warning	Description could be more detailed (136 characters)	"Consider adding more details about the venue's atmosphere, capacity ranges, and unique features"
Birchwood Park Golf Centre	https://www.kentvenues.co.uk/venues/birchwood-park-golf-centre	40	capacity	critical	No capacity information anywhere on the listing	"Add clear capacity figures: seated capacity, standing/reception capacity, and cabaret/boardroom/theatre layouts for each space"
Birchwood Park Golf Centre	https://www.kentvenues.co.uk/venues/birchwood-park-golf-centre	40	catering	warning	No catering or food/drink information on the listing	"Clarify catering options: in-house catering, approved caterers list, BYO alcohol policy, and dietary accommodations"
Birchwood Park Golf Centre	https://www.kentvenues.co.uk/venues/birchwood-park-golf-centre	40	accommodation	info	No accommodation details on the listing	"If on-site accommodation exists, add room count, types and pricing. If not, mention nearby hotel options for wedding parties"
Birchwood Park Golf Centre	https://www.kentvenues.co.uk/venues/birchwood-park-golf-centre	40	accessibility	warning	No accessibility information on the listing	"Add accessibility details: wheelchair access, step-free routes, accessible toilets, hearing loops, and accessible parking bays"
Birchwood Park Golf Centre	https://www.kentvenues.co.uk/venues/birchwood-park-golf-centre	40	contact	suggestion	No phone number displayed	Add a direct phone number for enquirers who prefer to call
Birchwood Park Golf Centre	https://www.kentvenues.co.uk/venues/birchwood-park-golf-centre	40	description	suggestion	No guest reviews or testimonials displayed	Collect and display client testimonials to build trust and credibility
Bloomsburys Biddenden	https://www.kentvenues.co.uk/venues/bloomsburys-biddenden	60	capacity	critical	No capacity information anywhere on the listing	"Add clear capacity figures: seated capacity, standing/reception capacity, and cabaret/boardroom/theatre layouts for each space"
Bloomsburys Biddenden	https://www.kentvenues.co.uk/venues/bloomsburys-biddenden	60	parking	warning	No parking information on the listing	"Add parking details: number of spaces, on-site vs nearby, disabled bays, EV charging, and any charges"
Bloomsburys Biddenden	https://www.kentvenues.co.uk/venues/bloomsburys-biddenden	60	accessibility	warning	No accessibility information on the listing	"Add accessibility details: wheelchair access, step-free routes, accessible toilets, hearing loops, and accessible parking bays"
Bloomsburys Biddenden	https://www.kentvenues.co.uk/venues/bloomsburys-biddenden	60	contact	warning	"Missing social media link(s): Twitter/X, Instagram (shown as a dead ""#"" link)"	"Add the venue's Twitter/X and Instagram profile URL(s) — the placeholder ""#"" links look broken to visitors"
Bloomsburys Biddenden	https://www.kentvenues.co.uk/venues/bloomsburys-biddenden	60	contact	suggestion	No phone number displayed	Add a direct phone number for enquirers who prefer to call
Bloomsburys Biddenden	https://www.kentvenues.co.uk/venues/bloomsburys-biddenden	60	description	suggestion	No guest reviews or testimonials displayed	Collect and display client testimonials to build trust and credibility
Blue Pigeons Hotel	https://www.kentvenues.co.uk/venues/blue-pigeons-hotel	50	description	warning	Description could be more detailed (145 characters)	"Consider adding more details about the venue's atmosphere, capacity ranges, and unique features"
Blue Pigeons Hotel	https://www.kentvenues.co.uk/venues/blue-pigeons-hotel	50	capacity	critical	No capacity information anywhere on the listing	"Add clear capacity figures: seated capacity, standing/reception capacity, and cabaret/boardroom/theatre layouts for each space"
Blue Pigeons Hotel	https://www.kentvenues.co.uk/venues/blue-pigeons-hotel	50	facilities	warning	"Only 2 facilities listed (HD TV, Wifi)"	"Expand the amenities list to include everything guests would want to know — WiFi, AV, parking, catering options, accessibility features"
Blue Pigeons Hotel	https://www.kentvenues.co.uk/venues/blue-pigeons-hotel	50	parking	warning	No parking information on the listing	"Add parking details: number of spaces, on-site vs nearby, disabled bays, EV charging, and any charges"
Blue Pigeons Hotel	https://www.kentvenues.co.uk/venues/blue-pigeons-hotel	50	accommodation	info	No accommodation details on the listing	"If on-site accommodation exists, add room count, types and pricing. If not, mention nearby hotel options for wedding parties"
Blue Pigeons Hotel	https://www.kentvenues.co.uk/venues/blue-pigeons-hotel	50	accessibility	warning	No accessibility information on the listing	"Add accessibility details: wheelchair access, step-free routes, accessible toilets, hearing loops, and accessible parking bays"
Blue Pigeons Hotel	https://www.kentvenues.co.uk/venues/blue-pigeons-hotel	50	contact	suggestion	No phone number displayed	Add a direct phone number for enquirers who prefer to call
Blue Pigeons Hotel	https://www.kentvenues.co.uk/venues/blue-pigeons-hotel	50	description	suggestion	No guest reviews or testimonials displayed	Collect and display client testimonials to build trust and credibility
Bluebirds Function Rooms	https://www.kentvenues.co.uk/venues/bluebirds-function-rooms	33	description	warning	Description is very short (54 characters)	"Expand the description to at least 200 characters covering key details like venue style, setting, and ideal event types"
Bluebirds Function Rooms	https://www.kentvenues.co.uk/venues/bluebirds-function-rooms	33	photos	suggestion	Only 3 photos — could add more	"Aim for 8-10 photos covering exterior, each main space, and example event set-ups"
Bluebirds Function Rooms	https://www.kentvenues.co.uk/venues/bluebirds-function-rooms	33	facilities	critical	No facilities or amenities listed	"Add a complete amenities list: WiFi, AV equipment, heating, air conditioning, kitchen access, etc."
Bluebirds Function Rooms	https://www.kentvenues.co.uk/venues/bluebirds-function-rooms	33	parking	warning	No parking information on the listing	"Add parking details: number of spaces, on-site vs nearby, disabled bays, EV charging, and any charges"
Bluebirds Function Rooms	https://www.kentvenues.co.uk/venues/bluebirds-function-rooms	33	catering	warning	No catering or food/drink information on the listing	"Clarify catering options: in-house catering, approved caterers list, BYO alcohol policy, and dietary accommodations"
Bluebirds Function Rooms	https://www.kentvenues.co.uk/venues/bluebirds-function-rooms	33	accommodation	info	No accommodation details on the listing	"If on-site accommodation exists, add room count, types and pricing. If not, mention nearby hotel options for wedding parties"
Bluebirds Function Rooms	https://www.kentvenues.co.uk/venues/bluebirds-function-rooms	33	accessibility	warning	No accessibility information on the listing	"Add accessibility details: wheelchair access, step-free routes, accessible toilets, hearing loops, and accessible parking bays"
Bluebirds Function Rooms	https://www.kentvenues.co.uk/venues/bluebirds-function-rooms	33	contact	warning	"Missing social media link(s): Twitter/X, Instagram (shown as a dead ""#"" link)"	"Add the venue's Twitter/X and Instagram profile URL(s) — the placeholder ""#"" links look broken to visitors"
Bluebirds Function Rooms	https://www.kentvenues.co.uk/venues/bluebirds-function-rooms	33	contact	suggestion	No phone number displayed	Add a direct phone number for enquirers who prefer to call
Bluebirds Function Rooms	https://www.kentvenues.co.uk/venues/bluebirds-function-rooms	33	description	suggestion	No guest reviews or testimonials displayed	Collect and display client testimonials to build trust and credibility
Bodiam Castle	https://www.kentvenues.co.uk/venues/bodiam-castle	68	capacity	critical	No capacity information anywhere on the listing	"Add clear capacity figures: seated capacity, standing/reception capacity, and cabaret/boardroom/theatre layouts for each space"
Bodiam Castle	https://www.kentvenues.co.uk/venues/bodiam-castle	68	photos	suggestion	Only 3 photos — could add more	"Aim for 8-10 photos covering exterior, each main space, and example event set-ups"
Bodiam Castle	https://www.kentvenues.co.uk/venues/bodiam-castle	68	accommodation	info	No accommodation details on the listing	"If on-site accommodation exists, add room count, types and pricing. If not, mention nearby hotel options for wedding parties"
Bodiam Castle	https://www.kentvenues.co.uk/venues/bodiam-castle	68	contact	suggestion	No phone number displayed	Add a direct phone number for enquirers who prefer to call
Bodiam Castle	https://www.kentvenues.co.uk/venues/bodiam-castle	68	description	suggestion	No guest reviews or testimonials displayed	Collect and display client testimonials to build trust and credibility
Bodiam Castle	https://www.kentvenues.co.uk/venues/bodiam-castle	68	facilities	suggestion	Large venue has no individual rooms/spaces listed	"Break the venue into bookable spaces with individual descriptions, capacities, and photos"
Bore Place	https://www.kentvenues.co.uk/venues/bore-place	59	capacity	critical	No capacity information anywhere on the listing	"Add clear capacity figures: seated capacity, standing/reception capacity, and cabaret/boardroom/theatre layouts for each space"
Bore Place	https://www.kentvenues.co.uk/venues/bore-place	59	facilities	warning	Only 1 facilities listed (Accommodation)	"Expand the amenities list to include everything guests would want to know — WiFi, AV, parking, catering options, accessibility features"
Bore Place	https://www.kentvenues.co.uk/venues/bore-place	59	parking	warning	No parking information on the listing	"Add parking details: number of spaces, on-site vs nearby, disabled bays, EV charging, and any charges"
Bore Place	https://www.kentvenues.co.uk/venues/bore-place	59	accessibility	warning	No accessibility information on the listing	"Add accessibility details: wheelchair access, step-free routes, accessible toilets, hearing loops, and accessible parking bays"
Bore Place	https://www.kentvenues.co.uk/venues/bore-place	59	contact	suggestion	No phone number displayed	Add a direct phone number for enquirers who prefer to call
Bore Place	https://www.kentvenues.co.uk/venues/bore-place	59	description	suggestion	No guest reviews or testimonials displayed	Collect and display client testimonials to build trust and credibility
Botany Bay Hotel	https://www.kentvenues.co.uk/venues/botany-bay-hotel	29	description	critical	Listing is unclaimed — the description is auto-generated boilerplate	"Claim the listing and replace the auto-generated text with a real description (200+ words) covering character, history, setting and unique selling points"
Botany Bay Hotel	https://www.kentvenues.co.uk/venues/botany-bay-hotel	29	description	warning	Description is very short (87 characters)	"Expand the description to at least 200 characters covering key details like venue style, setting, and ideal event types"
Botany Bay Hotel	https://www.kentvenues.co.uk/venues/botany-bay-hotel	29	capacity	critical	No capacity information anywhere on the listing	"Add clear capacity figures: seated capacity, standing/reception capacity, and cabaret/boardroom/theatre layouts for each space"
Botany Bay Hotel	https://www.kentvenues.co.uk/venues/botany-bay-hotel	29	photos	suggestion	Only 3 photos — could add more	"Aim for 8-10 photos covering exterior, each main space, and example event set-ups"
Botany Bay Hotel	https://www.kentvenues.co.uk/venues/botany-bay-hotel	29	facilities	warning	"Only 2 facilities listed (Wifi, Parking)"	"Expand the amenities list to include everything guests would want to know — WiFi, AV, parking, catering options, accessibility features"
Botany Bay Hotel	https://www.kentvenues.co.uk/venues/botany-bay-hotel	29	catering	warning	No catering or food/drink information on the listing	"Clarify catering options: in-house catering, approved caterers list, BYO alcohol policy, and dietary accommodations"
Botany Bay Hotel	https://www.kentvenues.co.uk/venues/botany-bay-hotel	29	accessibility	warning	No accessibility information on the listing	"Add accessibility details: wheelchair access, step-free routes, accessible toilets, hearing loops, and accessible parking bays"
Botany Bay Hotel	https://www.kentvenues.co.uk/venues/botany-bay-hotel	29	contact	suggestion	No phone number displayed	Add a direct phone number for enquirers who prefer to call
Botany Bay Hotel	https://www.kentvenues.co.uk/venues/botany-bay-hotel	29	description	suggestion	No guest reviews or testimonials displayed	Collect and display client testimonials to build trust and credibility
Boughton Golf Club	https://www.kentvenues.co.uk/venues/boughton-golf-club	12	description	critical	Listing is unclaimed — the description is auto-generated boilerplate	"Claim the listing and replace the auto-generated text with a real description (200+ words) covering character, history, setting and unique selling points"
Boughton Golf Club	https://www.kentvenues.co.uk/venues/boughton-golf-club	12	photos	critical	No photographs on the listing	"Add a minimum of 5 high-quality photographs showing the venue exterior, main spaces, and set-up examples"
Boughton Golf Club	https://www.kentvenues.co.uk/venues/boughton-golf-club	12	facilities	critical	No facilities or amenities listed	"Add a complete amenities list: WiFi, AV equipment, heating, air conditioning, kitchen access, etc."
Boughton Golf Club	https://www.kentvenues.co.uk/venues/boughton-golf-club	12	parking	warning	No parking information on the listing	"Add parking details: number of spaces, on-site vs nearby, disabled bays, EV charging, and any charges"
Boughton Golf Club	https://www.kentvenues.co.uk/venues/boughton-golf-club	12	catering	warning	No catering or food/drink information on the listing	"Clarify catering options: in-house catering, approved caterers list, BYO alcohol policy, and dietary accommodations"
Boughton Golf Club	https://www.kentvenues.co.uk/venues/boughton-golf-club	12	accessibility	warning	No accessibility information on the listing	"Add accessibility details: wheelchair access, step-free routes, accessible toilets, hearing loops, and accessible parking bays"
Boughton Golf Club	https://www.kentvenues.co.uk/venues/boughton-golf-club	12	contact	warning	No social media links — all three social icons are unfilled placeholders	"Add the venue's Facebook, Twitter/X and Instagram profile URLs"
Boughton Golf Club	https://www.kentvenues.co.uk/venues/boughton-golf-club	12	contact	suggestion	No phone number displayed	Add a direct phone number for enquirers who prefer to call
Boughton Golf Club	https://www.kentvenues.co.uk/venues/boughton-golf-club	12	description	suggestion	No guest reviews or testimonials displayed	Collect and display client testimonials to build trust and credibility
Boughton Golf Club	https://www.kentvenues.co.uk/venues/boughton-golf-club	12	facilities	suggestion	Large venue has no individual rooms/spaces listed	"Break the venue into bookable spaces with individual descriptions, capacities, and photos"
Bowles	https://www.kentvenues.co.uk/venues/bowles	72	facilities	critical	No facilities or amenities listed	"Add a complete amenities list: WiFi, AV equipment, heating, air conditioning, kitchen access, etc."
Bowles	https://www.kentvenues.co.uk/venues/bowles	72	accessibility	warning	No accessibility information on the listing	"Add accessibility details: wheelchair access, step-free routes, accessible toilets, hearing loops, and accessible parking bays"
Bowles	https://www.kentvenues.co.uk/venues/bowles	72	contact	suggestion	No phone number displayed	Add a direct phone number for enquirers who prefer to call
Bowles	https://www.kentvenues.co.uk/venues/bowles	72	description	suggestion	No guest reviews or testimonials displayed	Collect and display client testimonials to build trust and credibility
Boxley Abbey	https://www.kentvenues.co.uk/venues/boxley-abbey	4	description	warning	Description is very short (58 characters)	"Expand the description to at least 200 characters covering key details like venue style, setting, and ideal event types"
Boxley Abbey	https://www.kentvenues.co.uk/venues/boxley-abbey	4	capacity	critical	No capacity information anywhere on the listing	"Add clear capacity figures: seated capacity, standing/reception capacity, and cabaret/boardroom/theatre layouts for each space"
Boxley Abbey	https://www.kentvenues.co.uk/venues/boxley-abbey	4	photos	warning	Only 1 photo(s) on the listing	"Add more photos — listings with 5+ images convert significantly better. Cover different spaces, angles, and event set-ups"
Boxley Abbey	https://www.kentvenues.co.uk/venues/boxley-abbey	4	facilities	critical	No facilities or amenities listed	"Add a complete amenities list: WiFi, AV equipment, heating, air conditioning, kitchen access, etc."
Boxley Abbey	https://www.kentvenues.co.uk/venues/boxley-abbey	4	parking	warning	No parking information on the listing	"Add parking details: number of spaces, on-site vs nearby, disabled bays, EV charging, and any charges"
Boxley Abbey	https://www.kentvenues.co.uk/venues/boxley-abbey	4	catering	warning	No catering or food/drink information on the listing	"Clarify catering options: in-house catering, approved caterers list, BYO alcohol policy, and dietary accommodations"
Boxley Abbey	https://www.kentvenues.co.uk/venues/boxley-abbey	4	accommodation	info	No accommodation details on the listing	"If on-site accommodation exists, add room count, types and pricing. If not, mention nearby hotel options for wedding parties"
Boxley Abbey	https://www.kentvenues.co.uk/venues/boxley-abbey	4	accessibility	warning	No accessibility information on the listing	"Add accessibility details: wheelchair access, step-free routes, accessible toilets, hearing loops, and accessible parking bays"
Boxley Abbey	https://www.kentvenues.co.uk/venues/boxley-abbey	4	contact	critical	"No contact information at all — no email, no social media, no website link"	Add at minimum a contact email and the venue's website and social media links so enquirers can reach the venue directly
Boxley Abbey	https://www.kentvenues.co.uk/venues/boxley-abbey	4	description	suggestion	No guest reviews or testimonials displayed	Collect and display client testimonials to build trust and credibility
Boys Hall Manor	https://www.kentvenues.co.uk/venues/boys-hall-manor	21	description	critical	Listing is unclaimed — the description is auto-generated boilerplate	"Claim the listing and replace the auto-generated text with a real description (200+ words) covering character, history, setting and unique selling points"
Boys Hall Manor	https://www.kentvenues.co.uk/venues/boys-hall-manor	21	description	warning	Description is very short (90 characters)	"Expand the description to at least 200 characters covering key details like venue style, setting, and ideal event types"
Boys Hall Manor	https://www.kentvenues.co.uk/venues/boys-hall-manor	21	capacity	critical	No capacity information anywhere on the listing	"Add clear capacity figures: seated capacity, standing/reception capacity, and cabaret/boardroom/theatre layouts for each space"
Boys Hall Manor	https://www.kentvenues.co.uk/venues/boys-hall-manor	21	photos	suggestion	Only 3 photos — could add more	"Aim for 8-10 photos covering exterior, each main space, and example event set-ups"
Boys Hall Manor	https://www.kentvenues.co.uk/venues/boys-hall-manor	21	facilities	warning	"Only 2 facilities listed (Wifi, Parking)"	"Expand the amenities list to include everything guests would want to know — WiFi, AV, parking, catering options, accessibility features"
Boys Hall Manor	https://www.kentvenues.co.uk/venues/boys-hall-manor	21	catering	warning	No catering or food/drink information on the listing	"Clarify catering options: in-house catering, approved caterers list, BYO alcohol policy, and dietary accommodations"
Boys Hall Manor	https://www.kentvenues.co.uk/venues/boys-hall-manor	21	accommodation	info	No accommodation details on the listing	"If on-site accommodation exists, add room count, types and pricing. If not, mention nearby hotel options for wedding parties"
Boys Hall Manor	https://www.kentvenues.co.uk/venues/boys-hall-manor	21	accessibility	warning	No accessibility information on the listing	"Add accessibility details: wheelchair access, step-free routes, accessible toilets, hearing loops, and accessible parking bays"
Boys Hall Manor	https://www.kentvenues.co.uk/venues/boys-hall-manor	21	contact	warning	"Missing social media link(s): Twitter/X (shown as a dead ""#"" link)"	"Add the venue's Twitter/X profile URL(s) — the placeholder ""#"" links look broken to visitors"
Boys Hall Manor	https://www.kentvenues.co.uk/venues/boys-hall-manor	21	contact	suggestion	No phone number displayed	Add a direct phone number for enquirers who prefer to call
Boys Hall Manor	https://www.kentvenues.co.uk/venues/boys-hall-manor	21	description	suggestion	No guest reviews or testimonials displayed	Collect and display client testimonials to build trust and credibility
Bradbourne House	https://www.kentvenues.co.uk/venues/bradbourne-house	47	capacity	critical	No capacity information anywhere on the listing	"Add clear capacity figures: seated capacity, standing/reception capacity, and cabaret/boardroom/theatre layouts for each space"
Bradbourne House	https://www.kentvenues.co.uk/venues/bradbourne-house	47	facilities	warning	Only 1 facilities listed (Wedding Licence)	"Expand the amenities list to include everything guests would want to know — WiFi, AV, parking, catering options, accessibility features"
Bradbourne House	https://www.kentvenues.co.uk/venues/bradbourne-house	47	parking	warning	No parking information on the listing	"Add parking details: number of spaces, on-site vs nearby, disabled bays, EV charging, and any charges"
Bradbourne House	https://www.kentvenues.co.uk/venues/bradbourne-house	47	catering	warning	No catering or food/drink information on the listing	"Clarify catering options: in-house catering, approved caterers list, BYO alcohol policy, and dietary accommodations"
Bradbourne House	https://www.kentvenues.co.uk/venues/bradbourne-house	47	accommodation	info	No accommodation details on the listing	"If on-site accommodation exists, add room count, types and pricing. If not, mention nearby hotel options for wedding parties"
Bradbourne House	https://www.kentvenues.co.uk/venues/bradbourne-house	47	accessibility	warning	No accessibility information on the listing	"Add accessibility details: wheelchair access, step-free routes, accessible toilets, hearing loops, and accessible parking bays"
Bradbourne House	https://www.kentvenues.co.uk/venues/bradbourne-house	47	contact	suggestion	No phone number displayed	Add a direct phone number for enquirers who prefer to call
Bradbourne House	https://www.kentvenues.co.uk/venues/bradbourne-house	47	description	suggestion	No guest reviews or testimonials displayed	Collect and display client testimonials to build trust and credibility
Brands Hatch Race Circuit	https://www.kentvenues.co.uk/venues/brands-hatch-race-circuit	8	description	critical	Listing is unclaimed — the description is auto-generated boilerplate	"Claim the listing and replace the auto-generated text with a real description (200+ words) covering character, history, setting and unique selling points"
Brands Hatch Race Circuit	https://www.kentvenues.co.uk/venues/brands-hatch-race-circuit	8	description	warning	Description could be more detailed (105 characters)	"Consider adding more details about the venue's atmosphere, capacity ranges, and unique features"
Brands Hatch Race Circuit	https://www.kentvenues.co.uk/venues/brands-hatch-race-circuit	8	capacity	critical	No capacity information anywhere on the listing	"Add clear capacity figures: seated capacity, standing/reception capacity, and cabaret/boardroom/theatre layouts for each space"
Brands Hatch Race Circuit	https://www.kentvenues.co.uk/venues/brands-hatch-race-circuit	8	photos	suggestion	Only 3 photos — could add more	"Aim for 8-10 photos covering exterior, each main space, and example event set-ups"
Brands Hatch Race Circuit	https://www.kentvenues.co.uk/venues/brands-hatch-race-circuit	8	facilities	critical	No facilities or amenities listed	"Add a complete amenities list: WiFi, AV equipment, heating, air conditioning, kitchen access, etc."
Brands Hatch Race Circuit	https://www.kentvenues.co.uk/venues/brands-hatch-race-circuit	8	parking	warning	No parking information on the listing	"Add parking details: number of spaces, on-site vs nearby, disabled bays, EV charging, and any charges"
Brands Hatch Race Circuit	https://www.kentvenues.co.uk/venues/brands-hatch-race-circuit	8	catering	warning	No catering or food/drink information on the listing	"Clarify catering options: in-house catering, approved caterers list, BYO alcohol policy, and dietary accommodations"
Brands Hatch Race Circuit	https://www.kentvenues.co.uk/venues/brands-hatch-race-circuit	8	accommodation	info	No accommodation details on the listing	"If on-site accommodation exists, add room count, types and pricing. If not, mention nearby hotel options for wedding parties"
Brands Hatch Race Circuit	https://www.kentvenues.co.uk/venues/brands-hatch-race-circuit	8	accessibility	warning	No accessibility information on the listing	"Add accessibility details: wheelchair access, step-free routes, accessible toilets, hearing loops, and accessible parking bays"
Brands Hatch Race Circuit	https://www.kentvenues.co.uk/venues/brands-hatch-race-circuit	8	contact	warning	"Missing social media link(s): Instagram (shown as a dead ""#"" link)"	"Add the venue's Instagram profile URL(s) — the placeholder ""#"" links look broken to visitors"
Brands Hatch Race Circuit	https://www.kentvenues.co.uk/venues/brands-hatch-race-circuit	8	contact	suggestion	No phone number displayed	Add a direct phone number for enquirers who prefer to call
Brands Hatch Race Circuit	https://www.kentvenues.co.uk/venues/brands-hatch-race-circuit	8	description	suggestion	No guest reviews or testimonials displayed	Collect and display client testimonials to build trust and credibility
Brandshatch Place Hotel	https://www.kentvenues.co.uk/venues/brandshatch-place-hotel	42	description	critical	Listing is unclaimed — the description is auto-generated boilerplate	"Claim the listing and replace the auto-generated text with a real description (200+ words) covering character, history, setting and unique selling points"
Brandshatch Place Hotel	https://www.kentvenues.co.uk/venues/brandshatch-place-hotel	42	description	warning	Description is very short (96 characters)	"Expand the description to at least 200 characters covering key details like venue style, setting, and ideal event types"
Brandshatch Place Hotel	https://www.kentvenues.co.uk/venues/brandshatch-place-hotel	42	capacity	critical	No capacity information anywhere on the listing	"Add clear capacity figures: seated capacity, standing/reception capacity, and cabaret/boardroom/theatre layouts for each space"
Brandshatch Place Hotel	https://www.kentvenues.co.uk/venues/brandshatch-place-hotel	42	photos	suggestion	Only 3 photos — could add more	"Aim for 8-10 photos covering exterior, each main space, and example event set-ups"
Brandshatch Place Hotel	https://www.kentvenues.co.uk/venues/brandshatch-place-hotel	42	accessibility	warning	No accessibility information on the listing	"Add accessibility details: wheelchair access, step-free routes, accessible toilets, hearing loops, and accessible parking bays"
Brandshatch Place Hotel	https://www.kentvenues.co.uk/venues/brandshatch-place-hotel	42	contact	suggestion	No phone number displayed	Add a direct phone number for enquirers who prefer to call
Brandshatch Place Hotel	https://www.kentvenues.co.uk/venues/brandshatch-place-hotel	42	description	suggestion	No guest reviews or testimonials displayed	Collect and display client testimonials to build trust and credibility
Bredhurst Village Hall	https://www.kentvenues.co.uk/venues/bredhurst-village-hall	31	description	critical	Listing is unclaimed — the description is auto-generated boilerplate	"Claim the listing and replace the auto-generated text with a real description (200+ words) covering character, history, setting and unique selling points"
Bredhurst Village Hall	https://www.kentvenues.co.uk/venues/bredhurst-village-hall	31	description	warning	Description is very short (89 characters)	"Expand the description to at least 200 characters covering key details like venue style, setting, and ideal event types"
Bredhurst Village Hall	https://www.kentvenues.co.uk/venues/bredhurst-village-hall	31	capacity	critical	No capacity information anywhere on the listing	"Add clear capacity figures: seated capacity, standing/reception capacity, and cabaret/boardroom/theatre layouts for each space"
Bredhurst Village Hall	https://www.kentvenues.co.uk/venues/bredhurst-village-hall	31	parking	warning	No parking information on the listing	"Add parking details: number of spaces, on-site vs nearby, disabled bays, EV charging, and any charges"
Bredhurst Village Hall	https://www.kentvenues.co.uk/venues/bredhurst-village-hall	31	accommodation	info	No accommodation details on the listing	"If on-site accommodation exists, add room count, types and pricing. If not, mention nearby hotel options for wedding parties"
Bredhurst Village Hall	https://www.kentvenues.co.uk/venues/bredhurst-village-hall	31	accessibility	warning	No accessibility information on the listing	"Add accessibility details: wheelchair access, step-free routes, accessible toilets, hearing loops, and accessible parking bays"
Bredhurst Village Hall	https://www.kentvenues.co.uk/venues/bredhurst-village-hall	31	contact	warning	"Missing social media link(s): Twitter/X, Instagram (shown as a dead ""#"" link)"	"Add the venue's Twitter/X and Instagram profile URL(s) — the placeholder ""#"" links look broken to visitors"
Bredhurst Village Hall	https://www.kentvenues.co.uk/venues/bredhurst-village-hall	31	contact	suggestion	No phone number displayed	Add a direct phone number for enquirers who prefer to call
Bredhurst Village Hall	https://www.kentvenues.co.uk/venues/bredhurst-village-hall	31	description	suggestion	No guest reviews or testimonials displayed	Collect and display client testimonials to build trust and credibility
Brenley Farm	https://www.kentvenues.co.uk/venues/brenley-farm-2	89	facilities	warning	"Only 2 facilities listed (Wifi, Parking)"	"Expand the amenities list to include everything guests would want to know — WiFi, AV, parking, catering options, accessibility features"
Brenley Farm	https://www.kentvenues.co.uk/venues/brenley-farm-2	89	contact	warning	"Missing social media link(s): Twitter/X, Instagram (shown as a dead ""#"" link)"	"Add the venue's Twitter/X and Instagram profile URL(s) — the placeholder ""#"" links look broken to visitors"
Brenley Farm	https://www.kentvenues.co.uk/venues/brenley-farm-2	89	contact	suggestion	No phone number displayed	Add a direct phone number for enquirers who prefer to call
Bridgewood Manor Chatham Kent	https://www.kentvenues.co.uk/venues/bridgewood-manor-chatham-kent	87	accessibility	warning	No accessibility information on the listing	"Add accessibility details: wheelchair access, step-free routes, accessible toilets, hearing loops, and accessible parking bays"
Bridgewood Manor Chatham Kent	https://www.kentvenues.co.uk/venues/bridgewood-manor-chatham-kent	87	contact	suggestion	No phone number displayed	Add a direct phone number for enquirers who prefer to call
Bridgewood Manor Chatham Kent	https://www.kentvenues.co.uk/venues/bridgewood-manor-chatham-kent	87	description	suggestion	No guest reviews or testimonials displayed	Collect and display client testimonials to build trust and credibility
Broadstairs Pavilion	https://www.kentvenues.co.uk/venues/broadstairs-pavilion	3	description	critical	Listing is unclaimed — the description is auto-generated boilerplate	"Claim the listing and replace the auto-generated text with a real description (200+ words) covering character, history, setting and unique selling points"
Broadstairs Pavilion	https://www.kentvenues.co.uk/venues/broadstairs-pavilion	3	description	warning	Description is very short (93 characters)	"Expand the description to at least 200 characters covering key details like venue style, setting, and ideal event types"
Broadstairs Pavilion	https://www.kentvenues.co.uk/venues/broadstairs-pavilion	3	capacity	critical	No capacity information anywhere on the listing	"Add clear capacity figures: seated capacity, standing/reception capacity, and cabaret/boardroom/theatre layouts for each space"
Broadstairs Pavilion	https://www.kentvenues.co.uk/venues/broadstairs-pavilion	3	photos	suggestion	Only 3 photos — could add more	"Aim for 8-10 photos covering exterior, each main space, and example event set-ups"
Broadstairs Pavilion	https://www.kentvenues.co.uk/venues/broadstairs-pavilion	3	facilities	critical	No facilities or amenities listed	"Add a complete amenities list: WiFi, AV equipment, heating, air conditioning, kitchen access, etc."
Broadstairs Pavilion	https://www.kentvenues.co.uk/venues/broadstairs-pavilion	3	parking	warning	No parking information on the listing	"Add parking details: number of spaces, on-site vs nearby, disabled bays, EV charging, and any charges"
Broadstairs Pavilion	https://www.kentvenues.co.uk/venues/broadstairs-pavilion	3	catering	warning	No catering or food/drink information on the listing	"Clarify catering options: in-house catering, approved caterers list, BYO alcohol policy, and dietary accommodations"
Broadstairs Pavilion	https://www.kentvenues.co.uk/venues/broadstairs-pavilion	3	accommodation	info	No accommodation details on the listing	"If on-site accommodation exists, add room count, types and pricing. If not, mention nearby hotel options for wedding parties"
Broadstairs Pavilion	https://www.kentvenues.co.uk/venues/broadstairs-pavilion	3	accessibility	warning	No accessibility information on the listing	"Add accessibility details: wheelchair access, step-free routes, accessible toilets, hearing loops, and accessible parking bays"
Broadstairs Pavilion	https://www.kentvenues.co.uk/venues/broadstairs-pavilion	3	contact	warning	"Missing social media link(s): Instagram (shown as a dead ""#"" link)"	"Add the venue's Instagram profile URL(s) — the placeholder ""#"" links look broken to visitors"
Broadstairs Pavilion	https://www.kentvenues.co.uk/venues/broadstairs-pavilion	3	contact	suggestion	No phone number displayed	Add a direct phone number for enquirers who prefer to call
Broadstairs Pavilion	https://www.kentvenues.co.uk/venues/broadstairs-pavilion	3	description	suggestion	No guest reviews or testimonials displayed	Collect and display client testimonials to build trust and credibility
Brogdale Farm	https://www.kentvenues.co.uk/venues/brogdale-farm	0	description	critical	Listing is unclaimed — the description is auto-generated boilerplate	"Claim the listing and replace the auto-generated text with a real description (200+ words) covering character, history, setting and unique selling points"
Brogdale Farm	https://www.kentvenues.co.uk/venues/brogdale-farm	0	description	warning	Description is very short (97 characters)	"Expand the description to at least 200 characters covering key details like venue style, setting, and ideal event types"
Brogdale Farm	https://www.kentvenues.co.uk/venues/brogdale-farm	0	capacity	critical	No capacity information anywhere on the listing	"Add clear capacity figures: seated capacity, standing/reception capacity, and cabaret/boardroom/theatre layouts for each space"
Brogdale Farm	https://www.kentvenues.co.uk/venues/brogdale-farm	0	photos	critical	No photographs on the listing	"Add a minimum of 5 high-quality photographs showing the venue exterior, main spaces, and set-up examples"
Brogdale Farm	https://www.kentvenues.co.uk/venues/brogdale-farm	0	facilities	critical	No facilities or amenities listed	"Add a complete amenities list: WiFi, AV equipment, heating, air conditioning, kitchen access, etc."
Brogdale Farm	https://www.kentvenues.co.uk/venues/brogdale-farm	0	parking	warning	No parking information on the listing	"Add parking details: number of spaces, on-site vs nearby, disabled bays, EV charging, and any charges"
Brogdale Farm	https://www.kentvenues.co.uk/venues/brogdale-farm	0	catering	warning	No catering or food/drink information on the listing	"Clarify catering options: in-house catering, approved caterers list, BYO alcohol policy, and dietary accommodations"
Brogdale Farm	https://www.kentvenues.co.uk/venues/brogdale-farm	0	accommodation	info	No accommodation details on the listing	"If on-site accommodation exists, add room count, types and pricing. If not, mention nearby hotel options for wedding parties"
Brogdale Farm	https://www.kentvenues.co.uk/venues/brogdale-farm	0	accessibility	warning	No accessibility information on the listing	"Add accessibility details: wheelchair access, step-free routes, accessible toilets, hearing loops, and accessible parking bays"
Brogdale Farm	https://www.kentvenues.co.uk/venues/brogdale-farm	0	contact	warning	No social media links — all three social icons are unfilled placeholders	"Add the venue's Facebook, Twitter/X and Instagram profile URLs"
Brogdale Farm	https://www.kentvenues.co.uk/venues/brogdale-farm	0	contact	suggestion	No venue website link on the listing	Embed or link the venue's own website so visitors can research further
Brogdale Farm	https://www.kentvenues.co.uk/venues/brogdale-farm	0	contact	suggestion	No phone number displayed	Add a direct phone number for enquirers who prefer to call
Brogdale Farm	https://www.kentvenues.co.uk/venues/brogdale-farm	0	description	suggestion	No guest reviews or testimonials displayed	Collect and display client testimonials to build trust and credibility
Brokehill Golf Club	https://www.kentvenues.co.uk/venues/brokehill-golf-club	0	description	critical	Listing is unclaimed — the description is auto-generated boilerplate	"Claim the listing and replace the auto-generated text with a real description (200+ words) covering character, history, setting and unique selling points"
Brokehill Golf Club	https://www.kentvenues.co.uk/venues/brokehill-golf-club	0	description	warning	Description could be more detailed (139 characters)	"Consider adding more details about the venue's atmosphere, capacity ranges, and unique features"
Brokehill Golf Club	https://www.kentvenues.co.uk/venues/brokehill-golf-club	0	capacity	critical	No capacity information anywhere on the listing	"Add clear capacity figures: seated capacity, standing/reception capacity, and cabaret/boardroom/theatre layouts for each space"
Brokehill Golf Club	https://www.kentvenues.co.uk/venues/brokehill-golf-club	0	photos	warning	Only 1 photo(s) on the listing	"Add more photos — listings with 5+ images convert significantly better. Cover different spaces, angles, and event set-ups"
Brokehill Golf Club	https://www.kentvenues.co.uk/venues/brokehill-golf-club	0	facilities	critical	No facilities or amenities listed	"Add a complete amenities list: WiFi, AV equipment, heating, air conditioning, kitchen access, etc."
Brokehill Golf Club	https://www.kentvenues.co.uk/venues/brokehill-golf-club	0	parking	warning	No parking information on the listing	"Add parking details: number of spaces, on-site vs nearby, disabled bays, EV charging, and any charges"
Brokehill Golf Club	https://www.kentvenues.co.uk/venues/brokehill-golf-club	0	catering	warning	No catering or food/drink information on the listing	"Clarify catering options: in-house catering, approved caterers list, BYO alcohol policy, and dietary accommodations"
Brokehill Golf Club	https://www.kentvenues.co.uk/venues/brokehill-golf-club	0	accommodation	info	No accommodation details on the listing	"If on-site accommodation exists, add room count, types and pricing. If not, mention nearby hotel options for wedding parties"
Brokehill Golf Club	https://www.kentvenues.co.uk/venues/brokehill-golf-club	0	accessibility	warning	No accessibility information on the listing	"Add accessibility details: wheelchair access, step-free routes, accessible toilets, hearing loops, and accessible parking bays"
Brokehill Golf Club	https://www.kentvenues.co.uk/venues/brokehill-golf-club	0	contact	warning	"Missing social media link(s): Twitter/X, Instagram (shown as a dead ""#"" link)"	"Add the venue's Twitter/X and Instagram profile URL(s) — the placeholder ""#"" links look broken to visitors"
Brokehill Golf Club	https://www.kentvenues.co.uk/venues/brokehill-golf-club	0	contact	suggestion	No phone number displayed	Add a direct phone number for enquirers who prefer to call
Brokehill Golf Club	https://www.kentvenues.co.uk/venues/brokehill-golf-club	0	description	suggestion	No guest reviews or testimonials displayed	Collect and display client testimonials to build trust and credibility
Brokehill Golf Club	https://www.kentvenues.co.uk/venues/brokehill-golf-club	0	facilities	suggestion	Large venue has no individual rooms/spaces listed	"Break the venue into bookable spaces with individual descriptions, capacities, and photos"
Bromley Conference Centre	https://www.kentvenues.co.uk/venues/bromley-conference-centre	0	description	critical	Listing is unclaimed — the description is auto-generated boilerplate	"Claim the listing and replace the auto-generated text with a real description (200+ words) covering character, history, setting and unique selling points"
Bromley Conference Centre	https://www.kentvenues.co.uk/venues/bromley-conference-centre	0	description	warning	Description could be more detailed (123 characters)	"Consider adding more details about the venue's atmosphere, capacity ranges, and unique features"
Bromley Conference Centre	https://www.kentvenues.co.uk/venues/bromley-conference-centre	0	capacity	critical	No capacity information anywhere on the listing	"Add clear capacity figures: seated capacity, standing/reception capacity, and cabaret/boardroom/theatre layouts for each space"
Bromley Conference Centre	https://www.kentvenues.co.uk/venues/bromley-conference-centre	0	photos	critical	No photographs on the listing	"Add a minimum of 5 high-quality photographs showing the venue exterior, main spaces, and set-up examples"
Bromley Conference Centre	https://www.kentvenues.co.uk/venues/bromley-conference-centre	0	facilities	critical	No facilities or amenities listed	"Add a complete amenities list: WiFi, AV equipment, heating, air conditioning, kitchen access, etc."
Bromley Conference Centre	https://www.kentvenues.co.uk/venues/bromley-conference-centre	0	parking	warning	No parking information on the listing	"Add parking details: number of spaces, on-site vs nearby, disabled bays, EV charging, and any charges"
Bromley Conference Centre	https://www.kentvenues.co.uk/venues/bromley-conference-centre	0	catering	warning	No catering or food/drink information on the listing	"Clarify catering options: in-house catering, approved caterers list, BYO alcohol policy, and dietary accommodations"
Bromley Conference Centre	https://www.kentvenues.co.uk/venues/bromley-conference-centre	0	accommodation	info	No accommodation details on the listing	"If on-site accommodation exists, add room count, types and pricing. If not, mention nearby hotel options for wedding parties"
Bromley Conference Centre	https://www.kentvenues.co.uk/venues/bromley-conference-centre	0	accessibility	warning	No accessibility information on the listing	"Add accessibility details: wheelchair access, step-free routes, accessible toilets, hearing loops, and accessible parking bays"
Bromley Conference Centre	https://www.kentvenues.co.uk/venues/bromley-conference-centre	0	contact	warning	No social media links — all three social icons are unfilled placeholders	"Add the venue's Facebook, Twitter/X and Instagram profile URLs"
Bromley Conference Centre	https://www.kentvenues.co.uk/venues/bromley-conference-centre	0	contact	suggestion	No phone number displayed	Add a direct phone number for enquirers who prefer to call
Bromley Conference Centre	https://www.kentvenues.co.uk/venues/bromley-conference-centre	0	description	suggestion	No guest reviews or testimonials displayed	Collect and display client testimonials to build trust and credibility
The Bromley Court Hotel	https://www.kentvenues.co.uk/venues/bromley-court-hotel	11	description	critical	Listing is unclaimed — the description is auto-generated boilerplate	"Claim the listing and replace the auto-generated text with a real description (200+ words) covering character, history, setting and unique selling points"
The Bromley Court Hotel	https://www.kentvenues.co.uk/venues/bromley-court-hotel	11	description	warning	Description is very short (87 characters)	"Expand the description to at least 200 characters covering key details like venue style, setting, and ideal event types"
The Bromley Court Hotel	https://www.kentvenues.co.uk/venues/bromley-court-hotel	11	capacity	critical	No capacity information anywhere on the listing	"Add clear capacity figures: seated capacity, standing/reception capacity, and cabaret/boardroom/theatre layouts for each space"
The Bromley Court Hotel	https://www.kentvenues.co.uk/venues/bromley-court-hotel	11	photos	suggestion	Only 3 photos — could add more	"Aim for 8-10 photos covering exterior, each main space, and example event set-ups"
The Bromley Court Hotel	https://www.kentvenues.co.uk/venues/bromley-court-hotel	11	facilities	critical	No facilities or amenities listed	"Add a complete amenities list: WiFi, AV equipment, heating, air conditioning, kitchen access, etc."
The Bromley Court Hotel	https://www.kentvenues.co.uk/venues/bromley-court-hotel	11	parking	warning	No parking information on the listing	"Add parking details: number of spaces, on-site vs nearby, disabled bays, EV charging, and any charges"
The Bromley Court Hotel	https://www.kentvenues.co.uk/venues/bromley-court-hotel	11	catering	warning	No catering or food/drink information on the listing	"Clarify catering options: in-house catering, approved caterers list, BYO alcohol policy, and dietary accommodations"
The Bromley Court Hotel	https://www.kentvenues.co.uk/venues/bromley-court-hotel	11	accessibility	warning	No accessibility information on the listing	"Add accessibility details: wheelchair access, step-free routes, accessible toilets, hearing loops, and accessible parking bays"
The Bromley Court Hotel	https://www.kentvenues.co.uk/venues/bromley-court-hotel	11	contact	suggestion	No phone number displayed	Add a direct phone number for enquirers who prefer to call
The Bromley Court Hotel	https://www.kentvenues.co.uk/venues/bromley-court-hotel	11	description	suggestion	No guest reviews or testimonials displayed	Collect and display client testimonials to build trust and credibility
Bromley Education Development Centre	https://www.kentvenues.co.uk/venues/bromley-education-development-centre	0	description	critical	Listing is unclaimed — the description is auto-generated boilerplate	"Claim the listing and replace the auto-generated text with a real description (200+ words) covering character, history, setting and unique selling points"
Bromley Education Development Centre	https://www.kentvenues.co.uk/venues/bromley-education-development-centre	0	description	warning	Description could be more detailed (120 characters)	"Consider adding more details about the venue's atmosphere, capacity ranges, and unique features"
Bromley Education Development Centre	https://www.kentvenues.co.uk/venues/bromley-education-development-centre	0	capacity	critical	No capacity information anywhere on the listing	"Add clear capacity figures: seated capacity, standing/reception capacity, and cabaret/boardroom/theatre layouts for each space"
Bromley Education Development Centre	https://www.kentvenues.co.uk/venues/bromley-education-development-centre	0	photos	critical	No photographs on the listing	"Add a minimum of 5 high-quality photographs showing the venue exterior, main spaces, and set-up examples"
Bromley Education Development Centre	https://www.kentvenues.co.uk/venues/bromley-education-development-centre	0	facilities	critical	No facilities or amenities listed	"Add a complete amenities list: WiFi, AV equipment, heating, air conditioning, kitchen access, etc."
Bromley Education Development Centre	https://www.kentvenues.co.uk/venues/bromley-education-development-centre	0	parking	warning	No parking information on the listing	"Add parking details: number of spaces, on-site vs nearby, disabled bays, EV charging, and any charges"
Bromley Education Development Centre	https://www.kentvenues.co.uk/venues/bromley-education-development-centre	0	catering	warning	No catering or food/drink information on the listing	"Clarify catering options: in-house catering, approved caterers list, BYO alcohol policy, and dietary accommodations"
Bromley Education Development Centre	https://www.kentvenues.co.uk/venues/bromley-education-development-centre	0	accommodation	info	No accommodation details on the listing	"If on-site accommodation exists, add room count, types and pricing. If not, mention nearby hotel options for wedding parties"
Bromley Education Development Centre	https://www.kentvenues.co.uk/venues/bromley-education-development-centre	0	accessibility	warning	No accessibility information on the listing	"Add accessibility details: wheelchair access, step-free routes, accessible toilets, hearing loops, and accessible parking bays"
Bromley Education Development Centre	https://www.kentvenues.co.uk/venues/bromley-education-development-centre	0	contact	warning	No social media links — all three social icons are unfilled placeholders	"Add the venue's Facebook, Twitter/X and Instagram profile URLs"
Bromley Education Development Centre	https://www.kentvenues.co.uk/venues/bromley-education-development-centre	0	contact	suggestion	No venue website link on the listing	Embed or link the venue's own website so visitors can research further
Bromley Education Development Centre	https://www.kentvenues.co.uk/venues/bromley-education-development-centre	0	contact	suggestion	No phone number displayed	Add a direct phone number for enquirers who prefer to call
Bromley Education Development Centre	https://www.kentvenues.co.uk/venues/bromley-education-development-centre	0	description	suggestion	No guest reviews or testimonials displayed	Collect and display client testimonials to build trust and credibility
Bromley Education Development Centre	https://www.kentvenues.co.uk/venues/bromley-education-development-centre	0	facilities	suggestion	Large venue has no individual rooms/spaces listed	"Break the venue into bookable spaces with individual descriptions, capacities, and photos"
Bromley Football Club	https://www.kentvenues.co.uk/venues/bromley-football-club	17	description	critical	Listing is unclaimed — the description is auto-generated boilerplate	"Claim the listing and replace the auto-generated text with a real description (200+ words) covering character, history, setting and unique selling points"
Bromley Football Club	https://www.kentvenues.co.uk/venues/bromley-football-club	17	description	warning	Description could be more detailed (122 characters)	"Consider adding more details about the venue's atmosphere, capacity ranges, and unique features"
Bromley Football Club	https://www.kentvenues.co.uk/venues/bromley-football-club	17	capacity	critical	No capacity information anywhere on the listing	"Add clear capacity figures: seated capacity, standing/reception capacity, and cabaret/boardroom/theatre layouts for each space"
Bromley Football Club	https://www.kentvenues.co.uk/venues/bromley-football-club	17	facilities	critical	No facilities or amenities listed	"Add a complete amenities list: WiFi, AV equipment, heating, air conditioning, kitchen access, etc."
Bromley Football Club	https://www.kentvenues.co.uk/venues/bromley-football-club	17	parking	warning	No parking information on the listing	"Add parking details: number of spaces, on-site vs nearby, disabled bays, EV charging, and any charges"
Bromley Football Club	https://www.kentvenues.co.uk/venues/bromley-football-club	17	catering	warning	No catering or food/drink information on the listing	"Clarify catering options: in-house catering, approved caterers list, BYO alcohol policy, and dietary accommodations"
Bromley Football Club	https://www.kentvenues.co.uk/venues/bromley-football-club	17	accommodation	info	No accommodation details on the listing	"If on-site accommodation exists, add room count, types and pricing. If not, mention nearby hotel options for wedding parties"
Bromley Football Club	https://www.kentvenues.co.uk/venues/bromley-football-club	17	accessibility	warning	No accessibility information on the listing	"Add accessibility details: wheelchair access, step-free routes, accessible toilets, hearing loops, and accessible parking bays"
Bromley Football Club	https://www.kentvenues.co.uk/venues/bromley-football-club	17	contact	suggestion	No phone number displayed	Add a direct phone number for enquirers who prefer to call
Bromley Football Club	https://www.kentvenues.co.uk/venues/bromley-football-club	17	description	suggestion	No guest reviews or testimonials displayed	Collect and display client testimonials to build trust and credibility
Broome Park Golf & Country Club	https://www.kentvenues.co.uk/venues/broome-park-golf-country-club	25	description	critical	Listing is unclaimed — the description is auto-generated boilerplate	"Claim the listing and replace the auto-generated text with a real description (200+ words) covering character, history, setting and unique selling points"
Broome Park Golf & Country Club	https://www.kentvenues.co.uk/venues/broome-park-golf-country-club	25	description	warning	Description is very short (98 characters)	"Expand the description to at least 200 characters covering key details like venue style, setting, and ideal event types"
Broome Park Golf & Country Club	https://www.kentvenues.co.uk/venues/broome-park-golf-country-club	25	capacity	critical	No capacity information anywhere on the listing	"Add clear capacity figures: seated capacity, standing/reception capacity, and cabaret/boardroom/theatre layouts for each space"
Broome Park Golf & Country Club	https://www.kentvenues.co.uk/venues/broome-park-golf-country-club	25	photos	warning	Only 2 photo(s) on the listing	"Add more photos — listings with 5+ images convert significantly better. Cover different spaces, angles, and event set-ups"
Broome Park Golf & Country Club	https://www.kentvenues.co.uk/venues/broome-park-golf-country-club	25	catering	warning	No catering or food/drink information on the listing	"Clarify catering options: in-house catering, approved caterers list, BYO alcohol policy, and dietary accommodations"
Broome Park Golf & Country Club	https://www.kentvenues.co.uk/venues/broome-park-golf-country-club	25	accommodation	info	No accommodation details on the listing	"If on-site accommodation exists, add room count, types and pricing. If not, mention nearby hotel options for wedding parties"
Broome Park Golf & Country Club	https://www.kentvenues.co.uk/venues/broome-park-golf-country-club	25	accessibility	warning	No accessibility information on the listing	"Add accessibility details: wheelchair access, step-free routes, accessible toilets, hearing loops, and accessible parking bays"
Broome Park Golf & Country Club	https://www.kentvenues.co.uk/venues/broome-park-golf-country-club	25	contact	suggestion	No phone number displayed	Add a direct phone number for enquirers who prefer to call
Broome Park Golf & Country Club	https://www.kentvenues.co.uk/venues/broome-park-golf-country-club	25	description	suggestion	No guest reviews or testimonials displayed	Collect and display client testimonials to build trust and credibility
Broome Park Hotel	https://www.kentvenues.co.uk/venues/broome-park-hotel	31	description	warning	Description could be more detailed (142 characters)	"Consider adding more details about the venue's atmosphere, capacity ranges, and unique features"
Broome Park Hotel	https://www.kentvenues.co.uk/venues/broome-park-hotel	31	capacity	critical	No capacity information anywhere on the listing	"Add clear capacity figures: seated capacity, standing/reception capacity, and cabaret/boardroom/theatre layouts for each space"
Broome Park Hotel	https://www.kentvenues.co.uk/venues/broome-park-hotel	31	photos	suggestion	Only 3 photos — could add more	"Aim for 8-10 photos covering exterior, each main space, and example event set-ups"
Broome Park Hotel	https://www.kentvenues.co.uk/venues/broome-park-hotel	31	facilities	critical	No facilities or amenities listed	"Add a complete amenities list: WiFi, AV equipment, heating, air conditioning, kitchen access, etc."
Broome Park Hotel	https://www.kentvenues.co.uk/venues/broome-park-hotel	31	parking	warning	No parking information on the listing	"Add parking details: number of spaces, on-site vs nearby, disabled bays, EV charging, and any charges"
Broome Park Hotel	https://www.kentvenues.co.uk/venues/broome-park-hotel	31	catering	warning	No catering or food/drink information on the listing	"Clarify catering options: in-house catering, approved caterers list, BYO alcohol policy, and dietary accommodations"
Broome Park Hotel	https://www.kentvenues.co.uk/venues/broome-park-hotel	31	accessibility	warning	No accessibility information on the listing	"Add accessibility details: wheelchair access, step-free routes, accessible toilets, hearing loops, and accessible parking bays"
Broome Park Hotel	https://www.kentvenues.co.uk/venues/broome-park-hotel	31	contact	suggestion	No phone number displayed	Add a direct phone number for enquirers who prefer to call
Broome Park Hotel	https://www.kentvenues.co.uk/venues/broome-park-hotel	31	description	suggestion	No guest reviews or testimonials displayed	Collect and display client testimonials to build trust and credibility
Browns Bluewater	https://www.kentvenues.co.uk/venues/browns-bluewater	25	description	critical	Listing is unclaimed — the description is auto-generated boilerplate	"Claim the listing and replace the auto-generated text with a real description (200+ words) covering character, history, setting and unique selling points"
Browns Bluewater	https://www.kentvenues.co.uk/venues/browns-bluewater	25	description	warning	Description could be more detailed (119 characters)	"Consider adding more details about the venue's atmosphere, capacity ranges, and unique features"
Browns Bluewater	https://www.kentvenues.co.uk/venues/browns-bluewater	25	capacity	critical	No capacity information anywhere on the listing	"Add clear capacity figures: seated capacity, standing/reception capacity, and cabaret/boardroom/theatre layouts for each space"
Browns Bluewater	https://www.kentvenues.co.uk/venues/browns-bluewater	25	photos	suggestion	Only 4 photos — could add more	"Aim for 8-10 photos covering exterior, each main space, and example event set-ups"
Browns Bluewater	https://www.kentvenues.co.uk/venues/browns-bluewater	25	facilities	warning	"Only 2 facilities listed (Wifi, Parking)"	"Expand the amenities list to include everything guests would want to know — WiFi, AV, parking, catering options, accessibility features"
Browns Bluewater	https://www.kentvenues.co.uk/venues/browns-bluewater	25	accommodation	info	No accommodation details on the listing	"If on-site accommodation exists, add room count, types and pricing. If not, mention nearby hotel options for wedding parties"
Browns Bluewater	https://www.kentvenues.co.uk/venues/browns-bluewater	25	accessibility	warning	No accessibility information on the listing	"Add accessibility details: wheelchair access, step-free routes, accessible toilets, hearing loops, and accessible parking bays"
Browns Bluewater	https://www.kentvenues.co.uk/venues/browns-bluewater	25	contact	warning	No contact email address behind the enquiry form	Set the venue's enquiry email so the contact form reaches the venue (currently enquirers can only use the site-wide form)
Browns Bluewater	https://www.kentvenues.co.uk/venues/browns-bluewater	25	contact	suggestion	No venue website link on the listing	Embed or link the venue's own website so visitors can research further
Browns Bluewater	https://www.kentvenues.co.uk/venues/browns-bluewater	25	contact	suggestion	No phone number displayed	Add a direct phone number for enquirers who prefer to call
Browns Bluewater	https://www.kentvenues.co.uk/venues/browns-bluewater	25	description	suggestion	No guest reviews or testimonials displayed	Collect and display client testimonials to build trust and credibility
Buckmore Park Karting	https://www.kentvenues.co.uk/venues/buckmore-park-karting-ltd	12	description	critical	Listing is unclaimed — the description is auto-generated boilerplate	"Claim the listing and replace the auto-generated text with a real description (200+ words) covering character, history, setting and unique selling points"
Buckmore Park Karting	https://www.kentvenues.co.uk/venues/buckmore-park-karting-ltd	12	description	warning	Description could be more detailed (133 characters)	"Consider adding more details about the venue's atmosphere, capacity ranges, and unique features"
Buckmore Park Karting	https://www.kentvenues.co.uk/venues/buckmore-park-karting-ltd	12	capacity	critical	No capacity information anywhere on the listing	"Add clear capacity figures: seated capacity, standing/reception capacity, and cabaret/boardroom/theatre layouts for each space"
Buckmore Park Karting	https://www.kentvenues.co.uk/venues/buckmore-park-karting-ltd	12	photos	suggestion	Only 3 photos — could add more	"Aim for 8-10 photos covering exterior, each main space, and example event set-ups"
Buckmore Park Karting	https://www.kentvenues.co.uk/venues/buckmore-park-karting-ltd	12	facilities	critical	No facilities or amenities listed	"Add a complete amenities list: WiFi, AV equipment, heating, air conditioning, kitchen access, etc."
Buckmore Park Karting	https://www.kentvenues.co.uk/venues/buckmore-park-karting-ltd	12	parking	warning	No parking information on the listing	"Add parking details: number of spaces, on-site vs nearby, disabled bays, EV charging, and any charges"
Buckmore Park Karting	https://www.kentvenues.co.uk/venues/buckmore-park-karting-ltd	12	catering	warning	No catering or food/drink information on the listing	"Clarify catering options: in-house catering, approved caterers list, BYO alcohol policy, and dietary accommodations"
Buckmore Park Karting	https://www.kentvenues.co.uk/venues/buckmore-park-karting-ltd	12	accommodation	info	No accommodation details on the listing	"If on-site accommodation exists, add room count, types and pricing. If not, mention nearby hotel options for wedding parties"
Buckmore Park Karting	https://www.kentvenues.co.uk/venues/buckmore-park-karting-ltd	12	accessibility	warning	No accessibility information on the listing	"Add accessibility details: wheelchair access, step-free routes, accessible toilets, hearing loops, and accessible parking bays"
Buckmore Park Karting	https://www.kentvenues.co.uk/venues/buckmore-park-karting-ltd	12	contact	suggestion	No phone number displayed	Add a direct phone number for enquirers who prefer to call
Buckmore Park Karting	https://www.kentvenues.co.uk/venues/buckmore-park-karting-ltd	12	description	suggestion	No guest reviews or testimonials displayed	Collect and display client testimonials to build trust and credibility
The Bull Inn Hotel	https://www.kentvenues.co.uk/venues/bull-inn-hotel	21	description	critical	Listing is unclaimed — the description is auto-generated boilerplate	"Claim the listing and replace the auto-generated text with a real description (200+ words) covering character, history, setting and unique selling points"
The Bull Inn Hotel	https://www.kentvenues.co.uk/venues/bull-inn-hotel	21	description	warning	Description is very short (85 characters)	"Expand the description to at least 200 characters covering key details like venue style, setting, and ideal event types"
The Bull Inn Hotel	https://www.kentvenues.co.uk/venues/bull-inn-hotel	21	capacity	critical	No capacity information anywhere on the listing	"Add clear capacity figures: seated capacity, standing/reception capacity, and cabaret/boardroom/theatre layouts for each space"
The Bull Inn Hotel	https://www.kentvenues.co.uk/venues/bull-inn-hotel	21	photos	suggestion	Only 3 photos — could add more	"Aim for 8-10 photos covering exterior, each main space, and example event set-ups"
The Bull Inn Hotel	https://www.kentvenues.co.uk/venues/bull-inn-hotel	21	facilities	warning	Only 1 facilities listed (Wifi)	"Expand the amenities list to include everything guests would want to know — WiFi, AV, parking, catering options, accessibility features"
The Bull Inn Hotel	https://www.kentvenues.co.uk/venues/bull-inn-hotel	21	parking	warning	No parking information on the listing	"Add parking details: number of spaces, on-site vs nearby, disabled bays, EV charging, and any charges"
The Bull Inn Hotel	https://www.kentvenues.co.uk/venues/bull-inn-hotel	21	catering	warning	No catering or food/drink information on the listing	"Clarify catering options: in-house catering, approved caterers list, BYO alcohol policy, and dietary accommodations"
The Bull Inn Hotel	https://www.kentvenues.co.uk/venues/bull-inn-hotel	21	accessibility	warning	No accessibility information on the listing	"Add accessibility details: wheelchair access, step-free routes, accessible toilets, hearing loops, and accessible parking bays"
The Bull Inn Hotel	https://www.kentvenues.co.uk/venues/bull-inn-hotel	21	contact	suggestion	No phone number displayed	Add a direct phone number for enquirers who prefer to call
The Bull Inn Hotel	https://www.kentvenues.co.uk/venues/bull-inn-hotel	21	description	suggestion	No guest reviews or testimonials displayed	Collect and display client testimonials to build trust and credibility
Burrswood Conference Centre	https://www.kentvenues.co.uk/venues/burrswood-conference-centre	0	description	critical	Listing is unclaimed — the description is auto-generated boilerplate	"Claim the listing and replace the auto-generated text with a real description (200+ words) covering character, history, setting and unique selling points"
Burrswood Conference Centre	https://www.kentvenues.co.uk/venues/burrswood-conference-centre	0	description	warning	Description is very short (95 characters)	"Expand the description to at least 200 characters covering key details like venue style, setting, and ideal event types"
Burrswood Conference Centre	https://www.kentvenues.co.uk/venues/burrswood-conference-centre	0	capacity	critical	No capacity information anywhere on the listing	"Add clear capacity figures: seated capacity, standing/reception capacity, and cabaret/boardroom/theatre layouts for each space"
Burrswood Conference Centre	https://www.kentvenues.co.uk/venues/burrswood-conference-centre	0	photos	warning	Only 1 photo(s) on the listing	"Add more photos — listings with 5+ images convert significantly better. Cover different spaces, angles, and event set-ups"
Burrswood Conference Centre	https://www.kentvenues.co.uk/venues/burrswood-conference-centre	0	facilities	critical	No facilities or amenities listed	"Add a complete amenities list: WiFi, AV equipment, heating, air conditioning, kitchen access, etc."
Burrswood Conference Centre	https://www.kentvenues.co.uk/venues/burrswood-conference-centre	0	parking	warning	No parking information on the listing	"Add parking details: number of spaces, on-site vs nearby, disabled bays, EV charging, and any charges"
Burrswood Conference Centre	https://www.kentvenues.co.uk/venues/burrswood-conference-centre	0	catering	warning	No catering or food/drink information on the listing	"Clarify catering options: in-house catering, approved caterers list, BYO alcohol policy, and dietary accommodations"
Burrswood Conference Centre	https://www.kentvenues.co.uk/venues/burrswood-conference-centre	0	accommodation	info	No accommodation details on the listing	"If on-site accommodation exists, add room count, types and pricing. If not, mention nearby hotel options for wedding parties"
Burrswood Conference Centre	https://www.kentvenues.co.uk/venues/burrswood-conference-centre	0	accessibility	warning	No accessibility information on the listing	"Add accessibility details: wheelchair access, step-free routes, accessible toilets, hearing loops, and accessible parking bays"
Burrswood Conference Centre	https://www.kentvenues.co.uk/venues/burrswood-conference-centre	0	contact	critical	"No contact information at all — no email, no social media, no website link"	Add at minimum a contact email and the venue's website and social media links so enquirers can reach the venue directly
Burrswood Conference Centre	https://www.kentvenues.co.uk/venues/burrswood-conference-centre	0	description	suggestion	No guest reviews or testimonials displayed	Collect and display client testimonials to build trust and credibility
Burrswood Conference Centre	https://www.kentvenues.co.uk/venues/burrswood-conference-centre	0	facilities	suggestion	Large venue has no individual rooms/spaces listed	"Break the venue into bookable spaces with individual descriptions, capacities, and photos"
Cafe Rouge Canterbury	https://www.kentvenues.co.uk/venues/cafe-rouge-canterbury	45	capacity	critical	No capacity information anywhere on the listing	"Add clear capacity figures: seated capacity, standing/reception capacity, and cabaret/boardroom/theatre layouts for each space"
Cafe Rouge Canterbury	https://www.kentvenues.co.uk/venues/cafe-rouge-canterbury	45	facilities	critical	No facilities or amenities listed	"Add a complete amenities list: WiFi, AV equipment, heating, air conditioning, kitchen access, etc."
Cafe Rouge Canterbury	https://www.kentvenues.co.uk/venues/cafe-rouge-canterbury	45	parking	warning	No parking information on the listing	"Add parking details: number of spaces, on-site vs nearby, disabled bays, EV charging, and any charges"
Cafe Rouge Canterbury	https://www.kentvenues.co.uk/venues/cafe-rouge-canterbury	45	accommodation	info	No accommodation details on the listing	"If on-site accommodation exists, add room count, types and pricing. If not, mention nearby hotel options for wedding parties"
Cafe Rouge Canterbury	https://www.kentvenues.co.uk/venues/cafe-rouge-canterbury	45	accessibility	warning	No accessibility information on the listing	"Add accessibility details: wheelchair access, step-free routes, accessible toilets, hearing loops, and accessible parking bays"
Cafe Rouge Canterbury	https://www.kentvenues.co.uk/venues/cafe-rouge-canterbury	45	contact	suggestion	No phone number displayed	Add a direct phone number for enquirers who prefer to call
Cafe Rouge Canterbury	https://www.kentvenues.co.uk/venues/cafe-rouge-canterbury	45	description	suggestion	No guest reviews or testimonials displayed	Collect and display client testimonials to build trust and credibility
Calverley House Business & Conference Centre	https://www.kentvenues.co.uk/venues/calverley-house-business-conference-centre	0	description	critical	Listing is unclaimed — the description is auto-generated boilerplate	"Claim the listing and replace the auto-generated text with a real description (200+ words) covering character, history, setting and unique selling points"
Calverley House Business & Conference Centre	https://www.kentvenues.co.uk/venues/calverley-house-business-conference-centre	0	description	warning	Description could be more detailed (135 characters)	"Consider adding more details about the venue's atmosphere, capacity ranges, and unique features"
Calverley House Business & Conference Centre	https://www.kentvenues.co.uk/venues/calverley-house-business-conference-centre	0	capacity	critical	No capacity information anywhere on the listing	"Add clear capacity figures: seated capacity, standing/reception capacity, and cabaret/boardroom/theatre layouts for each space"
Calverley House Business & Conference Centre	https://www.kentvenues.co.uk/venues/calverley-house-business-conference-centre	0	photos	critical	No photographs on the listing	"Add a minimum of 5 high-quality photographs showing the venue exterior, main spaces, and set-up examples"
Calverley House Business & Conference Centre	https://www.kentvenues.co.uk/venues/calverley-house-business-conference-centre	0	facilities	critical	No facilities or amenities listed	"Add a complete amenities list: WiFi, AV equipment, heating, air conditioning, kitchen access, etc."
Calverley House Business & Conference Centre	https://www.kentvenues.co.uk/venues/calverley-house-business-conference-centre	0	parking	warning	No parking information on the listing	"Add parking details: number of spaces, on-site vs nearby, disabled bays, EV charging, and any charges"
Calverley House Business & Conference Centre	https://www.kentvenues.co.uk/venues/calverley-house-business-conference-centre	0	catering	warning	No catering or food/drink information on the listing	"Clarify catering options: in-house catering, approved caterers list, BYO alcohol policy, and dietary accommodations"
Calverley House Business & Conference Centre	https://www.kentvenues.co.uk/venues/calverley-house-business-conference-centre	0	accommodation	info	No accommodation details on the listing	"If on-site accommodation exists, add room count, types and pricing. If not, mention nearby hotel options for wedding parties"
Calverley House Business & Conference Centre	https://www.kentvenues.co.uk/venues/calverley-house-business-conference-centre	0	accessibility	warning	No accessibility information on the listing	"Add accessibility details: wheelchair access, step-free routes, accessible toilets, hearing loops, and accessible parking bays"
Calverley House Business & Conference Centre	https://www.kentvenues.co.uk/venues/calverley-house-business-conference-centre	0	contact	warning	No social media links — all three social icons are unfilled placeholders	"Add the venue's Facebook, Twitter/X and Instagram profile URLs"
Calverley House Business & Conference Centre	https://www.kentvenues.co.uk/venues/calverley-house-business-conference-centre	0	contact	suggestion	No phone number displayed	Add a direct phone number for enquirers who prefer to call
Calverley House Business & Conference Centre	https://www.kentvenues.co.uk/venues/calverley-house-business-conference-centre	0	description	suggestion	No guest reviews or testimonials displayed	Collect and display client testimonials to build trust and credibility
Calverley House Business & Conference Centre	https://www.kentvenues.co.uk/venues/calverley-house-business-conference-centre	0	facilities	suggestion	Large venue has no individual rooms/spaces listed	"Break the venue into bookable spaces with individual descriptions, capacities, and photos"
Camden Place	https://www.kentvenues.co.uk/venues/camden-place	35	description	critical	Listing is unclaimed — the description is auto-generated boilerplate	"Claim the listing and replace the auto-generated text with a real description (200+ words) covering character, history, setting and unique selling points"
Camden Place	https://www.kentvenues.co.uk/venues/camden-place	35	description	warning	Description could be more detailed (121 characters)	"Consider adding more details about the venue's atmosphere, capacity ranges, and unique features"
Camden Place	https://www.kentvenues.co.uk/venues/camden-place	35	capacity	critical	No capacity information anywhere on the listing	"Add clear capacity figures: seated capacity, standing/reception capacity, and cabaret/boardroom/theatre layouts for each space"
Camden Place	https://www.kentvenues.co.uk/venues/camden-place	35	facilities	warning	"Only 2 facilities listed (Parking, Golf courses)"	"Expand the amenities list to include everything guests would want to know — WiFi, AV, parking, catering options, accessibility features"
Camden Place	https://www.kentvenues.co.uk/venues/camden-place	35	catering	warning	No catering or food/drink information on the listing	"Clarify catering options: in-house catering, approved caterers list, BYO alcohol policy, and dietary accommodations"
Camden Place	https://www.kentvenues.co.uk/venues/camden-place	35	accommodation	info	No accommodation details on the listing	"If on-site accommodation exists, add room count, types and pricing. If not, mention nearby hotel options for wedding parties"
Camden Place	https://www.kentvenues.co.uk/venues/camden-place	35	accessibility	warning	No accessibility information on the listing	"Add accessibility details: wheelchair access, step-free routes, accessible toilets, hearing loops, and accessible parking bays"
Camden Place	https://www.kentvenues.co.uk/venues/camden-place	35	contact	suggestion	No phone number displayed	Add a direct phone number for enquirers who prefer to call
Camden Place	https://www.kentvenues.co.uk/venues/camden-place	35	description	suggestion	No guest reviews or testimonials displayed	Collect and display client testimonials to build trust and credibility
Campanile Dartford	https://www.kentvenues.co.uk/venues/campanile-dartford	34	description	critical	Listing is unclaimed — the description is auto-generated boilerplate	"Claim the listing and replace the auto-generated text with a real description (200+ words) covering character, history, setting and unique selling points"
Campanile Dartford	https://www.kentvenues.co.uk/venues/campanile-dartford	34	description	warning	Description could be more detailed (165 characters)	"Consider adding more details about the venue's atmosphere, capacity ranges, and unique features"
Campanile Dartford	https://www.kentvenues.co.uk/venues/campanile-dartford	34	capacity	critical	No capacity information anywhere on the listing	"Add clear capacity figures: seated capacity, standing/reception capacity, and cabaret/boardroom/theatre layouts for each space"
Campanile Dartford	https://www.kentvenues.co.uk/venues/campanile-dartford	34	photos	suggestion	Only 4 photos — could add more	"Aim for 8-10 photos covering exterior, each main space, and example event set-ups"
Campanile Dartford	https://www.kentvenues.co.uk/venues/campanile-dartford	34	facilities	warning	"Only 2 facilities listed (Wifi, Parking)"	"Expand the amenities list to include everything guests would want to know — WiFi, AV, parking, catering options, accessibility features"
Campanile Dartford	https://www.kentvenues.co.uk/venues/campanile-dartford	34	catering	warning	No catering or food/drink information on the listing	"Clarify catering options: in-house catering, approved caterers list, BYO alcohol policy, and dietary accommodations"
Campanile Dartford	https://www.kentvenues.co.uk/venues/campanile-dartford	34	accessibility	warning	No accessibility information on the listing	"Add accessibility details: wheelchair access, step-free routes, accessible toilets, hearing loops, and accessible parking bays"
Campanile Dartford	https://www.kentvenues.co.uk/venues/campanile-dartford	34	contact	suggestion	No phone number displayed	Add a direct phone number for enquirers who prefer to call
Campanile Dartford	https://www.kentvenues.co.uk/venues/campanile-dartford	34	description	suggestion	No guest reviews or testimonials displayed	Collect and display client testimonials to build trust and credibility
Canterbury Cathedral Lodge	https://www.kentvenues.co.uk/venues/canterbury-cathedral-lodge	79	parking	warning	No parking information on the listing	"Add parking details: number of spaces, on-site vs nearby, disabled bays, EV charging, and any charges"
Canterbury Cathedral Lodge	https://www.kentvenues.co.uk/venues/canterbury-cathedral-lodge	79	accessibility	warning	No accessibility information on the listing	"Add accessibility details: wheelchair access, step-free routes, accessible toilets, hearing loops, and accessible parking bays"
Canterbury Cathedral Lodge	https://www.kentvenues.co.uk/venues/canterbury-cathedral-lodge	79	contact	suggestion	No phone number displayed	Add a direct phone number for enquirers who prefer to call
Canterbury Cathedral Lodge	https://www.kentvenues.co.uk/venues/canterbury-cathedral-lodge	79	description	suggestion	No guest reviews or testimonials displayed	Collect and display client testimonials to build trust and credibility
Canterbury Christ Church University	https://www.kentvenues.co.uk/venues/canterbury-christ-church-university	41	capacity	critical	No capacity information anywhere on the listing	"Add clear capacity figures: seated capacity, standing/reception capacity, and cabaret/boardroom/theatre layouts for each space"
Canterbury Christ Church University	https://www.kentvenues.co.uk/venues/canterbury-christ-church-university	41	facilities	warning	Only 1 facilities listed (Accommodation)	"Expand the amenities list to include everything guests would want to know — WiFi, AV, parking, catering options, accessibility features"
Canterbury Christ Church University	https://www.kentvenues.co.uk/venues/canterbury-christ-church-university	41	parking	warning	No parking information on the listing	"Add parking details: number of spaces, on-site vs nearby, disabled bays, EV charging, and any charges"
Canterbury Christ Church University	https://www.kentvenues.co.uk/venues/canterbury-christ-church-university	41	catering	warning	No catering or food/drink information on the listing	"Clarify catering options: in-house catering, approved caterers list, BYO alcohol policy, and dietary accommodations"
Canterbury Christ Church University	https://www.kentvenues.co.uk/venues/canterbury-christ-church-university	41	accessibility	warning	No accessibility information on the listing	"Add accessibility details: wheelchair access, step-free routes, accessible toilets, hearing loops, and accessible parking bays"
Canterbury Christ Church University	https://www.kentvenues.co.uk/venues/canterbury-christ-church-university	41	contact	warning	No contact email address behind the enquiry form	Set the venue's enquiry email so the contact form reaches the venue (currently enquirers can only use the site-wide form)
Canterbury Christ Church University	https://www.kentvenues.co.uk/venues/canterbury-christ-church-university	41	contact	suggestion	No phone number displayed	Add a direct phone number for enquirers who prefer to call
Canterbury Christ Church University	https://www.kentvenues.co.uk/venues/canterbury-christ-church-university	41	description	suggestion	No guest reviews or testimonials displayed	Collect and display client testimonials to build trust and credibility
Cave Hotel & Golf Resort	https://www.kentvenues.co.uk/venues/cave-hotel-golf-resort	90	parking	warning	No parking information on the listing	"Add parking details: number of spaces, on-site vs nearby, disabled bays, EV charging, and any charges"
Cave Hotel & Golf Resort	https://www.kentvenues.co.uk/venues/cave-hotel-golf-resort	90	contact	suggestion	No phone number displayed	Add a direct phone number for enquirers who prefer to call
CC Rooms	https://www.kentvenues.co.uk/venues/cc-rooms	34	photos	critical	No photographs on the listing	"Add a minimum of 5 high-quality photographs showing the venue exterior, main spaces, and set-up examples"
CC Rooms	https://www.kentvenues.co.uk/venues/cc-rooms	34	facilities	critical	No facilities or amenities listed	"Add a complete amenities list: WiFi, AV equipment, heating, air conditioning, kitchen access, etc."
CC Rooms	https://www.kentvenues.co.uk/venues/cc-rooms	34	parking	warning	No parking information on the listing	"Add parking details: number of spaces, on-site vs nearby, disabled bays, EV charging, and any charges"
CC Rooms	https://www.kentvenues.co.uk/venues/cc-rooms	34	accommodation	info	No accommodation details on the listing	"If on-site accommodation exists, add room count, types and pricing. If not, mention nearby hotel options for wedding parties"
CC Rooms	https://www.kentvenues.co.uk/venues/cc-rooms	34	accessibility	warning	No accessibility information on the listing	"Add accessibility details: wheelchair access, step-free routes, accessible toilets, hearing loops, and accessible parking bays"
CC Rooms	https://www.kentvenues.co.uk/venues/cc-rooms	34	contact	warning	No social media links — all three social icons are unfilled placeholders	"Add the venue's Facebook, Twitter/X and Instagram profile URLs"
CC Rooms	https://www.kentvenues.co.uk/venues/cc-rooms	34	contact	suggestion	No phone number displayed	Add a direct phone number for enquirers who prefer to call
CC Rooms	https://www.kentvenues.co.uk/venues/cc-rooms	34	description	suggestion	No guest reviews or testimonials displayed	Collect and display client testimonials to build trust and credibility
Chafford Park	https://www.kentvenues.co.uk/venues/chafford-park	1	description	critical	Missing or extremely short venue description	"Write a detailed description (200+ words) covering the venue's character, history, setting, and what makes it unique"
Chafford Park	https://www.kentvenues.co.uk/venues/chafford-park	1	capacity	critical	No capacity information anywhere on the listing	"Add clear capacity figures: seated capacity, standing/reception capacity, and cabaret/boardroom/theatre layouts for each space"
Chafford Park	https://www.kentvenues.co.uk/venues/chafford-park	1	photos	warning	Only 2 photo(s) on the listing	"Add more photos — listings with 5+ images convert significantly better. Cover different spaces, angles, and event set-ups"
Chafford Park	https://www.kentvenues.co.uk/venues/chafford-park	1	facilities	critical	No facilities or amenities listed	"Add a complete amenities list: WiFi, AV equipment, heating, air conditioning, kitchen access, etc."
Chafford Park	https://www.kentvenues.co.uk/venues/chafford-park	1	parking	warning	No parking information on the listing	"Add parking details: number of spaces, on-site vs nearby, disabled bays, EV charging, and any charges"
Chafford Park	https://www.kentvenues.co.uk/venues/chafford-park	1	catering	warning	No catering or food/drink information on the listing	"Clarify catering options: in-house catering, approved caterers list, BYO alcohol policy, and dietary accommodations"
Chafford Park	https://www.kentvenues.co.uk/venues/chafford-park	1	accommodation	info	No accommodation details on the listing	"If on-site accommodation exists, add room count, types and pricing. If not, mention nearby hotel options for wedding parties"
Chafford Park	https://www.kentvenues.co.uk/venues/chafford-park	1	accessibility	warning	No accessibility information on the listing	"Add accessibility details: wheelchair access, step-free routes, accessible toilets, hearing loops, and accessible parking bays"
Chafford Park	https://www.kentvenues.co.uk/venues/chafford-park	1	contact	warning	No social media links — all three social icons are unfilled placeholders	"Add the venue's Facebook, Twitter/X and Instagram profile URLs"
Chafford Park	https://www.kentvenues.co.uk/venues/chafford-park	1	contact	suggestion	No phone number displayed	Add a direct phone number for enquirers who prefer to call
Chafford Park	https://www.kentvenues.co.uk/venues/chafford-park	1	description	suggestion	No guest reviews or testimonials displayed	Collect and display client testimonials to build trust and credibility
Chapter One	https://www.kentvenues.co.uk/venues/chapter-one	30	description	critical	Listing is unclaimed — the description is auto-generated boilerplate	"Claim the listing and replace the auto-generated text with a real description (200+ words) covering character, history, setting and unique selling points"
Chapter One	https://www.kentvenues.co.uk/venues/chapter-one	30	description	warning	Description is very short (95 characters)	"Expand the description to at least 200 characters covering key details like venue style, setting, and ideal event types"
Chapter One	https://www.kentvenues.co.uk/venues/chapter-one	30	capacity	critical	No capacity information anywhere on the listing	"Add clear capacity figures: seated capacity, standing/reception capacity, and cabaret/boardroom/theatre layouts for each space"
Chapter One	https://www.kentvenues.co.uk/venues/chapter-one	30	facilities	warning	"Only 2 facilities listed (Wifi, Parking)"	"Expand the amenities list to include everything guests would want to know — WiFi, AV, parking, catering options, accessibility features"
Chapter One	https://www.kentvenues.co.uk/venues/chapter-one	30	catering	warning	No catering or food/drink information on the listing	"Clarify catering options: in-house catering, approved caterers list, BYO alcohol policy, and dietary accommodations"
Chapter One	https://www.kentvenues.co.uk/venues/chapter-one	30	accommodation	info	No accommodation details on the listing	"If on-site accommodation exists, add room count, types and pricing. If not, mention nearby hotel options for wedding parties"
Chapter One	https://www.kentvenues.co.uk/venues/chapter-one	30	accessibility	warning	No accessibility information on the listing	"Add accessibility details: wheelchair access, step-free routes, accessible toilets, hearing loops, and accessible parking bays"
Chapter One	https://www.kentvenues.co.uk/venues/chapter-one	30	contact	suggestion	No phone number displayed	Add a direct phone number for enquirers who prefer to call
Chapter One	https://www.kentvenues.co.uk/venues/chapter-one	30	description	suggestion	No guest reviews or testimonials displayed	Collect and display client testimonials to build trust and credibility
Charlton Place	https://www.kentvenues.co.uk/venues/charlton-place	55	capacity	critical	No capacity information anywhere on the listing	"Add clear capacity figures: seated capacity, standing/reception capacity, and cabaret/boardroom/theatre layouts for each space"
Charlton Place	https://www.kentvenues.co.uk/venues/charlton-place	55	facilities	warning	"Only 2 facilities listed (Bar, Restaurant)"	"Expand the amenities list to include everything guests would want to know — WiFi, AV, parking, catering options, accessibility features"
Charlton Place	https://www.kentvenues.co.uk/venues/charlton-place	55	parking	warning	No parking information on the listing	"Add parking details: number of spaces, on-site vs nearby, disabled bays, EV charging, and any charges"
Charlton Place	https://www.kentvenues.co.uk/venues/charlton-place	55	accommodation	info	No accommodation details on the listing	"If on-site accommodation exists, add room count, types and pricing. If not, mention nearby hotel options for wedding parties"
Charlton Place	https://www.kentvenues.co.uk/venues/charlton-place	55	accessibility	warning	No accessibility information on the listing	"Add accessibility details: wheelchair access, step-free routes, accessible toilets, hearing loops, and accessible parking bays"
Charlton Place	https://www.kentvenues.co.uk/venues/charlton-place	55	contact	suggestion	No phone number displayed	Add a direct phone number for enquirers who prefer to call
Charlton Place	https://www.kentvenues.co.uk/venues/charlton-place	55	description	suggestion	No guest reviews or testimonials displayed	Collect and display client testimonials to build trust and credibility
Chart Hills Golf Club	https://www.kentvenues.co.uk/venues/chart-hills-golf-club-2	47	description	critical	Listing is unclaimed — the description is auto-generated boilerplate	"Claim the listing and replace the auto-generated text with a real description (200+ words) covering character, history, setting and unique selling points"
Chart Hills Golf Club	https://www.kentvenues.co.uk/venues/chart-hills-golf-club-2	47	description	warning	Description could be more detailed (101 characters)	"Consider adding more details about the venue's atmosphere, capacity ranges, and unique features"
Chart Hills Golf Club	https://www.kentvenues.co.uk/venues/chart-hills-golf-club-2	47	capacity	critical	No capacity information anywhere on the listing	"Add clear capacity figures: seated capacity, standing/reception capacity, and cabaret/boardroom/theatre layouts for each space"
Chart Hills Golf Club	https://www.kentvenues.co.uk/venues/chart-hills-golf-club-2	47	photos	suggestion	Only 4 photos — could add more	"Aim for 8-10 photos covering exterior, each main space, and example event set-ups"
Chart Hills Golf Club	https://www.kentvenues.co.uk/venues/chart-hills-golf-club-2	47	accommodation	info	No accommodation details on the listing	"If on-site accommodation exists, add room count, types and pricing. If not, mention nearby hotel options for wedding parties"
Chart Hills Golf Club	https://www.kentvenues.co.uk/venues/chart-hills-golf-club-2	47	contact	warning	"Missing social media link(s): Instagram (shown as a dead ""#"" link)"	"Add the venue's Instagram profile URL(s) — the placeholder ""#"" links look broken to visitors"
Chart Hills Golf Club	https://www.kentvenues.co.uk/venues/chart-hills-golf-club-2	47	contact	suggestion	No phone number displayed	Add a direct phone number for enquirers who prefer to call
Chart Hills Golf Club	https://www.kentvenues.co.uk/venues/chart-hills-golf-club-2	47	description	suggestion	No guest reviews or testimonials displayed	Collect and display client testimonials to build trust and credibility
Chartwell	https://www.kentvenues.co.uk/venues/chartwell	7	description	critical	Listing is unclaimed — the description is auto-generated boilerplate	"Claim the listing and replace the auto-generated text with a real description (200+ words) covering character, history, setting and unique selling points"
Chartwell	https://www.kentvenues.co.uk/venues/chartwell	7	description	warning	Description could be more detailed (100 characters)	"Consider adding more details about the venue's atmosphere, capacity ranges, and unique features"
Chartwell	https://www.kentvenues.co.uk/venues/chartwell	7	capacity	critical	No capacity information anywhere on the listing	"Add clear capacity figures: seated capacity, standing/reception capacity, and cabaret/boardroom/theatre layouts for each space"
Chartwell	https://www.kentvenues.co.uk/venues/chartwell	7	photos	warning	Only 1 photo(s) on the listing	"Add more photos — listings with 5+ images convert significantly better. Cover different spaces, angles, and event set-ups"
Chartwell	https://www.kentvenues.co.uk/venues/chartwell	7	facilities	critical	No facilities or amenities listed	"Add a complete amenities list: WiFi, AV equipment, heating, air conditioning, kitchen access, etc."
Chartwell	https://www.kentvenues.co.uk/venues/chartwell	7	parking	warning	No parking information on the listing	"Add parking details: number of spaces, on-site vs nearby, disabled bays, EV charging, and any charges"
Chartwell	https://www.kentvenues.co.uk/venues/chartwell	7	catering	warning	No catering or food/drink information on the listing	"Clarify catering options: in-house catering, approved caterers list, BYO alcohol policy, and dietary accommodations"
Chartwell	https://www.kentvenues.co.uk/venues/chartwell	7	accommodation	info	No accommodation details on the listing	"If on-site accommodation exists, add room count, types and pricing. If not, mention nearby hotel options for wedding parties"
Chartwell	https://www.kentvenues.co.uk/venues/chartwell	7	accessibility	warning	No accessibility information on the listing	"Add accessibility details: wheelchair access, step-free routes, accessible toilets, hearing loops, and accessible parking bays"
Chartwell	https://www.kentvenues.co.uk/venues/chartwell	7	contact	suggestion	No phone number displayed	Add a direct phone number for enquirers who prefer to call
Chartwell	https://www.kentvenues.co.uk/venues/chartwell	7	description	suggestion	No guest reviews or testimonials displayed	Collect and display client testimonials to build trust and credibility
Chaucer Hotel	https://www.kentvenues.co.uk/venues/chaucer-hotel	10	description	critical	Listing is unclaimed — the description is auto-generated boilerplate	"Claim the listing and replace the auto-generated text with a real description (200+ words) covering character, history, setting and unique selling points"
Chaucer Hotel	https://www.kentvenues.co.uk/venues/chaucer-hotel	10	description	warning	Description is very short (82 characters)	"Expand the description to at least 200 characters covering key details like venue style, setting, and ideal event types"
Chaucer Hotel	https://www.kentvenues.co.uk/venues/chaucer-hotel	10	capacity	critical	No capacity information anywhere on the listing	"Add clear capacity figures: seated capacity, standing/reception capacity, and cabaret/boardroom/theatre layouts for each space"
Chaucer Hotel	https://www.kentvenues.co.uk/venues/chaucer-hotel	10	photos	critical	No photographs on the listing	"Add a minimum of 5 high-quality photographs showing the venue exterior, main spaces, and set-up examples"
Chaucer Hotel	https://www.kentvenues.co.uk/venues/chaucer-hotel	10	accessibility	warning	No accessibility information on the listing	"Add accessibility details: wheelchair access, step-free routes, accessible toilets, hearing loops, and accessible parking bays"
Chaucer Hotel	https://www.kentvenues.co.uk/venues/chaucer-hotel	10	contact	warning	No contact email address behind the enquiry form	Set the venue's enquiry email so the contact form reaches the venue (currently enquirers can only use the site-wide form)
Chaucer Hotel	https://www.kentvenues.co.uk/venues/chaucer-hotel	10	contact	warning	"Missing social media link(s): Twitter/X, Instagram (shown as a dead ""#"" link)"	"Add the venue's Twitter/X and Instagram profile URL(s) — the placeholder ""#"" links look broken to visitors"
Chaucer Hotel	https://www.kentvenues.co.uk/venues/chaucer-hotel	10	contact	suggestion	No venue website link on the listing	Embed or link the venue's own website so visitors can research further
Chaucer Hotel	https://www.kentvenues.co.uk/venues/chaucer-hotel	10	contact	suggestion	No phone number displayed	Add a direct phone number for enquirers who prefer to call
Chaucer Hotel	https://www.kentvenues.co.uk/venues/chaucer-hotel	10	description	suggestion	No guest reviews or testimonials displayed	Collect and display client testimonials to build trust and credibility
Chiddingstone Castle	https://www.kentvenues.co.uk/venues/chiddingstone-castle	23	description	warning	Description could be more detailed (148 characters)	"Consider adding more details about the venue's atmosphere, capacity ranges, and unique features"
Chiddingstone Castle	https://www.kentvenues.co.uk/venues/chiddingstone-castle	23	capacity	critical	No capacity information anywhere on the listing	"Add clear capacity figures: seated capacity, standing/reception capacity, and cabaret/boardroom/theatre layouts for each space"
Chiddingstone Castle	https://www.kentvenues.co.uk/venues/chiddingstone-castle	23	photos	suggestion	Only 4 photos — could add more	"Aim for 8-10 photos covering exterior, each main space, and example event set-ups"
Chiddingstone Castle	https://www.kentvenues.co.uk/venues/chiddingstone-castle	23	facilities	critical	No facilities or amenities listed	"Add a complete amenities list: WiFi, AV equipment, heating, air conditioning, kitchen access, etc."
Chiddingstone Castle	https://www.kentvenues.co.uk/venues/chiddingstone-castle	23	parking	warning	No parking information on the listing	"Add parking details: number of spaces, on-site vs nearby, disabled bays, EV charging, and any charges"
Chiddingstone Castle	https://www.kentvenues.co.uk/venues/chiddingstone-castle	23	catering	warning	No catering or food/drink information on the listing	"Clarify catering options: in-house catering, approved caterers list, BYO alcohol policy, and dietary accommodations"
Chiddingstone Castle	https://www.kentvenues.co.uk/venues/chiddingstone-castle	23	accommodation	info	No accommodation details on the listing	"If on-site accommodation exists, add room count, types and pricing. If not, mention nearby hotel options for wedding parties"
Chiddingstone Castle	https://www.kentvenues.co.uk/venues/chiddingstone-castle	23	accessibility	warning	No accessibility information on the listing	"Add accessibility details: wheelchair access, step-free routes, accessible toilets, hearing loops, and accessible parking bays"
Chiddingstone Castle	https://www.kentvenues.co.uk/venues/chiddingstone-castle	23	contact	warning	"Missing social media link(s): Twitter/X (shown as a dead ""#"" link)"	"Add the venue's Twitter/X profile URL(s) — the placeholder ""#"" links look broken to visitors"
Chiddingstone Castle	https://www.kentvenues.co.uk/venues/chiddingstone-castle	23	contact	suggestion	No phone number displayed	Add a direct phone number for enquirers who prefer to call
Chiddingstone Castle	https://www.kentvenues.co.uk/venues/chiddingstone-castle	23	description	suggestion	No guest reviews or testimonials displayed	Collect and display client testimonials to build trust and credibility
Chilham Village Hall	https://www.kentvenues.co.uk/venues/chilham-village-hall	48	capacity	critical	No capacity information anywhere on the listing	"Add clear capacity figures: seated capacity, standing/reception capacity, and cabaret/boardroom/theatre layouts for each space"
Chilham Village Hall	https://www.kentvenues.co.uk/venues/chilham-village-hall	48	facilities	warning	Only 1 facilities listed (Parking)	"Expand the amenities list to include everything guests would want to know — WiFi, AV, parking, catering options, accessibility features"
Chilham Village Hall	https://www.kentvenues.co.uk/venues/chilham-village-hall	48	catering	warning	No catering or food/drink information on the listing	"Clarify catering options: in-house catering, approved caterers list, BYO alcohol policy, and dietary accommodations"
Chilham Village Hall	https://www.kentvenues.co.uk/venues/chilham-village-hall	48	accommodation	info	No accommodation details on the listing	"If on-site accommodation exists, add room count, types and pricing. If not, mention nearby hotel options for wedding parties"
Chilham Village Hall	https://www.kentvenues.co.uk/venues/chilham-village-hall	48	accessibility	warning	No accessibility information on the listing	"Add accessibility details: wheelchair access, step-free routes, accessible toilets, hearing loops, and accessible parking bays"
Chilham Village Hall	https://www.kentvenues.co.uk/venues/chilham-village-hall	48	contact	warning	"Missing social media link(s): Twitter/X, Instagram (shown as a dead ""#"" link)"	"Add the venue's Twitter/X and Instagram profile URL(s) — the placeholder ""#"" links look broken to visitors"
Chilham Village Hall	https://www.kentvenues.co.uk/venues/chilham-village-hall	48	contact	suggestion	No phone number displayed	Add a direct phone number for enquirers who prefer to call
Chilham Village Hall	https://www.kentvenues.co.uk/venues/chilham-village-hall	48	description	suggestion	No guest reviews or testimonials displayed	Collect and display client testimonials to build trust and credibility
Chilham Village Hall	https://www.kentvenues.co.uk/venues/chilham-village-hall	48	facilities	suggestion	Large venue has no individual rooms/spaces listed	"Break the venue into bookable spaces with individual descriptions, capacities, and photos"
Chilston Park Country House	https://www.kentvenues.co.uk/venues/chilston-park-country-house-hotel	34	description	critical	Listing is unclaimed — the description is auto-generated boilerplate	"Claim the listing and replace the auto-generated text with a real description (200+ words) covering character, history, setting and unique selling points"
Chilston Park Country House	https://www.kentvenues.co.uk/venues/chilston-park-country-house-hotel	34	description	warning	Description could be more detailed (117 characters)	"Consider adding more details about the venue's atmosphere, capacity ranges, and unique features"
Chilston Park Country House	https://www.kentvenues.co.uk/venues/chilston-park-country-house-hotel	34	capacity	critical	No capacity information anywhere on the listing	"Add clear capacity figures: seated capacity, standing/reception capacity, and cabaret/boardroom/theatre layouts for each space"
Chilston Park Country House	https://www.kentvenues.co.uk/venues/chilston-park-country-house-hotel	34	photos	suggestion	Only 3 photos — could add more	"Aim for 8-10 photos covering exterior, each main space, and example event set-ups"
Chilston Park Country House	https://www.kentvenues.co.uk/venues/chilston-park-country-house-hotel	34	facilities	warning	"Only 2 facilities listed (Wifi, Parking)"	"Expand the amenities list to include everything guests would want to know — WiFi, AV, parking, catering options, accessibility features"
Chilston Park Country House	https://www.kentvenues.co.uk/venues/chilston-park-country-house-hotel	34	catering	warning	No catering or food/drink information on the listing	"Clarify catering options: in-house catering, approved caterers list, BYO alcohol policy, and dietary accommodations"
Chilston Park Country House	https://www.kentvenues.co.uk/venues/chilston-park-country-house-hotel	34	accessibility	warning	No accessibility information on the listing	"Add accessibility details: wheelchair access, step-free routes, accessible toilets, hearing loops, and accessible parking bays"
Chilston Park Country House	https://www.kentvenues.co.uk/venues/chilston-park-country-house-hotel	34	contact	suggestion	No phone number displayed	Add a direct phone number for enquirers who prefer to call
Chilston Park Country House	https://www.kentvenues.co.uk/venues/chilston-park-country-house-hotel	34	description	suggestion	No guest reviews or testimonials displayed	Collect and display client testimonials to build trust and credibility
Chislehurst Methodist Church	https://www.kentvenues.co.uk/venues/chislehurst-methodist-church	27	capacity	critical	No capacity information anywhere on the listing	"Add clear capacity figures: seated capacity, standing/reception capacity, and cabaret/boardroom/theatre layouts for each space"
Chislehurst Methodist Church	https://www.kentvenues.co.uk/venues/chislehurst-methodist-church	27	photos	warning	Only 2 photo(s) on the listing	"Add more photos — listings with 5+ images convert significantly better. Cover different spaces, angles, and event set-ups"
Chislehurst Methodist Church	https://www.kentvenues.co.uk/venues/chislehurst-methodist-church	27	facilities	critical	No facilities or amenities listed	"Add a complete amenities list: WiFi, AV equipment, heating, air conditioning, kitchen access, etc."
Chislehurst Methodist Church	https://www.kentvenues.co.uk/venues/chislehurst-methodist-church	27	parking	warning	No parking information on the listing	"Add parking details: number of spaces, on-site vs nearby, disabled bays, EV charging, and any charges"
Chislehurst Methodist Church	https://www.kentvenues.co.uk/venues/chislehurst-methodist-church	27	catering	warning	No catering or food/drink information on the listing	"Clarify catering options: in-house catering, approved caterers list, BYO alcohol policy, and dietary accommodations"
Chislehurst Methodist Church	https://www.kentvenues.co.uk/venues/chislehurst-methodist-church	27	accessibility	warning	No accessibility information on the listing	"Add accessibility details: wheelchair access, step-free routes, accessible toilets, hearing loops, and accessible parking bays"
Chislehurst Methodist Church	https://www.kentvenues.co.uk/venues/chislehurst-methodist-church	27	contact	warning	"Missing social media link(s): Twitter/X, Instagram (shown as a dead ""#"" link)"	"Add the venue's Twitter/X and Instagram profile URL(s) — the placeholder ""#"" links look broken to visitors"
Chislehurst Methodist Church	https://www.kentvenues.co.uk/venues/chislehurst-methodist-church	27	contact	suggestion	No phone number displayed	Add a direct phone number for enquirers who prefer to call
Chislehurst Methodist Church	https://www.kentvenues.co.uk/venues/chislehurst-methodist-church	27	description	suggestion	No guest reviews or testimonials displayed	Collect and display client testimonials to build trust and credibility
Churchill Theatre	https://www.kentvenues.co.uk/venues/churchill-theatre	38	description	critical	Listing is unclaimed — the description is auto-generated boilerplate	"Claim the listing and replace the auto-generated text with a real description (200+ words) covering character, history, setting and unique selling points"
Churchill Theatre	https://www.kentvenues.co.uk/venues/churchill-theatre	38	description	warning	Description could be more detailed (100 characters)	"Consider adding more details about the venue's atmosphere, capacity ranges, and unique features"
Churchill Theatre	https://www.kentvenues.co.uk/venues/churchill-theatre	38	capacity	critical	No capacity information anywhere on the listing	"Add clear capacity figures: seated capacity, standing/reception capacity, and cabaret/boardroom/theatre layouts for each space"
Churchill Theatre	https://www.kentvenues.co.uk/venues/churchill-theatre	38	photos	suggestion	Only 3 photos — could add more	"Aim for 8-10 photos covering exterior, each main space, and example event set-ups"
Churchill Theatre	https://www.kentvenues.co.uk/venues/churchill-theatre	38	facilities	warning	"Only 2 facilities listed (Restaurant, Parking)"	"Expand the amenities list to include everything guests would want to know — WiFi, AV, parking, catering options, accessibility features"
Churchill Theatre	https://www.kentvenues.co.uk/venues/churchill-theatre	38	accommodation	info	No accommodation details on the listing	"If on-site accommodation exists, add room count, types and pricing. If not, mention nearby hotel options for wedding parties"
Churchill Theatre	https://www.kentvenues.co.uk/venues/churchill-theatre	38	accessibility	warning	No accessibility information on the listing	"Add accessibility details: wheelchair access, step-free routes, accessible toilets, hearing loops, and accessible parking bays"
Churchill Theatre	https://www.kentvenues.co.uk/venues/churchill-theatre	38	contact	suggestion	No phone number displayed	Add a direct phone number for enquirers who prefer to call
Churchill Theatre	https://www.kentvenues.co.uk/venues/churchill-theatre	38	description	suggestion	No guest reviews or testimonials displayed	Collect and display client testimonials to build trust and credibility
Cineworld Ashford	https://www.kentvenues.co.uk/venues/cineworld-ashford	86	photos	suggestion	Only 4 photos — could add more	"Aim for 8-10 photos covering exterior, each main space, and example event set-ups"
Cineworld Ashford	https://www.kentvenues.co.uk/venues/cineworld-ashford	86	contact	warning	"Missing social media link(s): Instagram (shown as a dead ""#"" link)"	"Add the venue's Instagram profile URL(s) — the placeholder ""#"" links look broken to visitors"
Cineworld Ashford	https://www.kentvenues.co.uk/venues/cineworld-ashford	86	contact	suggestion	No phone number displayed	Add a direct phone number for enquirers who prefer to call
Cineworld Ashford	https://www.kentvenues.co.uk/venues/cineworld-ashford	86	description	suggestion	No guest reviews or testimonials displayed	Collect and display client testimonials to build trust and credibility
Cineworld Bexleyheath	https://www.kentvenues.co.uk/venues/cineworld-bexleyheath	63	photos	critical	No photographs on the listing	"Add a minimum of 5 high-quality photographs showing the venue exterior, main spaces, and set-up examples"
Cineworld Bexleyheath	https://www.kentvenues.co.uk/venues/cineworld-bexleyheath	63	catering	warning	No catering or food/drink information on the listing	"Clarify catering options: in-house catering, approved caterers list, BYO alcohol policy, and dietary accommodations"
Cineworld Bexleyheath	https://www.kentvenues.co.uk/venues/cineworld-bexleyheath	63	contact	warning	"Missing social media link(s): Instagram (shown as a dead ""#"" link)"	"Add the venue's Instagram profile URL(s) — the placeholder ""#"" links look broken to visitors"
Cineworld Bexleyheath	https://www.kentvenues.co.uk/venues/cineworld-bexleyheath	63	contact	suggestion	No phone number displayed	Add a direct phone number for enquirers who prefer to call
Cineworld Bexleyheath	https://www.kentvenues.co.uk/venues/cineworld-bexleyheath	63	description	suggestion	No guest reviews or testimonials displayed	Collect and display client testimonials to build trust and credibility
Cineworld Rochester	https://www.kentvenues.co.uk/venues/cineworld-rochester	58	photos	warning	Only 1 photo(s) on the listing	"Add more photos — listings with 5+ images convert significantly better. Cover different spaces, angles, and event set-ups"
Cineworld Rochester	https://www.kentvenues.co.uk/venues/cineworld-rochester	58	facilities	critical	No facilities or amenities listed	"Add a complete amenities list: WiFi, AV equipment, heating, air conditioning, kitchen access, etc."
Cineworld Rochester	https://www.kentvenues.co.uk/venues/cineworld-rochester	58	accessibility	warning	No accessibility information on the listing	"Add accessibility details: wheelchair access, step-free routes, accessible toilets, hearing loops, and accessible parking bays"
Cineworld Rochester	https://www.kentvenues.co.uk/venues/cineworld-rochester	58	contact	warning	"Missing social media link(s): Instagram (shown as a dead ""#"" link)"	"Add the venue's Instagram profile URL(s) — the placeholder ""#"" links look broken to visitors"
Cineworld Rochester	https://www.kentvenues.co.uk/venues/cineworld-rochester	58	contact	suggestion	No phone number displayed	Add a direct phone number for enquirers who prefer to call
Cineworld Rochester	https://www.kentvenues.co.uk/venues/cineworld-rochester	58	description	suggestion	No guest reviews or testimonials displayed	Collect and display client testimonials to build trust and credibility
Cinnamon Culture	https://www.kentvenues.co.uk/venues/cinnamon-culture	59	photos	suggestion	Only 3 photos — could add more	"Aim for 8-10 photos covering exterior, each main space, and example event set-ups"
Cinnamon Culture	https://www.kentvenues.co.uk/venues/cinnamon-culture	59	facilities	critical	No facilities or amenities listed	"Add a complete amenities list: WiFi, AV equipment, heating, air conditioning, kitchen access, etc."
Cinnamon Culture	https://www.kentvenues.co.uk/venues/cinnamon-culture	59	parking	warning	No parking information on the listing	"Add parking details: number of spaces, on-site vs nearby, disabled bays, EV charging, and any charges"
Cinnamon Culture	https://www.kentvenues.co.uk/venues/cinnamon-culture	59	accessibility	warning	No accessibility information on the listing	"Add accessibility details: wheelchair access, step-free routes, accessible toilets, hearing loops, and accessible parking bays"
Cinnamon Culture	https://www.kentvenues.co.uk/venues/cinnamon-culture	59	contact	suggestion	No phone number displayed	Add a direct phone number for enquirers who prefer to call
Cinnamon Culture	https://www.kentvenues.co.uk/venues/cinnamon-culture	59	description	suggestion	No guest reviews or testimonials displayed	Collect and display client testimonials to build trust and credibility
Club Langley	https://www.kentvenues.co.uk/venues/club-langley	77	photos	suggestion	Only 4 photos — could add more	"Aim for 8-10 photos covering exterior, each main space, and example event set-ups"
Club Langley	https://www.kentvenues.co.uk/venues/club-langley	77	facilities	warning	"Only 2 facilities listed (Bar, Parking)"	"Expand the amenities list to include everything guests would want to know — WiFi, AV, parking, catering options, accessibility features"
Club Langley	https://www.kentvenues.co.uk/venues/club-langley	77	accommodation	info	No accommodation details on the listing	"If on-site accommodation exists, add room count, types and pricing. If not, mention nearby hotel options for wedding parties"
Club Langley	https://www.kentvenues.co.uk/venues/club-langley	77	contact	warning	"Missing social media link(s): Twitter/X, Instagram (shown as a dead ""#"" link)"	"Add the venue's Twitter/X and Instagram profile URL(s) — the placeholder ""#"" links look broken to visitors"
Club Langley	https://www.kentvenues.co.uk/venues/club-langley	77	contact	suggestion	No phone number displayed	Add a direct phone number for enquirers who prefer to call
Club Langley	https://www.kentvenues.co.uk/venues/club-langley	77	description	suggestion	No guest reviews or testimonials displayed	Collect and display client testimonials to build trust and credibility
Cobtree Manor	https://www.kentvenues.co.uk/venues/cobtree-manor-park-golf-course	50	capacity	critical	No capacity information anywhere on the listing	"Add clear capacity figures: seated capacity, standing/reception capacity, and cabaret/boardroom/theatre layouts for each space"
Cobtree Manor	https://www.kentvenues.co.uk/venues/cobtree-manor-park-golf-course	50	photos	warning	Only 2 photo(s) on the listing	"Add more photos — listings with 5+ images convert significantly better. Cover different spaces, angles, and event set-ups"
Cobtree Manor	https://www.kentvenues.co.uk/venues/cobtree-manor-park-golf-course	50	parking	warning	No parking information on the listing	"Add parking details: number of spaces, on-site vs nearby, disabled bays, EV charging, and any charges"
Cobtree Manor	https://www.kentvenues.co.uk/venues/cobtree-manor-park-golf-course	50	accessibility	warning	No accessibility information on the listing	"Add accessibility details: wheelchair access, step-free routes, accessible toilets, hearing loops, and accessible parking bays"
Cobtree Manor	https://www.kentvenues.co.uk/venues/cobtree-manor-park-golf-course	50	contact	warning	"Missing social media link(s): Instagram (shown as a dead ""#"" link)"	"Add the venue's Instagram profile URL(s) — the placeholder ""#"" links look broken to visitors"
Cobtree Manor	https://www.kentvenues.co.uk/venues/cobtree-manor-park-golf-course	50	contact	suggestion	No phone number displayed	Add a direct phone number for enquirers who prefer to call
Cobtree Manor	https://www.kentvenues.co.uk/venues/cobtree-manor-park-golf-course	50	description	suggestion	No guest reviews or testimonials displayed	Collect and display client testimonials to build trust and credibility
Comfort Inn Ramsgate	https://www.kentvenues.co.uk/venues/comfort-inn-ramsgate	68	capacity	critical	No capacity information anywhere on the listing	"Add clear capacity figures: seated capacity, standing/reception capacity, and cabaret/boardroom/theatre layouts for each space"
Comfort Inn Ramsgate	https://www.kentvenues.co.uk/venues/comfort-inn-ramsgate	68	accessibility	warning	No accessibility information on the listing	"Add accessibility details: wheelchair access, step-free routes, accessible toilets, hearing loops, and accessible parking bays"
Comfort Inn Ramsgate	https://www.kentvenues.co.uk/venues/comfort-inn-ramsgate	68	contact	warning	"Missing social media link(s): Instagram (shown as a dead ""#"" link)"	"Add the venue's Instagram profile URL(s) — the placeholder ""#"" links look broken to visitors"
Comfort Inn Ramsgate	https://www.kentvenues.co.uk/venues/comfort-inn-ramsgate	68	contact	suggestion	No phone number displayed	Add a direct phone number for enquirers who prefer to call
Comfort Inn Ramsgate	https://www.kentvenues.co.uk/venues/comfort-inn-ramsgate	68	description	suggestion	No guest reviews or testimonials displayed	Collect and display client testimonials to build trust and credibility
Cooling Castle Barn	https://www.kentvenues.co.uk/venues/cooling-castle-barn	17	description	critical	Listing is unclaimed — the description is auto-generated boilerplate	"Claim the listing and replace the auto-generated text with a real description (200+ words) covering character, history, setting and unique selling points"
Cooling Castle Barn	https://www.kentvenues.co.uk/venues/cooling-castle-barn	17	description	warning	Description could be more detailed (129 characters)	"Consider adding more details about the venue's atmosphere, capacity ranges, and unique features"
Cooling Castle Barn	https://www.kentvenues.co.uk/venues/cooling-castle-barn	17	capacity	critical	No capacity information anywhere on the listing	"Add clear capacity figures: seated capacity, standing/reception capacity, and cabaret/boardroom/theatre layouts for each space"
Cooling Castle Barn	https://www.kentvenues.co.uk/venues/cooling-castle-barn	17	facilities	critical	No facilities or amenities listed	"Add a complete amenities list: WiFi, AV equipment, heating, air conditioning, kitchen access, etc."
Cooling Castle Barn	https://www.kentvenues.co.uk/venues/cooling-castle-barn	17	parking	warning	No parking information on the listing	"Add parking details: number of spaces, on-site vs nearby, disabled bays, EV charging, and any charges"
Cooling Castle Barn	https://www.kentvenues.co.uk/venues/cooling-castle-barn	17	catering	warning	No catering or food/drink information on the listing	"Clarify catering options: in-house catering, approved caterers list, BYO alcohol policy, and dietary accommodations"
Cooling Castle Barn	https://www.kentvenues.co.uk/venues/cooling-castle-barn	17	accommodation	info	No accommodation details on the listing	"If on-site accommodation exists, add room count, types and pricing. If not, mention nearby hotel options for wedding parties"
Cooling Castle Barn	https://www.kentvenues.co.uk/venues/cooling-castle-barn	17	accessibility	warning	No accessibility information on the listing	"Add accessibility details: wheelchair access, step-free routes, accessible toilets, hearing loops, and accessible parking bays"
Cooling Castle Barn	https://www.kentvenues.co.uk/venues/cooling-castle-barn	17	contact	suggestion	No phone number displayed	Add a direct phone number for enquirers who prefer to call
Cooling Castle Barn	https://www.kentvenues.co.uk/venues/cooling-castle-barn	17	description	suggestion	No guest reviews or testimonials displayed	Collect and display client testimonials to build trust and credibility
Copper Rivet Distillery	https://www.kentvenues.co.uk/venues/copper-rivet-distillery	50	description	warning	Description could be more detailed (169 characters)	"Consider adding more details about the venue's atmosphere, capacity ranges, and unique features"
Copper Rivet Distillery	https://www.kentvenues.co.uk/venues/copper-rivet-distillery	50	capacity	critical	No capacity information anywhere on the listing	"Add clear capacity figures: seated capacity, standing/reception capacity, and cabaret/boardroom/theatre layouts for each space"
Copper Rivet Distillery	https://www.kentvenues.co.uk/venues/copper-rivet-distillery	50	facilities	warning	Only 1 facilities listed (Parking)	"Expand the amenities list to include everything guests would want to know — WiFi, AV, parking, catering options, accessibility features"
Copper Rivet Distillery	https://www.kentvenues.co.uk/venues/copper-rivet-distillery	50	catering	warning	No catering or food/drink information on the listing	"Clarify catering options: in-house catering, approved caterers list, BYO alcohol policy, and dietary accommodations"
Copper Rivet Distillery	https://www.kentvenues.co.uk/venues/copper-rivet-distillery	50	accommodation	info	No accommodation details on the listing	"If on-site accommodation exists, add room count, types and pricing. If not, mention nearby hotel options for wedding parties"
Copper Rivet Distillery	https://www.kentvenues.co.uk/venues/copper-rivet-distillery	50	accessibility	warning	No accessibility information on the listing	"Add accessibility details: wheelchair access, step-free routes, accessible toilets, hearing loops, and accessible parking bays"
Copper Rivet Distillery	https://www.kentvenues.co.uk/venues/copper-rivet-distillery	50	contact	suggestion	No phone number displayed	Add a direct phone number for enquirers who prefer to call
Copper Rivet Distillery	https://www.kentvenues.co.uk/venues/copper-rivet-distillery	50	description	suggestion	No guest reviews or testimonials displayed	Collect and display client testimonials to build trust and credibility
Cornerstone B&B	https://www.kentvenues.co.uk/venues/cornerstone-bb	44	capacity	critical	No capacity information anywhere on the listing	"Add clear capacity figures: seated capacity, standing/reception capacity, and cabaret/boardroom/theatre layouts for each space"
Cornerstone B&B	https://www.kentvenues.co.uk/venues/cornerstone-bb	44	photos	suggestion	Only 4 photos — could add more	"Aim for 8-10 photos covering exterior, each main space, and example event set-ups"
Cornerstone B&B	https://www.kentvenues.co.uk/venues/cornerstone-bb	44	facilities	critical	No facilities or amenities listed	"Add a complete amenities list: WiFi, AV equipment, heating, air conditioning, kitchen access, etc."
Cornerstone B&B	https://www.kentvenues.co.uk/venues/cornerstone-bb	44	parking	warning	No parking information on the listing	"Add parking details: number of spaces, on-site vs nearby, disabled bays, EV charging, and any charges"
Cornerstone B&B	https://www.kentvenues.co.uk/venues/cornerstone-bb	44	catering	warning	No catering or food/drink information on the listing	"Clarify catering options: in-house catering, approved caterers list, BYO alcohol policy, and dietary accommodations"
Cornerstone B&B	https://www.kentvenues.co.uk/venues/cornerstone-bb	44	contact	suggestion	No phone number displayed	Add a direct phone number for enquirers who prefer to call
Cornerstone B&B	https://www.kentvenues.co.uk/venues/cornerstone-bb	44	description	suggestion	No guest reviews or testimonials displayed	Collect and display client testimonials to build trust and credibility
Cornwallis Suite	https://www.kentvenues.co.uk/venues/cornwallis-suite	3	description	critical	Listing is unclaimed — the description is auto-generated boilerplate	"Claim the listing and replace the auto-generated text with a real description (200+ words) covering character, history, setting and unique selling points"
Cornwallis Suite	https://www.kentvenues.co.uk/venues/cornwallis-suite	3	description	warning	Description is very short (58 characters)	"Expand the description to at least 200 characters covering key details like venue style, setting, and ideal event types"
Cornwallis Suite	https://www.kentvenues.co.uk/venues/cornwallis-suite	3	capacity	critical	No capacity information anywhere on the listing	"Add clear capacity figures: seated capacity, standing/reception capacity, and cabaret/boardroom/theatre layouts for each space"
Cornwallis Suite	https://www.kentvenues.co.uk/venues/cornwallis-suite	3	photos	suggestion	Only 3 photos — could add more	"Aim for 8-10 photos covering exterior, each main space, and example event set-ups"
Cornwallis Suite	https://www.kentvenues.co.uk/venues/cornwallis-suite	3	facilities	critical	No facilities or amenities listed	"Add a complete amenities list: WiFi, AV equipment, heating, air conditioning, kitchen access, etc."
Cornwallis Suite	https://www.kentvenues.co.uk/venues/cornwallis-suite	3	parking	warning	No parking information on the listing	"Add parking details: number of spaces, on-site vs nearby, disabled bays, EV charging, and any charges"
Cornwallis Suite	https://www.kentvenues.co.uk/venues/cornwallis-suite	3	catering	warning	No catering or food/drink information on the listing	"Clarify catering options: in-house catering, approved caterers list, BYO alcohol policy, and dietary accommodations"
Cornwallis Suite	https://www.kentvenues.co.uk/venues/cornwallis-suite	3	accommodation	info	No accommodation details on the listing	"If on-site accommodation exists, add room count, types and pricing. If not, mention nearby hotel options for wedding parties"
Cornwallis Suite	https://www.kentvenues.co.uk/venues/cornwallis-suite	3	accessibility	warning	No accessibility information on the listing	"Add accessibility details: wheelchair access, step-free routes, accessible toilets, hearing loops, and accessible parking bays"
Cornwallis Suite	https://www.kentvenues.co.uk/venues/cornwallis-suite	3	contact	warning	"Missing social media link(s): Twitter/X, Instagram (shown as a dead ""#"" link)"	"Add the venue's Twitter/X and Instagram profile URL(s) — the placeholder ""#"" links look broken to visitors"
Cornwallis Suite	https://www.kentvenues.co.uk/venues/cornwallis-suite	3	contact	suggestion	No phone number displayed	Add a direct phone number for enquirers who prefer to call
Cornwallis Suite	https://www.kentvenues.co.uk/venues/cornwallis-suite	3	description	suggestion	No guest reviews or testimonials displayed	Collect and display client testimonials to build trust and credibility
County Ground Beckenham	https://www.kentvenues.co.uk/venues/county-ground-beckenham	60	facilities	critical	No facilities or amenities listed	"Add a complete amenities list: WiFi, AV equipment, heating, air conditioning, kitchen access, etc."
County Ground Beckenham	https://www.kentvenues.co.uk/venues/county-ground-beckenham	60	parking	warning	No parking information on the listing	"Add parking details: number of spaces, on-site vs nearby, disabled bays, EV charging, and any charges"
County Ground Beckenham	https://www.kentvenues.co.uk/venues/county-ground-beckenham	60	accommodation	info	No accommodation details on the listing	"If on-site accommodation exists, add room count, types and pricing. If not, mention nearby hotel options for wedding parties"
County Ground Beckenham	https://www.kentvenues.co.uk/venues/county-ground-beckenham	60	accessibility	warning	No accessibility information on the listing	"Add accessibility details: wheelchair access, step-free routes, accessible toilets, hearing loops, and accessible parking bays"
County Ground Beckenham	https://www.kentvenues.co.uk/venues/county-ground-beckenham	60	contact	suggestion	No phone number displayed	Add a direct phone number for enquirers who prefer to call
County Ground Beckenham	https://www.kentvenues.co.uk/venues/county-ground-beckenham	60	description	suggestion	No guest reviews or testimonials displayed	Collect and display client testimonials to build trust and credibility
County Hall	https://www.kentvenues.co.uk/venues/county-hall	0	description	critical	Listing is unclaimed — the description is auto-generated boilerplate	"Claim the listing and replace the auto-generated text with a real description (200+ words) covering character, history, setting and unique selling points"
County Hall	https://www.kentvenues.co.uk/venues/county-hall	0	description	warning	Description is very short (94 characters)	"Expand the description to at least 200 characters covering key details like venue style, setting, and ideal event types"
County Hall	https://www.kentvenues.co.uk/venues/county-hall	0	capacity	critical	No capacity information anywhere on the listing	"Add clear capacity figures: seated capacity, standing/reception capacity, and cabaret/boardroom/theatre layouts for each space"
County Hall	https://www.kentvenues.co.uk/venues/county-hall	0	photos	critical	No photographs on the listing	"Add a minimum of 5 high-quality photographs showing the venue exterior, main spaces, and set-up examples"
County Hall	https://www.kentvenues.co.uk/venues/county-hall	0	facilities	critical	No facilities or amenities listed	"Add a complete amenities list: WiFi, AV equipment, heating, air conditioning, kitchen access, etc."
County Hall	https://www.kentvenues.co.uk/venues/county-hall	0	parking	warning	No parking information on the listing	"Add parking details: number of spaces, on-site vs nearby, disabled bays, EV charging, and any charges"
County Hall	https://www.kentvenues.co.uk/venues/county-hall	0	catering	warning	No catering or food/drink information on the listing	"Clarify catering options: in-house catering, approved caterers list, BYO alcohol policy, and dietary accommodations"
County Hall	https://www.kentvenues.co.uk/venues/county-hall	0	accommodation	info	No accommodation details on the listing	"If on-site accommodation exists, add room count, types and pricing. If not, mention nearby hotel options for wedding parties"
County Hall	https://www.kentvenues.co.uk/venues/county-hall	0	accessibility	warning	No accessibility information on the listing	"Add accessibility details: wheelchair access, step-free routes, accessible toilets, hearing loops, and accessible parking bays"
County Hall	https://www.kentvenues.co.uk/venues/county-hall	0	contact	critical	"No contact information at all — no email, no social media, no website link"	Add at minimum a contact email and the venue's website and social media links so enquirers can reach the venue directly
County Hall	https://www.kentvenues.co.uk/venues/county-hall	0	description	suggestion	No guest reviews or testimonials displayed	Collect and display client testimonials to build trust and credibility
County Hall	https://www.kentvenues.co.uk/venues/county-hall	0	facilities	suggestion	Large venue has no individual rooms/spaces listed	"Break the venue into bookable spaces with individual descriptions, capacities, and photos"
County Hotel	https://www.kentvenues.co.uk/venues/county-hotel	0	description	critical	Listing is unclaimed — the description is auto-generated boilerplate	"Claim the listing and replace the auto-generated text with a real description (200+ words) covering character, history, setting and unique selling points"
County Hotel	https://www.kentvenues.co.uk/venues/county-hotel	0	description	warning	Description is very short (80 characters)	"Expand the description to at least 200 characters covering key details like venue style, setting, and ideal event types"
County Hotel	https://www.kentvenues.co.uk/venues/county-hotel	0	capacity	critical	No capacity information anywhere on the listing	"Add clear capacity figures: seated capacity, standing/reception capacity, and cabaret/boardroom/theatre layouts for each space"
County Hotel	https://www.kentvenues.co.uk/venues/county-hotel	0	photos	critical	No photographs on the listing	"Add a minimum of 5 high-quality photographs showing the venue exterior, main spaces, and set-up examples"
County Hotel	https://www.kentvenues.co.uk/venues/county-hotel	0	parking	warning	No parking information on the listing	"Add parking details: number of spaces, on-site vs nearby, disabled bays, EV charging, and any charges"
County Hotel	https://www.kentvenues.co.uk/venues/county-hotel	0	accessibility	warning	No accessibility information on the listing	"Add accessibility details: wheelchair access, step-free routes, accessible toilets, hearing loops, and accessible parking bays"
County Hotel	https://www.kentvenues.co.uk/venues/county-hotel	0	contact	warning	No contact email address behind the enquiry form	Set the venue's enquiry email so the contact form reaches the venue (currently enquirers can only use the site-wide form)
County Hotel	https://www.kentvenues.co.uk/venues/county-hotel	0	contact	warning	No social media links — all three social icons are unfilled placeholders	"Add the venue's Facebook, Twitter/X and Instagram profile URLs"
County Hotel	https://www.kentvenues.co.uk/venues/county-hotel	0	contact	suggestion	No phone number displayed	Add a direct phone number for enquirers who prefer to call
County Hotel	https://www.kentvenues.co.uk/venues/county-hotel	0	description	suggestion	No guest reviews or testimonials displayed	Collect and display client testimonials to build trust and credibility
County Hotel	https://www.kentvenues.co.uk/venues/county-hotel	0	facilities	suggestion	Large venue has no individual rooms/spaces listed	"Break the venue into bookable spaces with individual descriptions, capacities, and photos"
Court Lodge Estate	https://www.kentvenues.co.uk/venues/court-lodge-estate	0	description	critical	Listing is unclaimed — the description is auto-generated boilerplate	"Claim the listing and replace the auto-generated text with a real description (200+ words) covering character, history, setting and unique selling points"
Court Lodge Estate	https://www.kentvenues.co.uk/venues/court-lodge-estate	0	description	warning	Description is very short (90 characters)	"Expand the description to at least 200 characters covering key details like venue style, setting, and ideal event types"
Court Lodge Estate	https://www.kentvenues.co.uk/venues/court-lodge-estate	0	capacity	critical	No capacity information anywhere on the listing	"Add clear capacity figures: seated capacity, standing/reception capacity, and cabaret/boardroom/theatre layouts for each space"
Court Lodge Estate	https://www.kentvenues.co.uk/venues/court-lodge-estate	0	photos	warning	Only 2 photo(s) on the listing	"Add more photos — listings with 5+ images convert significantly better. Cover different spaces, angles, and event set-ups"
Court Lodge Estate	https://www.kentvenues.co.uk/venues/court-lodge-estate	0	facilities	critical	No facilities or amenities listed	"Add a complete amenities list: WiFi, AV equipment, heating, air conditioning, kitchen access, etc."
Court Lodge Estate	https://www.kentvenues.co.uk/venues/court-lodge-estate	0	parking	warning	No parking information on the listing	"Add parking details: number of spaces, on-site vs nearby, disabled bays, EV charging, and any charges"
Court Lodge Estate	https://www.kentvenues.co.uk/venues/court-lodge-estate	0	catering	warning	No catering or food/drink information on the listing	"Clarify catering options: in-house catering, approved caterers list, BYO alcohol policy, and dietary accommodations"
Court Lodge Estate	https://www.kentvenues.co.uk/venues/court-lodge-estate	0	accommodation	info	No accommodation details on the listing	"If on-site accommodation exists, add room count, types and pricing. If not, mention nearby hotel options for wedding parties"
Court Lodge Estate	https://www.kentvenues.co.uk/venues/court-lodge-estate	0	accessibility	warning	No accessibility information on the listing	"Add accessibility details: wheelchair access, step-free routes, accessible toilets, hearing loops, and accessible parking bays"
Court Lodge Estate	https://www.kentvenues.co.uk/venues/court-lodge-estate	0	contact	warning	No contact email address behind the enquiry form	Set the venue's enquiry email so the contact form reaches the venue (currently enquirers can only use the site-wide form)
Court Lodge Estate	https://www.kentvenues.co.uk/venues/court-lodge-estate	0	contact	suggestion	No phone number displayed	Add a direct phone number for enquirers who prefer to call
Court Lodge Estate	https://www.kentvenues.co.uk/venues/court-lodge-estate	0	description	suggestion	No guest reviews or testimonials displayed	Collect and display client testimonials to build trust and credibility
Court Lodge Estate	https://www.kentvenues.co.uk/venues/court-lodge-estate	0	facilities	suggestion	Large venue has no individual rooms/spaces listed	"Break the venue into bookable spaces with individual descriptions, capacities, and photos"
Crofton Halls	https://www.kentvenues.co.uk/venues/crofton-halls	28	capacity	critical	No capacity information anywhere on the listing	"Add clear capacity figures: seated capacity, standing/reception capacity, and cabaret/boardroom/theatre layouts for each space"
Crofton Halls	https://www.kentvenues.co.uk/venues/crofton-halls	28	photos	warning	Only 2 photo(s) on the listing	"Add more photos — listings with 5+ images convert significantly better. Cover different spaces, angles, and event set-ups"
Crofton Halls	https://www.kentvenues.co.uk/venues/crofton-halls	28	facilities	critical	No facilities or amenities listed	"Add a complete amenities list: WiFi, AV equipment, heating, air conditioning, kitchen access, etc."
Crofton Halls	https://www.kentvenues.co.uk/venues/crofton-halls	28	parking	warning	No parking information on the listing	"Add parking details: number of spaces, on-site vs nearby, disabled bays, EV charging, and any charges"
Crofton Halls	https://www.kentvenues.co.uk/venues/crofton-halls	28	accommodation	info	No accommodation details on the listing	"If on-site accommodation exists, add room count, types and pricing. If not, mention nearby hotel options for wedding parties"
Crofton Halls	https://www.kentvenues.co.uk/venues/crofton-halls	28	accessibility	warning	No accessibility information on the listing	"Add accessibility details: wheelchair access, step-free routes, accessible toilets, hearing loops, and accessible parking bays"
Crofton Halls	https://www.kentvenues.co.uk/venues/crofton-halls	28	contact	warning	"Missing social media link(s): Facebook, Instagram (shown as a dead ""#"" link)"	"Add the venue's Facebook and Instagram profile URL(s) — the placeholder ""#"" links look broken to visitors"
Crofton Halls	https://www.kentvenues.co.uk/venues/crofton-halls	28	contact	suggestion	No phone number displayed	Add a direct phone number for enquirers who prefer to call
Crofton Halls	https://www.kentvenues.co.uk/venues/crofton-halls	28	description	suggestion	No guest reviews or testimonials displayed	Collect and display client testimonials to build trust and credibility
Crofton Halls	https://www.kentvenues.co.uk/venues/crofton-halls	28	facilities	suggestion	Large venue has no individual rooms/spaces listed	"Break the venue into bookable spaces with individual descriptions, capacities, and photos"
Crown Inn	https://www.kentvenues.co.uk/venues/crown-inn	56	capacity	critical	No capacity information anywhere on the listing	"Add clear capacity figures: seated capacity, standing/reception capacity, and cabaret/boardroom/theatre layouts for each space"
Crown Inn	https://www.kentvenues.co.uk/venues/crown-inn	56	photos	warning	Only 1 photo(s) on the listing	"Add more photos — listings with 5+ images convert significantly better. Cover different spaces, angles, and event set-ups"
Crown Inn	https://www.kentvenues.co.uk/venues/crown-inn	56	accessibility	warning	No accessibility information on the listing	"Add accessibility details: wheelchair access, step-free routes, accessible toilets, hearing loops, and accessible parking bays"
Crown Inn	https://www.kentvenues.co.uk/venues/crown-inn	56	contact	warning	No social media links — all three social icons are unfilled placeholders	"Add the venue's Facebook, Twitter/X and Instagram profile URLs"
Crown Inn	https://www.kentvenues.co.uk/venues/crown-inn	56	contact	suggestion	No phone number displayed	Add a direct phone number for enquirers who prefer to call
Crown Inn	https://www.kentvenues.co.uk/venues/crown-inn	56	description	suggestion	No guest reviews or testimonials displayed	Collect and display client testimonials to build trust and credibility
Curzon Canterbury	https://www.kentvenues.co.uk/venues/curzon-canterbury	4	description	critical	Listing is unclaimed — the description is auto-generated boilerplate	"Claim the listing and replace the auto-generated text with a real description (200+ words) covering character, history, setting and unique selling points"
Curzon Canterbury	https://www.kentvenues.co.uk/venues/curzon-canterbury	4	description	warning	Description is very short (93 characters)	"Expand the description to at least 200 characters covering key details like venue style, setting, and ideal event types"
Curzon Canterbury	https://www.kentvenues.co.uk/venues/curzon-canterbury	4	capacity	critical	No capacity information anywhere on the listing	"Add clear capacity figures: seated capacity, standing/reception capacity, and cabaret/boardroom/theatre layouts for each space"
Curzon Canterbury	https://www.kentvenues.co.uk/venues/curzon-canterbury	4	photos	suggestion	Only 3 photos — could add more	"Aim for 8-10 photos covering exterior, each main space, and example event set-ups"
Curzon Canterbury	https://www.kentvenues.co.uk/venues/curzon-canterbury	4	facilities	critical	No facilities or amenities listed	"Add a complete amenities list: WiFi, AV equipment, heating, air conditioning, kitchen access, etc."
Curzon Canterbury	https://www.kentvenues.co.uk/venues/curzon-canterbury	4	parking	warning	No parking information on the listing	"Add parking details: number of spaces, on-site vs nearby, disabled bays, EV charging, and any charges"
Curzon Canterbury	https://www.kentvenues.co.uk/venues/curzon-canterbury	4	catering	warning	No catering or food/drink information on the listing	"Clarify catering options: in-house catering, approved caterers list, BYO alcohol policy, and dietary accommodations"
Curzon Canterbury	https://www.kentvenues.co.uk/venues/curzon-canterbury	4	accommodation	info	No accommodation details on the listing	"If on-site accommodation exists, add room count, types and pricing. If not, mention nearby hotel options for wedding parties"
Curzon Canterbury	https://www.kentvenues.co.uk/venues/curzon-canterbury	4	accessibility	warning	No accessibility information on the listing	"Add accessibility details: wheelchair access, step-free routes, accessible toilets, hearing loops, and accessible parking bays"
Curzon Canterbury	https://www.kentvenues.co.uk/venues/curzon-canterbury	4	contact	suggestion	No venue website link on the listing	Embed or link the venue's own website so visitors can research further
Curzon Canterbury	https://www.kentvenues.co.uk/venues/curzon-canterbury	4	contact	suggestion	No phone number displayed	Add a direct phone number for enquirers who prefer to call
Curzon Canterbury	https://www.kentvenues.co.uk/venues/curzon-canterbury	4	description	suggestion	No guest reviews or testimonials displayed	Collect and display client testimonials to build trust and credibility
Danson House	https://www.kentvenues.co.uk/venues/danson-house	28	capacity	critical	No capacity information anywhere on the listing	"Add clear capacity figures: seated capacity, standing/reception capacity, and cabaret/boardroom/theatre layouts for each space"
Danson House	https://www.kentvenues.co.uk/venues/danson-house	28	photos	suggestion	Only 4 photos — could add more	"Aim for 8-10 photos covering exterior, each main space, and example event set-ups"
Danson House	https://www.kentvenues.co.uk/venues/danson-house	28	facilities	critical	No facilities or amenities listed	"Add a complete amenities list: WiFi, AV equipment, heating, air conditioning, kitchen access, etc."
Danson House	https://www.kentvenues.co.uk/venues/danson-house	28	parking	warning	No parking information on the listing	"Add parking details: number of spaces, on-site vs nearby, disabled bays, EV charging, and any charges"
Danson House	https://www.kentvenues.co.uk/venues/danson-house	28	catering	warning	No catering or food/drink information on the listing	"Clarify catering options: in-house catering, approved caterers list, BYO alcohol policy, and dietary accommodations"
Danson House	https://www.kentvenues.co.uk/venues/danson-house	28	accommodation	info	No accommodation details on the listing	"If on-site accommodation exists, add room count, types and pricing. If not, mention nearby hotel options for wedding parties"
Danson House	https://www.kentvenues.co.uk/venues/danson-house	28	accessibility	warning	No accessibility information on the listing	"Add accessibility details: wheelchair access, step-free routes, accessible toilets, hearing loops, and accessible parking bays"
Danson House	https://www.kentvenues.co.uk/venues/danson-house	28	contact	warning	"Missing social media link(s): Twitter/X, Instagram (shown as a dead ""#"" link)"	"Add the venue's Twitter/X and Instagram profile URL(s) — the placeholder ""#"" links look broken to visitors"
Danson House	https://www.kentvenues.co.uk/venues/danson-house	28	contact	suggestion	No phone number displayed	Add a direct phone number for enquirers who prefer to call
Danson House	https://www.kentvenues.co.uk/venues/danson-house	28	description	suggestion	No guest reviews or testimonials displayed	Collect and display client testimonials to build trust and credibility
Darling Buds Farm	https://www.kentvenues.co.uk/venues/darling-buds-farm	43	facilities	critical	No facilities or amenities listed	"Add a complete amenities list: WiFi, AV equipment, heating, air conditioning, kitchen access, etc."
Darling Buds Farm	https://www.kentvenues.co.uk/venues/darling-buds-farm	43	parking	warning	No parking information on the listing	"Add parking details: number of spaces, on-site vs nearby, disabled bays, EV charging, and any charges"
Darling Buds Farm	https://www.kentvenues.co.uk/venues/darling-buds-farm	43	catering	warning	No catering or food/drink information on the listing	"Clarify catering options: in-house catering, approved caterers list, BYO alcohol policy, and dietary accommodations"
Darling Buds Farm	https://www.kentvenues.co.uk/venues/darling-buds-farm	43	accessibility	warning	No accessibility information on the listing	"Add accessibility details: wheelchair access, step-free routes, accessible toilets, hearing loops, and accessible parking bays"
Darling Buds Farm	https://www.kentvenues.co.uk/venues/darling-buds-farm	43	contact	critical	"No contact information at all — no email, no social media, no website link"	Add at minimum a contact email and the venue's website and social media links so enquirers can reach the venue directly
Darling Buds Farm	https://www.kentvenues.co.uk/venues/darling-buds-farm	43	description	suggestion	No guest reviews or testimonials displayed	Collect and display client testimonials to build trust and credibility
Deal Town Hall	https://www.kentvenues.co.uk/venues/deal-town-hall	32	capacity	critical	No capacity information anywhere on the listing	"Add clear capacity figures: seated capacity, standing/reception capacity, and cabaret/boardroom/theatre layouts for each space"
Deal Town Hall	https://www.kentvenues.co.uk/venues/deal-town-hall	32	photos	warning	Only 1 photo(s) on the listing	"Add more photos — listings with 5+ images convert significantly better. Cover different spaces, angles, and event set-ups"
Deal Town Hall	https://www.kentvenues.co.uk/venues/deal-town-hall	32	facilities	critical	No facilities or amenities listed	"Add a complete amenities list: WiFi, AV equipment, heating, air conditioning, kitchen access, etc."
Deal Town Hall	https://www.kentvenues.co.uk/venues/deal-town-hall	32	parking	warning	No parking information on the listing	"Add parking details: number of spaces, on-site vs nearby, disabled bays, EV charging, and any charges"
Deal Town Hall	https://www.kentvenues.co.uk/venues/deal-town-hall	32	accessibility	warning	No accessibility information on the listing	"Add accessibility details: wheelchair access, step-free routes, accessible toilets, hearing loops, and accessible parking bays"
Deal Town Hall	https://www.kentvenues.co.uk/venues/deal-town-hall	32	contact	warning	"Missing social media link(s): Twitter/X, Instagram (shown as a dead ""#"" link)"	"Add the venue's Twitter/X and Instagram profile URL(s) — the placeholder ""#"" links look broken to visitors"
Deal Town Hall	https://www.kentvenues.co.uk/venues/deal-town-hall	32	contact	suggestion	No phone number displayed	Add a direct phone number for enquirers who prefer to call
Deal Town Hall	https://www.kentvenues.co.uk/venues/deal-town-hall	32	description	suggestion	No guest reviews or testimonials displayed	Collect and display client testimonials to build trust and credibility
Deal Town Hall	https://www.kentvenues.co.uk/venues/deal-town-hall	32	facilities	suggestion	Large venue has no individual rooms/spaces listed	"Break the venue into bookable spaces with individual descriptions, capacities, and photos"
Detling Corporate Services Conference Room	https://www.kentvenues.co.uk/venues/detling-corporate-services-conference-room	0	description	warning	Description is very short (74 characters)	"Expand the description to at least 200 characters covering key details like venue style, setting, and ideal event types"
Detling Corporate Services Conference Room	https://www.kentvenues.co.uk/venues/detling-corporate-services-conference-room	0	capacity	critical	No capacity information anywhere on the listing	"Add clear capacity figures: seated capacity, standing/reception capacity, and cabaret/boardroom/theatre layouts for each space"
Detling Corporate Services Conference Room	https://www.kentvenues.co.uk/venues/detling-corporate-services-conference-room	0	photos	critical	No photographs on the listing	"Add a minimum of 5 high-quality photographs showing the venue exterior, main spaces, and set-up examples"
Detling Corporate Services Conference Room	https://www.kentvenues.co.uk/venues/detling-corporate-services-conference-room	0	facilities	critical	No facilities or amenities listed	"Add a complete amenities list: WiFi, AV equipment, heating, air conditioning, kitchen access, etc."
Detling Corporate Services Conference Room	https://www.kentvenues.co.uk/venues/detling-corporate-services-conference-room	0	parking	warning	No parking information on the listing	"Add parking details: number of spaces, on-site vs nearby, disabled bays, EV charging, and any charges"
Detling Corporate Services Conference Room	https://www.kentvenues.co.uk/venues/detling-corporate-services-conference-room	0	catering	warning	No catering or food/drink information on the listing	"Clarify catering options: in-house catering, approved caterers list, BYO alcohol policy, and dietary accommodations"
Detling Corporate Services Conference Room	https://www.kentvenues.co.uk/venues/detling-corporate-services-conference-room	0	accommodation	info	No accommodation details on the listing	"If on-site accommodation exists, add room count, types and pricing. If not, mention nearby hotel options for wedding parties"
Detling Corporate Services Conference Room	https://www.kentvenues.co.uk/venues/detling-corporate-services-conference-room	0	accessibility	warning	No accessibility information on the listing	"Add accessibility details: wheelchair access, step-free routes, accessible toilets, hearing loops, and accessible parking bays"
Detling Corporate Services Conference Room	https://www.kentvenues.co.uk/venues/detling-corporate-services-conference-room	0	contact	warning	No contact email address behind the enquiry form	Set the venue's enquiry email so the contact form reaches the venue (currently enquirers can only use the site-wide form)
Detling Corporate Services Conference Room	https://www.kentvenues.co.uk/venues/detling-corporate-services-conference-room	0	contact	warning	No social media links — all three social icons are unfilled placeholders	"Add the venue's Facebook, Twitter/X and Instagram profile URLs"
Detling Corporate Services Conference Room	https://www.kentvenues.co.uk/venues/detling-corporate-services-conference-room	0	contact	suggestion	No phone number displayed	Add a direct phone number for enquirers who prefer to call
Detling Corporate Services Conference Room	https://www.kentvenues.co.uk/venues/detling-corporate-services-conference-room	0	description	suggestion	No guest reviews or testimonials displayed	Collect and display client testimonials to build trust and credibility
Diggerland	https://www.kentvenues.co.uk/venues/diggerland	25	description	critical	Listing is unclaimed — the description is auto-generated boilerplate	"Claim the listing and replace the auto-generated text with a real description (200+ words) covering character, history, setting and unique selling points"
Diggerland	https://www.kentvenues.co.uk/venues/diggerland	25	description	warning	Description could be more detailed (127 characters)	"Consider adding more details about the venue's atmosphere, capacity ranges, and unique features"
Diggerland	https://www.kentvenues.co.uk/venues/diggerland	25	capacity	critical	No capacity information anywhere on the listing	"Add clear capacity figures: seated capacity, standing/reception capacity, and cabaret/boardroom/theatre layouts for each space"
Diggerland	https://www.kentvenues.co.uk/venues/diggerland	25	photos	warning	Only 2 photo(s) on the listing	"Add more photos — listings with 5+ images convert significantly better. Cover different spaces, angles, and event set-ups"
Diggerland	https://www.kentvenues.co.uk/venues/diggerland	25	facilities	warning	Only 1 facilities listed (Parking)	"Expand the amenities list to include everything guests would want to know — WiFi, AV, parking, catering options, accessibility features"
Diggerland	https://www.kentvenues.co.uk/venues/diggerland	25	catering	warning	No catering or food/drink information on the listing	"Clarify catering options: in-house catering, approved caterers list, BYO alcohol policy, and dietary accommodations"
Diggerland	https://www.kentvenues.co.uk/venues/diggerland	25	accommodation	info	No accommodation details on the listing	"If on-site accommodation exists, add room count, types and pricing. If not, mention nearby hotel options for wedding parties"
Diggerland	https://www.kentvenues.co.uk/venues/diggerland	25	accessibility	warning	No accessibility information on the listing	"Add accessibility details: wheelchair access, step-free routes, accessible toilets, hearing loops, and accessible parking bays"
Diggerland	https://www.kentvenues.co.uk/venues/diggerland	25	contact	suggestion	No phone number displayed	Add a direct phone number for enquirers who prefer to call
Diggerland	https://www.kentvenues.co.uk/venues/diggerland	25	description	suggestion	No guest reviews or testimonials displayed	Collect and display client testimonials to build trust and credibility
Dode Church	https://www.kentvenues.co.uk/venues/dode-church	0	description	critical	Listing is unclaimed — the description is auto-generated boilerplate	"Claim the listing and replace the auto-generated text with a real description (200+ words) covering character, history, setting and unique selling points"
Dode Church	https://www.kentvenues.co.uk/venues/dode-church	0	description	warning	Description is very short (79 characters)	"Expand the description to at least 200 characters covering key details like venue style, setting, and ideal event types"
Dode Church	https://www.kentvenues.co.uk/venues/dode-church	0	capacity	critical	No capacity information anywhere on the listing	"Add clear capacity figures: seated capacity, standing/reception capacity, and cabaret/boardroom/theatre layouts for each space"
Dode Church	https://www.kentvenues.co.uk/venues/dode-church	0	photos	critical	No photographs on the listing	"Add a minimum of 5 high-quality photographs showing the venue exterior, main spaces, and set-up examples"
Dode Church	https://www.kentvenues.co.uk/venues/dode-church	0	facilities	critical	No facilities or amenities listed	"Add a complete amenities list: WiFi, AV equipment, heating, air conditioning, kitchen access, etc."
Dode Church	https://www.kentvenues.co.uk/venues/dode-church	0	parking	warning	No parking information on the listing	"Add parking details: number of spaces, on-site vs nearby, disabled bays, EV charging, and any charges"
Dode Church	https://www.kentvenues.co.uk/venues/dode-church	0	catering	warning	No catering or food/drink information on the listing	"Clarify catering options: in-house catering, approved caterers list, BYO alcohol policy, and dietary accommodations"
Dode Church	https://www.kentvenues.co.uk/venues/dode-church	0	accommodation	info	No accommodation details on the listing	"If on-site accommodation exists, add room count, types and pricing. If not, mention nearby hotel options for wedding parties"
Dode Church	https://www.kentvenues.co.uk/venues/dode-church	0	accessibility	warning	No accessibility information on the listing	"Add accessibility details: wheelchair access, step-free routes, accessible toilets, hearing loops, and accessible parking bays"
Dode Church	https://www.kentvenues.co.uk/venues/dode-church	0	contact	warning	No social media links — all three social icons are unfilled placeholders	"Add the venue's Facebook, Twitter/X and Instagram profile URLs"
Dode Church	https://www.kentvenues.co.uk/venues/dode-church	0	contact	suggestion	No venue website link on the listing	Embed or link the venue's own website so visitors can research further
Dode Church	https://www.kentvenues.co.uk/venues/dode-church	0	contact	suggestion	No phone number displayed	Add a direct phone number for enquirers who prefer to call
Dode Church	https://www.kentvenues.co.uk/venues/dode-church	0	description	suggestion	No guest reviews or testimonials displayed	Collect and display client testimonials to build trust and credibility
Dog & Bear Hotel	https://www.kentvenues.co.uk/venues/dog-bear-hotel	40	description	critical	Listing is unclaimed — the description is auto-generated boilerplate	"Claim the listing and replace the auto-generated text with a real description (200+ words) covering character, history, setting and unique selling points"
Dog & Bear Hotel	https://www.kentvenues.co.uk/venues/dog-bear-hotel	40	description	warning	Description could be more detailed (106 characters)	"Consider adding more details about the venue's atmosphere, capacity ranges, and unique features"
Dog & Bear Hotel	https://www.kentvenues.co.uk/venues/dog-bear-hotel	40	capacity	critical	No capacity information anywhere on the listing	"Add clear capacity figures: seated capacity, standing/reception capacity, and cabaret/boardroom/theatre layouts for each space"
Dog & Bear Hotel	https://www.kentvenues.co.uk/venues/dog-bear-hotel	40	parking	warning	No parking information on the listing	"Add parking details: number of spaces, on-site vs nearby, disabled bays, EV charging, and any charges"
Dog & Bear Hotel	https://www.kentvenues.co.uk/venues/dog-bear-hotel	40	accessibility	warning	No accessibility information on the listing	"Add accessibility details: wheelchair access, step-free routes, accessible toilets, hearing loops, and accessible parking bays"
Dog & Bear Hotel	https://www.kentvenues.co.uk/venues/dog-bear-hotel	40	contact	warning	"Missing social media link(s): Twitter/X (shown as a dead ""#"" link)"	"Add the venue's Twitter/X profile URL(s) — the placeholder ""#"" links look broken to visitors"
Dog & Bear Hotel	https://www.kentvenues.co.uk/venues/dog-bear-hotel	40	contact	suggestion	No phone number displayed	Add a direct phone number for enquirers who prefer to call
Dog & Bear Hotel	https://www.kentvenues.co.uk/venues/dog-bear-hotel	40	description	suggestion	No guest reviews or testimonials displayed	Collect and display client testimonials to build trust and credibility
Donnington Manor	https://www.kentvenues.co.uk/venues/donnington-manor	83	accessibility	warning	No accessibility information on the listing	"Add accessibility details: wheelchair access, step-free routes, accessible toilets, hearing loops, and accessible parking bays"
Donnington Manor	https://www.kentvenues.co.uk/venues/donnington-manor	83	contact	warning	"Missing social media link(s): Instagram (shown as a dead ""#"" link)"	"Add the venue's Instagram profile URL(s) — the placeholder ""#"" links look broken to visitors"
Donnington Manor	https://www.kentvenues.co.uk/venues/donnington-manor	83	contact	suggestion	No phone number displayed	Add a direct phone number for enquirers who prefer to call
Donnington Manor	https://www.kentvenues.co.uk/venues/donnington-manor	83	description	suggestion	No guest reviews or testimonials displayed	Collect and display client testimonials to build trust and credibility
DoubleTree by Hilton Dartford Bridge	https://www.kentvenues.co.uk/venues/doubletree-by-hilton-dartford-bridge	60	capacity	critical	No capacity information anywhere on the listing	"Add clear capacity figures: seated capacity, standing/reception capacity, and cabaret/boardroom/theatre layouts for each space"
DoubleTree by Hilton Dartford Bridge	https://www.kentvenues.co.uk/venues/doubletree-by-hilton-dartford-bridge	60	photos	suggestion	Only 4 photos — could add more	"Aim for 8-10 photos covering exterior, each main space, and example event set-ups"
DoubleTree by Hilton Dartford Bridge	https://www.kentvenues.co.uk/venues/doubletree-by-hilton-dartford-bridge	60	accommodation	info	No accommodation details on the listing	"If on-site accommodation exists, add room count, types and pricing. If not, mention nearby hotel options for wedding parties"
DoubleTree by Hilton Dartford Bridge	https://www.kentvenues.co.uk/venues/doubletree-by-hilton-dartford-bridge	60	accessibility	warning	No accessibility information on the listing	"Add accessibility details: wheelchair access, step-free routes, accessible toilets, hearing loops, and accessible parking bays"
DoubleTree by Hilton Dartford Bridge	https://www.kentvenues.co.uk/venues/doubletree-by-hilton-dartford-bridge	60	contact	suggestion	No venue website link on the listing	Embed or link the venue's own website so visitors can research further
DoubleTree by Hilton Dartford Bridge	https://www.kentvenues.co.uk/venues/doubletree-by-hilton-dartford-bridge	60	contact	suggestion	No phone number displayed	Add a direct phone number for enquirers who prefer to call
DoubleTree by Hilton Dartford Bridge	https://www.kentvenues.co.uk/venues/doubletree-by-hilton-dartford-bridge	60	description	suggestion	No guest reviews or testimonials displayed	Collect and display client testimonials to build trust and credibility
Dover Town Hall	https://www.kentvenues.co.uk/venues/dover-town-hall	16	description	critical	Listing is unclaimed — the description is auto-generated boilerplate	"Claim the listing and replace the auto-generated text with a real description (200+ words) covering character, history, setting and unique selling points"
Dover Town Hall	https://www.kentvenues.co.uk/venues/dover-town-hall	16	description	warning	Description is very short (68 characters)	"Expand the description to at least 200 characters covering key details like venue style, setting, and ideal event types"
Dover Town Hall	https://www.kentvenues.co.uk/venues/dover-town-hall	16	capacity	critical	No capacity information anywhere on the listing	"Add clear capacity figures: seated capacity, standing/reception capacity, and cabaret/boardroom/theatre layouts for each space"
Dover Town Hall	https://www.kentvenues.co.uk/venues/dover-town-hall	16	photos	warning	Only 2 photo(s) on the listing	"Add more photos — listings with 5+ images convert significantly better. Cover different spaces, angles, and event set-ups"
Dover Town Hall	https://www.kentvenues.co.uk/venues/dover-town-hall	16	facilities	warning	Only 1 facilities listed (Parking)	"Expand the amenities list to include everything guests would want to know — WiFi, AV, parking, catering options, accessibility features"
Dover Town Hall	https://www.kentvenues.co.uk/venues/dover-town-hall	16	catering	warning	No catering or food/drink information on the listing	"Clarify catering options: in-house catering, approved caterers list, BYO alcohol policy, and dietary accommodations"
Dover Town Hall	https://www.kentvenues.co.uk/venues/dover-town-hall	16	accommodation	info	No accommodation details on the listing	"If on-site accommodation exists, add room count, types and pricing. If not, mention nearby hotel options for wedding parties"
Dover Town Hall	https://www.kentvenues.co.uk/venues/dover-town-hall	16	accessibility	warning	No accessibility information on the listing	"Add accessibility details: wheelchair access, step-free routes, accessible toilets, hearing loops, and accessible parking bays"
Dover Town Hall	https://www.kentvenues.co.uk/venues/dover-town-hall	16	contact	warning	"Missing social media link(s): Instagram (shown as a dead ""#"" link)"	"Add the venue's Instagram profile URL(s) — the placeholder ""#"" links look broken to visitors"
Dover Town Hall	https://www.kentvenues.co.uk/venues/dover-town-hall	16	contact	suggestion	No phone number displayed	Add a direct phone number for enquirers who prefer to call
Dover Town Hall	https://www.kentvenues.co.uk/venues/dover-town-hall	16	description	suggestion	No guest reviews or testimonials displayed	Collect and display client testimonials to build trust and credibility
Dreamland Margate	https://www.kentvenues.co.uk/venues/dreamland-margate-2	94	accommodation	info	No accommodation details on the listing	"If on-site accommodation exists, add room count, types and pricing. If not, mention nearby hotel options for wedding parties"
Dreamland Margate	https://www.kentvenues.co.uk/venues/dreamland-margate-2	94	contact	suggestion	No phone number displayed	Add a direct phone number for enquirers who prefer to call
Due Amici Ristorante	https://www.kentvenues.co.uk/venues/due-amici-ristorante	0	contact	critical	DEAD LISTING — URL redirects away to a generic page (venue appears removed from the site)	"Remove the dead URL from the sitemap, or restore/redirect the listing to the venue's current page"
East Kent College	https://www.kentvenues.co.uk/venues/east-kent-college	0	description	critical	Listing is unclaimed — the description is auto-generated boilerplate	"Claim the listing and replace the auto-generated text with a real description (200+ words) covering character, history, setting and unique selling points"
East Kent College	https://www.kentvenues.co.uk/venues/east-kent-college	0	description	warning	Description is very short (75 characters)	"Expand the description to at least 200 characters covering key details like venue style, setting, and ideal event types"
East Kent College	https://www.kentvenues.co.uk/venues/east-kent-college	0	capacity	critical	No capacity information anywhere on the listing	"Add clear capacity figures: seated capacity, standing/reception capacity, and cabaret/boardroom/theatre layouts for each space"
East Kent College	https://www.kentvenues.co.uk/venues/east-kent-college	0	photos	critical	No photographs on the listing	"Add a minimum of 5 high-quality photographs showing the venue exterior, main spaces, and set-up examples"
East Kent College	https://www.kentvenues.co.uk/venues/east-kent-college	0	facilities	critical	No facilities or amenities listed	"Add a complete amenities list: WiFi, AV equipment, heating, air conditioning, kitchen access, etc."
East Kent College	https://www.kentvenues.co.uk/venues/east-kent-college	0	parking	warning	No parking information on the listing	"Add parking details: number of spaces, on-site vs nearby, disabled bays, EV charging, and any charges"
East Kent College	https://www.kentvenues.co.uk/venues/east-kent-college	0	catering	warning	No catering or food/drink information on the listing	"Clarify catering options: in-house catering, approved caterers list, BYO alcohol policy, and dietary accommodations"
East Kent College	https://www.kentvenues.co.uk/venues/east-kent-college	0	accommodation	info	No accommodation details on the listing	"If on-site accommodation exists, add room count, types and pricing. If not, mention nearby hotel options for wedding parties"
East Kent College	https://www.kentvenues.co.uk/venues/east-kent-college	0	accessibility	warning	No accessibility information on the listing	"Add accessibility details: wheelchair access, step-free routes, accessible toilets, hearing loops, and accessible parking bays"
East Kent College	https://www.kentvenues.co.uk/venues/east-kent-college	0	contact	warning	No social media links — all three social icons are unfilled placeholders	"Add the venue's Facebook, Twitter/X and Instagram profile URLs"
East Kent College	https://www.kentvenues.co.uk/venues/east-kent-college	0	contact	suggestion	No venue website link on the listing	Embed or link the venue's own website so visitors can research further
East Kent College	https://www.kentvenues.co.uk/venues/east-kent-college	0	contact	suggestion	No phone number displayed	Add a direct phone number for enquirers who prefer to call
East Kent College	https://www.kentvenues.co.uk/venues/east-kent-college	0	description	suggestion	No guest reviews or testimonials displayed	Collect and display client testimonials to build trust and credibility
East Quay venue	https://www.kentvenues.co.uk/venues/east-quay-venue	76	photos	suggestion	Only 3 photos — could add more	"Aim for 8-10 photos covering exterior, each main space, and example event set-ups"
East Quay venue	https://www.kentvenues.co.uk/venues/east-quay-venue	76	accessibility	warning	No accessibility information on the listing	"Add accessibility details: wheelchair access, step-free routes, accessible toilets, hearing loops, and accessible parking bays"
East Quay venue	https://www.kentvenues.co.uk/venues/east-quay-venue	76	contact	warning	No social media links — all three social icons are unfilled placeholders	"Add the venue's Facebook, Twitter/X and Instagram profile URLs"
East Quay venue	https://www.kentvenues.co.uk/venues/east-quay-venue	76	contact	suggestion	No phone number displayed	Add a direct phone number for enquirers who prefer to call
East Quay venue	https://www.kentvenues.co.uk/venues/east-quay-venue	76	description	suggestion	No guest reviews or testimonials displayed	Collect and display client testimonials to build trust and credibility
Eastwell Manor	https://www.kentvenues.co.uk/venues/eastwell-manor-2	67	capacity	critical	No capacity information anywhere on the listing	"Add clear capacity figures: seated capacity, standing/reception capacity, and cabaret/boardroom/theatre layouts for each space"
Eastwell Manor	https://www.kentvenues.co.uk/venues/eastwell-manor-2	67	photos	suggestion	Only 4 photos — could add more	"Aim for 8-10 photos covering exterior, each main space, and example event set-ups"
Eastwell Manor	https://www.kentvenues.co.uk/venues/eastwell-manor-2	67	parking	warning	No parking information on the listing	"Add parking details: number of spaces, on-site vs nearby, disabled bays, EV charging, and any charges"
Eastwell Manor	https://www.kentvenues.co.uk/venues/eastwell-manor-2	67	contact	suggestion	No phone number displayed	Add a direct phone number for enquirers who prefer to call
Eastwell Manor	https://www.kentvenues.co.uk/venues/eastwell-manor-2	67	description	suggestion	No guest reviews or testimonials displayed	Collect and display client testimonials to build trust and credibility
Eastwell Park Boathouse	https://www.kentvenues.co.uk/venues/eastwell-park-boathouse	23	photos	critical	No photographs on the listing	"Add a minimum of 5 high-quality photographs showing the venue exterior, main spaces, and set-up examples"
Eastwell Park Boathouse	https://www.kentvenues.co.uk/venues/eastwell-park-boathouse	23	facilities	critical	No facilities or amenities listed	"Add a complete amenities list: WiFi, AV equipment, heating, air conditioning, kitchen access, etc."
Eastwell Park Boathouse	https://www.kentvenues.co.uk/venues/eastwell-park-boathouse	23	parking	warning	No parking information on the listing	"Add parking details: number of spaces, on-site vs nearby, disabled bays, EV charging, and any charges"
Eastwell Park Boathouse	https://www.kentvenues.co.uk/venues/eastwell-park-boathouse	23	catering	warning	No catering or food/drink information on the listing	"Clarify catering options: in-house catering, approved caterers list, BYO alcohol policy, and dietary accommodations"
Eastwell Park Boathouse	https://www.kentvenues.co.uk/venues/eastwell-park-boathouse	23	accessibility	warning	No accessibility information on the listing	"Add accessibility details: wheelchair access, step-free routes, accessible toilets, hearing loops, and accessible parking bays"
Eastwell Park Boathouse	https://www.kentvenues.co.uk/venues/eastwell-park-boathouse	23	contact	critical	"No contact information at all — no email, no social media, no website link"	Add at minimum a contact email and the venue's website and social media links so enquirers can reach the venue directly
Eastwell Park Boathouse	https://www.kentvenues.co.uk/venues/eastwell-park-boathouse	23	description	suggestion	No guest reviews or testimonials displayed	Collect and display client testimonials to build trust and credibility
Edenwood Place	https://www.kentvenues.co.uk/venues/edenwood-place	1	description	critical	Missing or extremely short venue description	"Write a detailed description (200+ words) covering the venue's character, history, setting, and what makes it unique"
Edenwood Place	https://www.kentvenues.co.uk/venues/edenwood-place	1	capacity	critical	No capacity information anywhere on the listing	"Add clear capacity figures: seated capacity, standing/reception capacity, and cabaret/boardroom/theatre layouts for each space"
Edenwood Place	https://www.kentvenues.co.uk/venues/edenwood-place	1	photos	warning	Only 2 photo(s) on the listing	"Add more photos — listings with 5+ images convert significantly better. Cover different spaces, angles, and event set-ups"
Edenwood Place	https://www.kentvenues.co.uk/venues/edenwood-place	1	facilities	critical	No facilities or amenities listed	"Add a complete amenities list: WiFi, AV equipment, heating, air conditioning, kitchen access, etc."
Edenwood Place	https://www.kentvenues.co.uk/venues/edenwood-place	1	parking	warning	No parking information on the listing	"Add parking details: number of spaces, on-site vs nearby, disabled bays, EV charging, and any charges"
Edenwood Place	https://www.kentvenues.co.uk/venues/edenwood-place	1	catering	warning	No catering or food/drink information on the listing	"Clarify catering options: in-house catering, approved caterers list, BYO alcohol policy, and dietary accommodations"
Edenwood Place	https://www.kentvenues.co.uk/venues/edenwood-place	1	accommodation	info	No accommodation details on the listing	"If on-site accommodation exists, add room count, types and pricing. If not, mention nearby hotel options for wedding parties"
Edenwood Place	https://www.kentvenues.co.uk/venues/edenwood-place	1	accessibility	warning	No accessibility information on the listing	"Add accessibility details: wheelchair access, step-free routes, accessible toilets, hearing loops, and accessible parking bays"
Edenwood Place	https://www.kentvenues.co.uk/venues/edenwood-place	1	contact	warning	No social media links — all three social icons are unfilled placeholders	"Add the venue's Facebook, Twitter/X and Instagram profile URLs"
Edenwood Place	https://www.kentvenues.co.uk/venues/edenwood-place	1	contact	suggestion	No phone number displayed	Add a direct phone number for enquirers who prefer to call
Edenwood Place	https://www.kentvenues.co.uk/venues/edenwood-place	1	description	suggestion	No guest reviews or testimonials displayed	Collect and display client testimonials to build trust and credibility
Elham Village Hall	https://www.kentvenues.co.uk/venues/elham-village-hall	54	capacity	critical	No capacity information anywhere on the listing	"Add clear capacity figures: seated capacity, standing/reception capacity, and cabaret/boardroom/theatre layouts for each space"
Elham Village Hall	https://www.kentvenues.co.uk/venues/elham-village-hall	54	facilities	warning	"Only 2 facilities listed (Parking, Tennis)"	"Expand the amenities list to include everything guests would want to know — WiFi, AV, parking, catering options, accessibility features"
Elham Village Hall	https://www.kentvenues.co.uk/venues/elham-village-hall	54	accommodation	info	No accommodation details on the listing	"If on-site accommodation exists, add room count, types and pricing. If not, mention nearby hotel options for wedding parties"
Elham Village Hall	https://www.kentvenues.co.uk/venues/elham-village-hall	54	accessibility	warning	No accessibility information on the listing	"Add accessibility details: wheelchair access, step-free routes, accessible toilets, hearing loops, and accessible parking bays"
Elham Village Hall	https://www.kentvenues.co.uk/venues/elham-village-hall	54	contact	warning	No social media links — all three social icons are unfilled placeholders	"Add the venue's Facebook, Twitter/X and Instagram profile URLs"
Elham Village Hall	https://www.kentvenues.co.uk/venues/elham-village-hall	54	contact	suggestion	No phone number displayed	Add a direct phone number for enquirers who prefer to call
Elham Village Hall	https://www.kentvenues.co.uk/venues/elham-village-hall	54	description	suggestion	No guest reviews or testimonials displayed	Collect and display client testimonials to build trust and credibility
Elham Village Hall	https://www.kentvenues.co.uk/venues/elham-village-hall	54	facilities	suggestion	Large venue has no individual rooms/spaces listed	"Break the venue into bookable spaces with individual descriptions, capacities, and photos"
Elite Venue	https://www.kentvenues.co.uk/venues/elite-venue-3	87	accommodation	info	No accommodation details on the listing	"If on-site accommodation exists, add room count, types and pricing. If not, mention nearby hotel options for wedding parties"
Elite Venue	https://www.kentvenues.co.uk/venues/elite-venue-3	87	contact	warning	"Missing social media link(s): Instagram (shown as a dead ""#"" link)"	"Add the venue's Instagram profile URL(s) — the placeholder ""#"" links look broken to visitors"
Elite Venue	https://www.kentvenues.co.uk/venues/elite-venue-3	87	contact	suggestion	No phone number displayed	Add a direct phone number for enquirers who prefer to call
Elite Venue	https://www.kentvenues.co.uk/venues/elite-venue-3	87	description	suggestion	No guest reviews or testimonials displayed	Collect and display client testimonials to build trust and credibility
Elvey Farm	https://www.kentvenues.co.uk/venues/elvey-farm	64	photos	warning	Only 2 photo(s) on the listing	"Add more photos — listings with 5+ images convert significantly better. Cover different spaces, angles, and event set-ups"
Elvey Farm	https://www.kentvenues.co.uk/venues/elvey-farm	64	facilities	warning	Only 1 facilities listed (Bar)	"Expand the amenities list to include everything guests would want to know — WiFi, AV, parking, catering options, accessibility features"
Elvey Farm	https://www.kentvenues.co.uk/venues/elvey-farm	64	parking	warning	No parking information on the listing	"Add parking details: number of spaces, on-site vs nearby, disabled bays, EV charging, and any charges"
Elvey Farm	https://www.kentvenues.co.uk/venues/elvey-farm	64	accessibility	warning	No accessibility information on the listing	"Add accessibility details: wheelchair access, step-free routes, accessible toilets, hearing loops, and accessible parking bays"
Elvey Farm	https://www.kentvenues.co.uk/venues/elvey-farm	64	contact	suggestion	No phone number displayed	Add a direct phone number for enquirers who prefer to call
Elvey Farm	https://www.kentvenues.co.uk/venues/elvey-farm	64	description	suggestion	No guest reviews or testimonials displayed	Collect and display client testimonials to build trust and credibility
Etchinghill Golf Club	https://www.kentvenues.co.uk/venues/etchinghill-golf-club	47	capacity	critical	No capacity information anywhere on the listing	"Add clear capacity figures: seated capacity, standing/reception capacity, and cabaret/boardroom/theatre layouts for each space"
Etchinghill Golf Club	https://www.kentvenues.co.uk/venues/etchinghill-golf-club	47	photos	suggestion	Only 4 photos — could add more	"Aim for 8-10 photos covering exterior, each main space, and example event set-ups"
Etchinghill Golf Club	https://www.kentvenues.co.uk/venues/etchinghill-golf-club	47	facilities	warning	Only 1 facilities listed (Parking)	"Expand the amenities list to include everything guests would want to know — WiFi, AV, parking, catering options, accessibility features"
Etchinghill Golf Club	https://www.kentvenues.co.uk/venues/etchinghill-golf-club	47	catering	warning	No catering or food/drink information on the listing	"Clarify catering options: in-house catering, approved caterers list, BYO alcohol policy, and dietary accommodations"
Etchinghill Golf Club	https://www.kentvenues.co.uk/venues/etchinghill-golf-club	47	accommodation	info	No accommodation details on the listing	"If on-site accommodation exists, add room count, types and pricing. If not, mention nearby hotel options for wedding parties"
Etchinghill Golf Club	https://www.kentvenues.co.uk/venues/etchinghill-golf-club	47	accessibility	warning	No accessibility information on the listing	"Add accessibility details: wheelchair access, step-free routes, accessible toilets, hearing loops, and accessible parking bays"
Etchinghill Golf Club	https://www.kentvenues.co.uk/venues/etchinghill-golf-club	47	contact	suggestion	No venue website link on the listing	Embed or link the venue's own website so visitors can research further
Etchinghill Golf Club	https://www.kentvenues.co.uk/venues/etchinghill-golf-club	47	contact	suggestion	No phone number displayed	Add a direct phone number for enquirers who prefer to call
Etchinghill Golf Club	https://www.kentvenues.co.uk/venues/etchinghill-golf-club	47	description	suggestion	No guest reviews or testimonials displayed	Collect and display client testimonials to build trust and credibility
Everest Inn Ashford	https://www.kentvenues.co.uk/venues/everest-inn-ashford	78	photos	suggestion	Only 3 photos — could add more	"Aim for 8-10 photos covering exterior, each main space, and example event set-ups"
Everest Inn Ashford	https://www.kentvenues.co.uk/venues/everest-inn-ashford	78	parking	warning	No parking information on the listing	"Add parking details: number of spaces, on-site vs nearby, disabled bays, EV charging, and any charges"
Everest Inn Ashford	https://www.kentvenues.co.uk/venues/everest-inn-ashford	78	accommodation	info	No accommodation details on the listing	"If on-site accommodation exists, add room count, types and pricing. If not, mention nearby hotel options for wedding parties"
Everest Inn Ashford	https://www.kentvenues.co.uk/venues/everest-inn-ashford	78	contact	suggestion	No phone number displayed	Add a direct phone number for enquirers who prefer to call
Everest Inn Ashford	https://www.kentvenues.co.uk/venues/everest-inn-ashford	78	description	suggestion	No guest reviews or testimonials displayed	Collect and display client testimonials to build trust and credibility
Everest Inn Hythe	https://www.kentvenues.co.uk/venues/everest-inn-hythe	68	facilities	critical	No facilities or amenities listed	"Add a complete amenities list: WiFi, AV equipment, heating, air conditioning, kitchen access, etc."
Everest Inn Hythe	https://www.kentvenues.co.uk/venues/everest-inn-hythe	68	parking	warning	No parking information on the listing	"Add parking details: number of spaces, on-site vs nearby, disabled bays, EV charging, and any charges"
Everest Inn Hythe	https://www.kentvenues.co.uk/venues/everest-inn-hythe	68	accommodation	info	No accommodation details on the listing	"If on-site accommodation exists, add room count, types and pricing. If not, mention nearby hotel options for wedding parties"
Everest Inn Hythe	https://www.kentvenues.co.uk/venues/everest-inn-hythe	68	contact	suggestion	No phone number displayed	Add a direct phone number for enquirers who prefer to call
Everest Inn Hythe	https://www.kentvenues.co.uk/venues/everest-inn-hythe	68	description	suggestion	No guest reviews or testimonials displayed	Collect and display client testimonials to build trust and credibility
Falconhurst	https://www.kentvenues.co.uk/venues/falconhurst	52	facilities	critical	No facilities or amenities listed	"Add a complete amenities list: WiFi, AV equipment, heating, air conditioning, kitchen access, etc."
Falconhurst	https://www.kentvenues.co.uk/venues/falconhurst	52	parking	warning	No parking information on the listing	"Add parking details: number of spaces, on-site vs nearby, disabled bays, EV charging, and any charges"
Falconhurst	https://www.kentvenues.co.uk/venues/falconhurst	52	catering	warning	No catering or food/drink information on the listing	"Clarify catering options: in-house catering, approved caterers list, BYO alcohol policy, and dietary accommodations"
Falconhurst	https://www.kentvenues.co.uk/venues/falconhurst	52	accommodation	info	No accommodation details on the listing	"If on-site accommodation exists, add room count, types and pricing. If not, mention nearby hotel options for wedding parties"
Falconhurst	https://www.kentvenues.co.uk/venues/falconhurst	52	accessibility	warning	No accessibility information on the listing	"Add accessibility details: wheelchair access, step-free routes, accessible toilets, hearing loops, and accessible parking bays"
Falconhurst	https://www.kentvenues.co.uk/venues/falconhurst	52	contact	suggestion	No phone number displayed	Add a direct phone number for enquirers who prefer to call
Falconhurst	https://www.kentvenues.co.uk/venues/falconhurst	52	description	suggestion	No guest reviews or testimonials displayed	Collect and display client testimonials to build trust and credibility
Falstaff Hotel	https://www.kentvenues.co.uk/venues/falstaff-hotel	42	description	critical	Listing is unclaimed — the description is auto-generated boilerplate	"Claim the listing and replace the auto-generated text with a real description (200+ words) covering character, history, setting and unique selling points"
Falstaff Hotel	https://www.kentvenues.co.uk/venues/falstaff-hotel	42	description	warning	Description is very short (88 characters)	"Expand the description to at least 200 characters covering key details like venue style, setting, and ideal event types"
Falstaff Hotel	https://www.kentvenues.co.uk/venues/falstaff-hotel	42	capacity	critical	No capacity information anywhere on the listing	"Add clear capacity figures: seated capacity, standing/reception capacity, and cabaret/boardroom/theatre layouts for each space"
Falstaff Hotel	https://www.kentvenues.co.uk/venues/falstaff-hotel	42	photos	suggestion	Only 4 photos — could add more	"Aim for 8-10 photos covering exterior, each main space, and example event set-ups"
Falstaff Hotel	https://www.kentvenues.co.uk/venues/falstaff-hotel	42	accessibility	warning	No accessibility information on the listing	"Add accessibility details: wheelchair access, step-free routes, accessible toilets, hearing loops, and accessible parking bays"
Falstaff Hotel	https://www.kentvenues.co.uk/venues/falstaff-hotel	42	contact	suggestion	No phone number displayed	Add a direct phone number for enquirers who prefer to call
Falstaff Hotel	https://www.kentvenues.co.uk/venues/falstaff-hotel	42	description	suggestion	No guest reviews or testimonials displayed	Collect and display client testimonials to build trust and credibility
The Ferry Inn	https://www.kentvenues.co.uk/venues/ferry-inn	57	capacity	critical	No capacity information anywhere on the listing	"Add clear capacity figures: seated capacity, standing/reception capacity, and cabaret/boardroom/theatre layouts for each space"
The Ferry Inn	https://www.kentvenues.co.uk/venues/ferry-inn	57	facilities	critical	No facilities or amenities listed	"Add a complete amenities list: WiFi, AV equipment, heating, air conditioning, kitchen access, etc."
The Ferry Inn	https://www.kentvenues.co.uk/venues/ferry-inn	57	accommodation	info	No accommodation details on the listing	"If on-site accommodation exists, add room count, types and pricing. If not, mention nearby hotel options for wedding parties"
The Ferry Inn	https://www.kentvenues.co.uk/venues/ferry-inn	57	contact	warning	"Missing social media link(s): Instagram (shown as a dead ""#"" link)"	"Add the venue's Instagram profile URL(s) — the placeholder ""#"" links look broken to visitors"
The Ferry Inn	https://www.kentvenues.co.uk/venues/ferry-inn	57	contact	suggestion	No phone number displayed	Add a direct phone number for enquirers who prefer to call
The Ferry Inn	https://www.kentvenues.co.uk/venues/ferry-inn	57	description	suggestion	No guest reviews or testimonials displayed	Collect and display client testimonials to build trust and credibility
Folkestone Basepoint	https://www.kentvenues.co.uk/venues/folkestone-basepoint	21	description	critical	Listing is unclaimed — the description is auto-generated boilerplate	"Claim the listing and replace the auto-generated text with a real description (200+ words) covering character, history, setting and unique selling points"
Folkestone Basepoint	https://www.kentvenues.co.uk/venues/folkestone-basepoint	21	description	warning	Description could be more detailed (145 characters)	"Consider adding more details about the venue's atmosphere, capacity ranges, and unique features"
Folkestone Basepoint	https://www.kentvenues.co.uk/venues/folkestone-basepoint	21	capacity	critical	No capacity information anywhere on the listing	"Add clear capacity figures: seated capacity, standing/reception capacity, and cabaret/boardroom/theatre layouts for each space"
Folkestone Basepoint	https://www.kentvenues.co.uk/venues/folkestone-basepoint	21	photos	warning	Only 2 photo(s) on the listing	"Add more photos — listings with 5+ images convert significantly better. Cover different spaces, angles, and event set-ups"
Folkestone Basepoint	https://www.kentvenues.co.uk/venues/folkestone-basepoint	21	facilities	warning	"Only 2 facilities listed (Wifi, Parking)"	"Expand the amenities list to include everything guests would want to know — WiFi, AV, parking, catering options, accessibility features"
Folkestone Basepoint	https://www.kentvenues.co.uk/venues/folkestone-basepoint	21	catering	warning	No catering or food/drink information on the listing	"Clarify catering options: in-house catering, approved caterers list, BYO alcohol policy, and dietary accommodations"
Folkestone Basepoint	https://www.kentvenues.co.uk/venues/folkestone-basepoint	21	accommodation	info	No accommodation details on the listing	"If on-site accommodation exists, add room count, types and pricing. If not, mention nearby hotel options for wedding parties"
Folkestone Basepoint	https://www.kentvenues.co.uk/venues/folkestone-basepoint	21	accessibility	warning	No accessibility information on the listing	"Add accessibility details: wheelchair access, step-free routes, accessible toilets, hearing loops, and accessible parking bays"
Folkestone Basepoint	https://www.kentvenues.co.uk/venues/folkestone-basepoint	21	contact	warning	"Missing social media link(s): Instagram (shown as a dead ""#"" link)"	"Add the venue's Instagram profile URL(s) — the placeholder ""#"" links look broken to visitors"
Folkestone Basepoint	https://www.kentvenues.co.uk/venues/folkestone-basepoint	21	contact	suggestion	No phone number displayed	Add a direct phone number for enquirers who prefer to call
Folkestone Basepoint	https://www.kentvenues.co.uk/venues/folkestone-basepoint	21	description	suggestion	No guest reviews or testimonials displayed	Collect and display client testimonials to build trust and credibility
Fordwich Town Hall	https://www.kentvenues.co.uk/venues/fordwich-town-hall	43	photos	warning	Only 1 photo(s) on the listing	"Add more photos — listings with 5+ images convert significantly better. Cover different spaces, angles, and event set-ups"
Fordwich Town Hall	https://www.kentvenues.co.uk/venues/fordwich-town-hall	43	facilities	critical	No facilities or amenities listed	"Add a complete amenities list: WiFi, AV equipment, heating, air conditioning, kitchen access, etc."
Fordwich Town Hall	https://www.kentvenues.co.uk/venues/fordwich-town-hall	43	parking	warning	No parking information on the listing	"Add parking details: number of spaces, on-site vs nearby, disabled bays, EV charging, and any charges"
Fordwich Town Hall	https://www.kentvenues.co.uk/venues/fordwich-town-hall	43	accommodation	info	No accommodation details on the listing	"If on-site accommodation exists, add room count, types and pricing. If not, mention nearby hotel options for wedding parties"
Fordwich Town Hall	https://www.kentvenues.co.uk/venues/fordwich-town-hall	43	accessibility	warning	No accessibility information on the listing	"Add accessibility details: wheelchair access, step-free routes, accessible toilets, hearing loops, and accessible parking bays"
Fordwich Town Hall	https://www.kentvenues.co.uk/venues/fordwich-town-hall	43	contact	warning	"Missing social media link(s): Twitter/X, Instagram (shown as a dead ""#"" link)"	"Add the venue's Twitter/X and Instagram profile URL(s) — the placeholder ""#"" links look broken to visitors"
Fordwich Town Hall	https://www.kentvenues.co.uk/venues/fordwich-town-hall	43	contact	suggestion	No phone number displayed	Add a direct phone number for enquirers who prefer to call
Fordwich Town Hall	https://www.kentvenues.co.uk/venues/fordwich-town-hall	43	description	suggestion	No guest reviews or testimonials displayed	Collect and display client testimonials to build trust and credibility
Fordwich Town Hall	https://www.kentvenues.co.uk/venues/fordwich-town-hall	43	facilities	suggestion	Large venue has no individual rooms/spaces listed	"Break the venue into bookable spaces with individual descriptions, capacities, and photos"
Fort Road Hotel	https://www.kentvenues.co.uk/venues/fort-road-hotel	63	parking	warning	No parking information on the listing	"Add parking details: number of spaces, on-site vs nearby, disabled bays, EV charging, and any charges"
Fort Road Hotel	https://www.kentvenues.co.uk/venues/fort-road-hotel	63	accessibility	warning	No accessibility information on the listing	"Add accessibility details: wheelchair access, step-free routes, accessible toilets, hearing loops, and accessible parking bays"
Fort Road Hotel	https://www.kentvenues.co.uk/venues/fort-road-hotel	63	contact	warning	No contact email address behind the enquiry form	Set the venue's enquiry email so the contact form reaches the venue (currently enquirers can only use the site-wide form)
Fort Road Hotel	https://www.kentvenues.co.uk/venues/fort-road-hotel	63	contact	warning	No social media links — all three social icons are unfilled placeholders	"Add the venue's Facebook, Twitter/X and Instagram profile URLs"
Fort Road Hotel	https://www.kentvenues.co.uk/venues/fort-road-hotel	63	contact	suggestion	No phone number displayed	Add a direct phone number for enquirers who prefer to call
Fort Road Hotel	https://www.kentvenues.co.uk/venues/fort-road-hotel	63	facilities	suggestion	Large venue has no individual rooms/spaces listed	"Break the venue into bookable spaces with individual descriptions, capacities, and photos"
Frankie and Benny's Bexleyheath	https://www.kentvenues.co.uk/venues/frankie-and-bennys-bexleyheath	30	capacity	critical	No capacity information anywhere on the listing	"Add clear capacity figures: seated capacity, standing/reception capacity, and cabaret/boardroom/theatre layouts for each space"
Frankie and Benny's Bexleyheath	https://www.kentvenues.co.uk/venues/frankie-and-bennys-bexleyheath	30	photos	suggestion	Only 3 photos — could add more	"Aim for 8-10 photos covering exterior, each main space, and example event set-ups"
Frankie and Benny's Bexleyheath	https://www.kentvenues.co.uk/venues/frankie-and-bennys-bexleyheath	30	facilities	critical	No facilities or amenities listed	"Add a complete amenities list: WiFi, AV equipment, heating, air conditioning, kitchen access, etc."
Frankie and Benny's Bexleyheath	https://www.kentvenues.co.uk/venues/frankie-and-bennys-bexleyheath	30	parking	warning	No parking information on the listing	"Add parking details: number of spaces, on-site vs nearby, disabled bays, EV charging, and any charges"
Frankie and Benny's Bexleyheath	https://www.kentvenues.co.uk/venues/frankie-and-bennys-bexleyheath	30	accommodation	info	No accommodation details on the listing	"If on-site accommodation exists, add room count, types and pricing. If not, mention nearby hotel options for wedding parties"
Frankie and Benny's Bexleyheath	https://www.kentvenues.co.uk/venues/frankie-and-bennys-bexleyheath	30	accessibility	warning	No accessibility information on the listing	"Add accessibility details: wheelchair access, step-free routes, accessible toilets, hearing loops, and accessible parking bays"
Frankie and Benny's Bexleyheath	https://www.kentvenues.co.uk/venues/frankie-and-bennys-bexleyheath	30	contact	warning	No contact email address behind the enquiry form	Set the venue's enquiry email so the contact form reaches the venue (currently enquirers can only use the site-wide form)
Frankie and Benny's Bexleyheath	https://www.kentvenues.co.uk/venues/frankie-and-bennys-bexleyheath	30	contact	suggestion	No phone number displayed	Add a direct phone number for enquirers who prefer to call
Frankie and Benny's Bexleyheath	https://www.kentvenues.co.uk/venues/frankie-and-bennys-bexleyheath	30	description	suggestion	No guest reviews or testimonials displayed	Collect and display client testimonials to build trust and credibility
Frankie and Benny's Orpington	https://www.kentvenues.co.uk/venues/frankie-and-bennys-orpington	30	capacity	critical	No capacity information anywhere on the listing	"Add clear capacity figures: seated capacity, standing/reception capacity, and cabaret/boardroom/theatre layouts for each space"
Frankie and Benny's Orpington	https://www.kentvenues.co.uk/venues/frankie-and-bennys-orpington	30	photos	suggestion	Only 3 photos — could add more	"Aim for 8-10 photos covering exterior, each main space, and example event set-ups"
Frankie and Benny's Orpington	https://www.kentvenues.co.uk/venues/frankie-and-bennys-orpington	30	facilities	critical	No facilities or amenities listed	"Add a complete amenities list: WiFi, AV equipment, heating, air conditioning, kitchen access, etc."
Frankie and Benny's Orpington	https://www.kentvenues.co.uk/venues/frankie-and-bennys-orpington	30	parking	warning	No parking information on the listing	"Add parking details: number of spaces, on-site vs nearby, disabled bays, EV charging, and any charges"
Frankie and Benny's Orpington	https://www.kentvenues.co.uk/venues/frankie-and-bennys-orpington	30	accommodation	info	No accommodation details on the listing	"If on-site accommodation exists, add room count, types and pricing. If not, mention nearby hotel options for wedding parties"
Frankie and Benny's Orpington	https://www.kentvenues.co.uk/venues/frankie-and-bennys-orpington	30	accessibility	warning	No accessibility information on the listing	"Add accessibility details: wheelchair access, step-free routes, accessible toilets, hearing loops, and accessible parking bays"
Frankie and Benny's Orpington	https://www.kentvenues.co.uk/venues/frankie-and-bennys-orpington	30	contact	warning	No contact email address behind the enquiry form	Set the venue's enquiry email so the contact form reaches the venue (currently enquirers can only use the site-wide form)
Frankie and Benny's Orpington	https://www.kentvenues.co.uk/venues/frankie-and-bennys-orpington	30	contact	suggestion	No phone number displayed	Add a direct phone number for enquirers who prefer to call
Frankie and Benny's Orpington	https://www.kentvenues.co.uk/venues/frankie-and-bennys-orpington	30	description	suggestion	No guest reviews or testimonials displayed	Collect and display client testimonials to build trust and credibility
Frasers	https://www.kentvenues.co.uk/venues/frasers	64	capacity	critical	No capacity information anywhere on the listing	"Add clear capacity figures: seated capacity, standing/reception capacity, and cabaret/boardroom/theatre layouts for each space"
Frasers	https://www.kentvenues.co.uk/venues/frasers	64	parking	warning	No parking information on the listing	"Add parking details: number of spaces, on-site vs nearby, disabled bays, EV charging, and any charges"
Frasers	https://www.kentvenues.co.uk/venues/frasers	64	accessibility	warning	No accessibility information on the listing	"Add accessibility details: wheelchair access, step-free routes, accessible toilets, hearing loops, and accessible parking bays"
Frasers	https://www.kentvenues.co.uk/venues/frasers	64	contact	suggestion	No phone number displayed	Add a direct phone number for enquirers who prefer to call
Frasers	https://www.kentvenues.co.uk/venues/frasers	64	description	suggestion	No guest reviews or testimonials displayed	Collect and display client testimonials to build trust and credibility
G Casino	https://www.kentvenues.co.uk/venues/g-casino	62	capacity	critical	No capacity information anywhere on the listing	"Add clear capacity figures: seated capacity, standing/reception capacity, and cabaret/boardroom/theatre layouts for each space"
G Casino	https://www.kentvenues.co.uk/venues/g-casino	62	photos	warning	Only 1 photo(s) on the listing	"Add more photos — listings with 5+ images convert significantly better. Cover different spaces, angles, and event set-ups"
G Casino	https://www.kentvenues.co.uk/venues/g-casino	62	accommodation	info	No accommodation details on the listing	"If on-site accommodation exists, add room count, types and pricing. If not, mention nearby hotel options for wedding parties"
G Casino	https://www.kentvenues.co.uk/venues/g-casino	62	contact	warning	"Missing social media link(s): Instagram (shown as a dead ""#"" link)"	"Add the venue's Instagram profile URL(s) — the placeholder ""#"" links look broken to visitors"
G Casino	https://www.kentvenues.co.uk/venues/g-casino	62	contact	suggestion	No phone number displayed	Add a direct phone number for enquirers who prefer to call
G Casino	https://www.kentvenues.co.uk/venues/g-casino	62	description	suggestion	No guest reviews or testimonials displayed	Collect and display client testimonials to build trust and credibility
Girne American University	https://www.kentvenues.co.uk/venues/girne-american-university	23	description	warning	Description could be more detailed (110 characters)	"Consider adding more details about the venue's atmosphere, capacity ranges, and unique features"
Girne American University	https://www.kentvenues.co.uk/venues/girne-american-university	23	photos	critical	No photographs on the listing	"Add a minimum of 5 high-quality photographs showing the venue exterior, main spaces, and set-up examples"
Girne American University	https://www.kentvenues.co.uk/venues/girne-american-university	23	facilities	critical	No facilities or amenities listed	"Add a complete amenities list: WiFi, AV equipment, heating, air conditioning, kitchen access, etc."
Girne American University	https://www.kentvenues.co.uk/venues/girne-american-university	23	parking	warning	No parking information on the listing	"Add parking details: number of spaces, on-site vs nearby, disabled bays, EV charging, and any charges"
Girne American University	https://www.kentvenues.co.uk/venues/girne-american-university	23	catering	warning	No catering or food/drink information on the listing	"Clarify catering options: in-house catering, approved caterers list, BYO alcohol policy, and dietary accommodations"
Girne American University	https://www.kentvenues.co.uk/venues/girne-american-university	23	accommodation	info	No accommodation details on the listing	"If on-site accommodation exists, add room count, types and pricing. If not, mention nearby hotel options for wedding parties"
Girne American University	https://www.kentvenues.co.uk/venues/girne-american-university	23	accessibility	warning	No accessibility information on the listing	"Add accessibility details: wheelchair access, step-free routes, accessible toilets, hearing loops, and accessible parking bays"
Girne American University	https://www.kentvenues.co.uk/venues/girne-american-university	23	contact	warning	"Missing social media link(s): Twitter/X, Instagram (shown as a dead ""#"" link)"	"Add the venue's Twitter/X and Instagram profile URL(s) — the placeholder ""#"" links look broken to visitors"
Girne American University	https://www.kentvenues.co.uk/venues/girne-american-university	23	contact	suggestion	No phone number displayed	Add a direct phone number for enquirers who prefer to call
Girne American University	https://www.kentvenues.co.uk/venues/girne-american-university	23	description	suggestion	No guest reviews or testimonials displayed	Collect and display client testimonials to build trust and credibility
Go Ape Bedgebury	https://www.kentvenues.co.uk/venues/go-ape-bedgebury	32	capacity	critical	No capacity information anywhere on the listing	"Add clear capacity figures: seated capacity, standing/reception capacity, and cabaret/boardroom/theatre layouts for each space"
Go Ape Bedgebury	https://www.kentvenues.co.uk/venues/go-ape-bedgebury	32	photos	suggestion	Only 4 photos — could add more	"Aim for 8-10 photos covering exterior, each main space, and example event set-ups"
Go Ape Bedgebury	https://www.kentvenues.co.uk/venues/go-ape-bedgebury	32	facilities	critical	No facilities or amenities listed	"Add a complete amenities list: WiFi, AV equipment, heating, air conditioning, kitchen access, etc."
Go Ape Bedgebury	https://www.kentvenues.co.uk/venues/go-ape-bedgebury	32	parking	warning	No parking information on the listing	"Add parking details: number of spaces, on-site vs nearby, disabled bays, EV charging, and any charges"
Go Ape Bedgebury	https://www.kentvenues.co.uk/venues/go-ape-bedgebury	32	catering	warning	No catering or food/drink information on the listing	"Clarify catering options: in-house catering, approved caterers list, BYO alcohol policy, and dietary accommodations"
Go Ape Bedgebury	https://www.kentvenues.co.uk/venues/go-ape-bedgebury	32	accommodation	info	No accommodation details on the listing	"If on-site accommodation exists, add room count, types and pricing. If not, mention nearby hotel options for wedding parties"
Go Ape Bedgebury	https://www.kentvenues.co.uk/venues/go-ape-bedgebury	32	accessibility	warning	No accessibility information on the listing	"Add accessibility details: wheelchair access, step-free routes, accessible toilets, hearing loops, and accessible parking bays"
Go Ape Bedgebury	https://www.kentvenues.co.uk/venues/go-ape-bedgebury	32	contact	suggestion	No phone number displayed	Add a direct phone number for enquirers who prefer to call
Go Ape Bedgebury	https://www.kentvenues.co.uk/venues/go-ape-bedgebury	32	description	suggestion	No guest reviews or testimonials displayed	Collect and display client testimonials to build trust and credibility
Go Ape Leeds Castle	https://www.kentvenues.co.uk/venues/go-ape-leeds-castle	22	description	warning	Description is very short (99 characters)	"Expand the description to at least 200 characters covering key details like venue style, setting, and ideal event types"
Go Ape Leeds Castle	https://www.kentvenues.co.uk/venues/go-ape-leeds-castle	22	capacity	critical	No capacity information anywhere on the listing	"Add clear capacity figures: seated capacity, standing/reception capacity, and cabaret/boardroom/theatre layouts for each space"
Go Ape Leeds Castle	https://www.kentvenues.co.uk/venues/go-ape-leeds-castle	22	photos	suggestion	Only 3 photos — could add more	"Aim for 8-10 photos covering exterior, each main space, and example event set-ups"
Go Ape Leeds Castle	https://www.kentvenues.co.uk/venues/go-ape-leeds-castle	22	facilities	critical	No facilities or amenities listed	"Add a complete amenities list: WiFi, AV equipment, heating, air conditioning, kitchen access, etc."
Go Ape Leeds Castle	https://www.kentvenues.co.uk/venues/go-ape-leeds-castle	22	parking	warning	No parking information on the listing	"Add parking details: number of spaces, on-site vs nearby, disabled bays, EV charging, and any charges"
Go Ape Leeds Castle	https://www.kentvenues.co.uk/venues/go-ape-leeds-castle	22	catering	warning	No catering or food/drink information on the listing	"Clarify catering options: in-house catering, approved caterers list, BYO alcohol policy, and dietary accommodations"
Go Ape Leeds Castle	https://www.kentvenues.co.uk/venues/go-ape-leeds-castle	22	accommodation	info	No accommodation details on the listing	"If on-site accommodation exists, add room count, types and pricing. If not, mention nearby hotel options for wedding parties"
Go Ape Leeds Castle	https://www.kentvenues.co.uk/venues/go-ape-leeds-castle	22	accessibility	warning	No accessibility information on the listing	"Add accessibility details: wheelchair access, step-free routes, accessible toilets, hearing loops, and accessible parking bays"
Go Ape Leeds Castle	https://www.kentvenues.co.uk/venues/go-ape-leeds-castle	22	contact	suggestion	No phone number displayed	Add a direct phone number for enquirers who prefer to call
Go Ape Leeds Castle	https://www.kentvenues.co.uk/venues/go-ape-leeds-castle	22	description	suggestion	No guest reviews or testimonials displayed	Collect and display client testimonials to build trust and credibility
Goodnestone Park	https://www.kentvenues.co.uk/venues/goodnestone-park	30	description	critical	Listing is unclaimed — the description is auto-generated boilerplate	"Claim the listing and replace the auto-generated text with a real description (200+ words) covering character, history, setting and unique selling points"
Goodnestone Park	https://www.kentvenues.co.uk/venues/goodnestone-park	30	description	warning	Description is very short (98 characters)	"Expand the description to at least 200 characters covering key details like venue style, setting, and ideal event types"
Goodnestone Park	https://www.kentvenues.co.uk/venues/goodnestone-park	30	capacity	critical	No capacity information anywhere on the listing	"Add clear capacity figures: seated capacity, standing/reception capacity, and cabaret/boardroom/theatre layouts for each space"
Goodnestone Park	https://www.kentvenues.co.uk/venues/goodnestone-park	30	facilities	warning	"Only 2 facilities listed (Wifi, Parking)"	"Expand the amenities list to include everything guests would want to know — WiFi, AV, parking, catering options, accessibility features"
Goodnestone Park	https://www.kentvenues.co.uk/venues/goodnestone-park	30	catering	warning	No catering or food/drink information on the listing	"Clarify catering options: in-house catering, approved caterers list, BYO alcohol policy, and dietary accommodations"
Goodnestone Park	https://www.kentvenues.co.uk/venues/goodnestone-park	30	accommodation	info	No accommodation details on the listing	"If on-site accommodation exists, add room count, types and pricing. If not, mention nearby hotel options for wedding parties"
Goodnestone Park	https://www.kentvenues.co.uk/venues/goodnestone-park	30	accessibility	warning	No accessibility information on the listing	"Add accessibility details: wheelchair access, step-free routes, accessible toilets, hearing loops, and accessible parking bays"
Goodnestone Park	https://www.kentvenues.co.uk/venues/goodnestone-park	30	contact	suggestion	No phone number displayed	Add a direct phone number for enquirers who prefer to call
Goodnestone Park	https://www.kentvenues.co.uk/venues/goodnestone-park	30	description	suggestion	No guest reviews or testimonials displayed	Collect and display client testimonials to build trust and credibility
Grange Moor Hotel	https://www.kentvenues.co.uk/venues/grange-moor-hotel	53	capacity	critical	No capacity information anywhere on the listing	"Add clear capacity figures: seated capacity, standing/reception capacity, and cabaret/boardroom/theatre layouts for each space"
Grange Moor Hotel	https://www.kentvenues.co.uk/venues/grange-moor-hotel	53	photos	suggestion	Only 4 photos — could add more	"Aim for 8-10 photos covering exterior, each main space, and example event set-ups"
Grange Moor Hotel	https://www.kentvenues.co.uk/venues/grange-moor-hotel	53	parking	warning	No parking information on the listing	"Add parking details: number of spaces, on-site vs nearby, disabled bays, EV charging, and any charges"
Grange Moor Hotel	https://www.kentvenues.co.uk/venues/grange-moor-hotel	53	accessibility	warning	No accessibility information on the listing	"Add accessibility details: wheelchair access, step-free routes, accessible toilets, hearing loops, and accessible parking bays"
Grange Moor Hotel	https://www.kentvenues.co.uk/venues/grange-moor-hotel	53	contact	warning	No social media links — all three social icons are unfilled placeholders	"Add the venue's Facebook, Twitter/X and Instagram profile URLs"
Grange Moor Hotel	https://www.kentvenues.co.uk/venues/grange-moor-hotel	53	contact	suggestion	No phone number displayed	Add a direct phone number for enquirers who prefer to call
Grange Moor Hotel	https://www.kentvenues.co.uk/venues/grange-moor-hotel	53	description	suggestion	No guest reviews or testimonials displayed	Collect and display client testimonials to build trust and credibility
Grangemoor Hotel	https://www.kentvenues.co.uk/venues/grangemoor-hotel	58	capacity	critical	No capacity information anywhere on the listing	"Add clear capacity figures: seated capacity, standing/reception capacity, and cabaret/boardroom/theatre layouts for each space"
Grangemoor Hotel	https://www.kentvenues.co.uk/venues/grangemoor-hotel	58	photos	suggestion	Only 4 photos — could add more	"Aim for 8-10 photos covering exterior, each main space, and example event set-ups"
Grangemoor Hotel	https://www.kentvenues.co.uk/venues/grangemoor-hotel	58	accessibility	warning	No accessibility information on the listing	"Add accessibility details: wheelchair access, step-free routes, accessible toilets, hearing loops, and accessible parking bays"
Grangemoor Hotel	https://www.kentvenues.co.uk/venues/grangemoor-hotel	58	contact	warning	No social media links — all three social icons are unfilled placeholders	"Add the venue's Facebook, Twitter/X and Instagram profile URLs"
Grangemoor Hotel	https://www.kentvenues.co.uk/venues/grangemoor-hotel	58	contact	suggestion	No phone number displayed	Add a direct phone number for enquirers who prefer to call
Grangemoor Hotel	https://www.kentvenues.co.uk/venues/grangemoor-hotel	58	description	suggestion	No guest reviews or testimonials displayed	Collect and display client testimonials to build trust and credibility
Grangemoor Hotel	https://www.kentvenues.co.uk/venues/grangemoor-hotel	58	facilities	suggestion	Large venue has no individual rooms/spaces listed	"Break the venue into bookable spaces with individual descriptions, capacities, and photos"
Gravesend Old Town Hall	https://www.kentvenues.co.uk/venues/gravesend-old-town-hall	27	capacity	critical	No capacity information anywhere on the listing	"Add clear capacity figures: seated capacity, standing/reception capacity, and cabaret/boardroom/theatre layouts for each space"
Gravesend Old Town Hall	https://www.kentvenues.co.uk/venues/gravesend-old-town-hall	27	photos	warning	Only 2 photo(s) on the listing	"Add more photos — listings with 5+ images convert significantly better. Cover different spaces, angles, and event set-ups"
Gravesend Old Town Hall	https://www.kentvenues.co.uk/venues/gravesend-old-town-hall	27	facilities	critical	No facilities or amenities listed	"Add a complete amenities list: WiFi, AV equipment, heating, air conditioning, kitchen access, etc."
Gravesend Old Town Hall	https://www.kentvenues.co.uk/venues/gravesend-old-town-hall	27	parking	warning	No parking information on the listing	"Add parking details: number of spaces, on-site vs nearby, disabled bays, EV charging, and any charges"
Gravesend Old Town Hall	https://www.kentvenues.co.uk/venues/gravesend-old-town-hall	27	catering	warning	No catering or food/drink information on the listing	"Clarify catering options: in-house catering, approved caterers list, BYO alcohol policy, and dietary accommodations"
Gravesend Old Town Hall	https://www.kentvenues.co.uk/venues/gravesend-old-town-hall	27	accommodation	info	No accommodation details on the listing	"If on-site accommodation exists, add room count, types and pricing. If not, mention nearby hotel options for wedding parties"
Gravesend Old Town Hall	https://www.kentvenues.co.uk/venues/gravesend-old-town-hall	27	accessibility	warning	No accessibility information on the listing	"Add accessibility details: wheelchair access, step-free routes, accessible toilets, hearing loops, and accessible parking bays"
Gravesend Old Town Hall	https://www.kentvenues.co.uk/venues/gravesend-old-town-hall	27	contact	suggestion	No phone number displayed	Add a direct phone number for enquirers who prefer to call
Gravesend Old Town Hall	https://www.kentvenues.co.uk/venues/gravesend-old-town-hall	27	description	suggestion	No guest reviews or testimonials displayed	Collect and display client testimonials to build trust and credibility
Greene King Brewery	https://www.kentvenues.co.uk/venues/green-king-brewery	11	capacity	critical	No capacity information anywhere on the listing	"Add clear capacity figures: seated capacity, standing/reception capacity, and cabaret/boardroom/theatre layouts for each space"
Greene King Brewery	https://www.kentvenues.co.uk/venues/green-king-brewery	11	photos	critical	No photographs on the listing	"Add a minimum of 5 high-quality photographs showing the venue exterior, main spaces, and set-up examples"
Greene King Brewery	https://www.kentvenues.co.uk/venues/green-king-brewery	11	facilities	critical	No facilities or amenities listed	"Add a complete amenities list: WiFi, AV equipment, heating, air conditioning, kitchen access, etc."
Greene King Brewery	https://www.kentvenues.co.uk/venues/green-king-brewery	11	parking	warning	No parking information on the listing	"Add parking details: number of spaces, on-site vs nearby, disabled bays, EV charging, and any charges"
Greene King Brewery	https://www.kentvenues.co.uk/venues/green-king-brewery	11	catering	warning	No catering or food/drink information on the listing	"Clarify catering options: in-house catering, approved caterers list, BYO alcohol policy, and dietary accommodations"
Greene King Brewery	https://www.kentvenues.co.uk/venues/green-king-brewery	11	accommodation	info	No accommodation details on the listing	"If on-site accommodation exists, add room count, types and pricing. If not, mention nearby hotel options for wedding parties"
Greene King Brewery	https://www.kentvenues.co.uk/venues/green-king-brewery	11	accessibility	warning	No accessibility information on the listing	"Add accessibility details: wheelchair access, step-free routes, accessible toilets, hearing loops, and accessible parking bays"
Greene King Brewery	https://www.kentvenues.co.uk/venues/green-king-brewery	11	contact	warning	No social media links — all three social icons are unfilled placeholders	"Add the venue's Facebook, Twitter/X and Instagram profile URLs"
Greene King Brewery	https://www.kentvenues.co.uk/venues/green-king-brewery	11	contact	suggestion	No phone number displayed	Add a direct phone number for enquirers who prefer to call
Greene King Brewery	https://www.kentvenues.co.uk/venues/green-king-brewery	11	description	suggestion	No guest reviews or testimonials displayed	Collect and display client testimonials to build trust and credibility
Greenhill Farm	https://www.kentvenues.co.uk/venues/greenhill-farm	18	description	warning	Description is very short (99 characters)	"Expand the description to at least 200 characters covering key details like venue style, setting, and ideal event types"
Greenhill Farm	https://www.kentvenues.co.uk/venues/greenhill-farm	18	capacity	critical	No capacity information anywhere on the listing	"Add clear capacity figures: seated capacity, standing/reception capacity, and cabaret/boardroom/theatre layouts for each space"
Greenhill Farm	https://www.kentvenues.co.uk/venues/greenhill-farm	18	photos	suggestion	Only 3 photos — could add more	"Aim for 8-10 photos covering exterior, each main space, and example event set-ups"
Greenhill Farm	https://www.kentvenues.co.uk/venues/greenhill-farm	18	facilities	critical	No facilities or amenities listed	"Add a complete amenities list: WiFi, AV equipment, heating, air conditioning, kitchen access, etc."
Greenhill Farm	https://www.kentvenues.co.uk/venues/greenhill-farm	18	parking	warning	No parking information on the listing	"Add parking details: number of spaces, on-site vs nearby, disabled bays, EV charging, and any charges"
Greenhill Farm	https://www.kentvenues.co.uk/venues/greenhill-farm	18	catering	warning	No catering or food/drink information on the listing	"Clarify catering options: in-house catering, approved caterers list, BYO alcohol policy, and dietary accommodations"
Greenhill Farm	https://www.kentvenues.co.uk/venues/greenhill-farm	18	accommodation	info	No accommodation details on the listing	"If on-site accommodation exists, add room count, types and pricing. If not, mention nearby hotel options for wedding parties"
Greenhill Farm	https://www.kentvenues.co.uk/venues/greenhill-farm	18	accessibility	warning	No accessibility information on the listing	"Add accessibility details: wheelchair access, step-free routes, accessible toilets, hearing loops, and accessible parking bays"
Greenhill Farm	https://www.kentvenues.co.uk/venues/greenhill-farm	18	contact	warning	"Missing social media link(s): Twitter/X (shown as a dead ""#"" link)"	"Add the venue's Twitter/X profile URL(s) — the placeholder ""#"" links look broken to visitors"
Greenhill Farm	https://www.kentvenues.co.uk/venues/greenhill-farm	18	contact	suggestion	No phone number displayed	Add a direct phone number for enquirers who prefer to call
Greenhill Farm	https://www.kentvenues.co.uk/venues/greenhill-farm	18	description	suggestion	No guest reviews or testimonials displayed	Collect and display client testimonials to build trust and credibility
Groombridge Place	https://www.kentvenues.co.uk/venues/groombridge-place	55	capacity	critical	No capacity information anywhere on the listing	"Add clear capacity figures: seated capacity, standing/reception capacity, and cabaret/boardroom/theatre layouts for each space"
Groombridge Place	https://www.kentvenues.co.uk/venues/groombridge-place	55	facilities	warning	"Only 2 facilities listed (Restaurant, Bar)"	"Expand the amenities list to include everything guests would want to know — WiFi, AV, parking, catering options, accessibility features"
Groombridge Place	https://www.kentvenues.co.uk/venues/groombridge-place	55	parking	warning	No parking information on the listing	"Add parking details: number of spaces, on-site vs nearby, disabled bays, EV charging, and any charges"
Groombridge Place	https://www.kentvenues.co.uk/venues/groombridge-place	55	accommodation	info	No accommodation details on the listing	"If on-site accommodation exists, add room count, types and pricing. If not, mention nearby hotel options for wedding parties"
Groombridge Place	https://www.kentvenues.co.uk/venues/groombridge-place	55	accessibility	warning	No accessibility information on the listing	"Add accessibility details: wheelchair access, step-free routes, accessible toilets, hearing loops, and accessible parking bays"
Groombridge Place	https://www.kentvenues.co.uk/venues/groombridge-place	55	contact	suggestion	No phone number displayed	Add a direct phone number for enquirers who prefer to call
Groombridge Place	https://www.kentvenues.co.uk/venues/groombridge-place	55	description	suggestion	No guest reviews or testimonials displayed	Collect and display client testimonials to build trust and credibility
Grove Ferry Inn	https://www.kentvenues.co.uk/venues/grove-ferry-inn	12	description	critical	Listing is unclaimed — the description is auto-generated boilerplate	"Claim the listing and replace the auto-generated text with a real description (200+ words) covering character, history, setting and unique selling points"
Grove Ferry Inn	https://www.kentvenues.co.uk/venues/grove-ferry-inn	12	description	warning	Description is very short (92 characters)	"Expand the description to at least 200 characters covering key details like venue style, setting, and ideal event types"
Grove Ferry Inn	https://www.kentvenues.co.uk/venues/grove-ferry-inn	12	capacity	critical	No capacity information anywhere on the listing	"Add clear capacity figures: seated capacity, standing/reception capacity, and cabaret/boardroom/theatre layouts for each space"
Grove Ferry Inn	https://www.kentvenues.co.uk/venues/grove-ferry-inn	12	facilities	critical	No facilities or amenities listed	"Add a complete amenities list: WiFi, AV equipment, heating, air conditioning, kitchen access, etc."
Grove Ferry Inn	https://www.kentvenues.co.uk/venues/grove-ferry-inn	12	parking	warning	No parking information on the listing	"Add parking details: number of spaces, on-site vs nearby, disabled bays, EV charging, and any charges"
Grove Ferry Inn	https://www.kentvenues.co.uk/venues/grove-ferry-inn	12	catering	warning	No catering or food/drink information on the listing	"Clarify catering options: in-house catering, approved caterers list, BYO alcohol policy, and dietary accommodations"
Grove Ferry Inn	https://www.kentvenues.co.uk/venues/grove-ferry-inn	12	accommodation	info	No accommodation details on the listing	"If on-site accommodation exists, add room count, types and pricing. If not, mention nearby hotel options for wedding parties"
Grove Ferry Inn	https://www.kentvenues.co.uk/venues/grove-ferry-inn	12	accessibility	warning	No accessibility information on the listing	"Add accessibility details: wheelchair access, step-free routes, accessible toilets, hearing loops, and accessible parking bays"
Grove Ferry Inn	https://www.kentvenues.co.uk/venues/grove-ferry-inn	12	contact	suggestion	No phone number displayed	Add a direct phone number for enquirers who prefer to call
Grove Ferry Inn	https://www.kentvenues.co.uk/venues/grove-ferry-inn	12	description	suggestion	No guest reviews or testimonials displayed	Collect and display client testimonials to build trust and credibility
Hadlow Bar and Grill	https://www.kentvenues.co.uk/venues/hadlow-bar-and-grill	44	photos	warning	Only 1 photo(s) on the listing	"Add more photos — listings with 5+ images convert significantly better. Cover different spaces, angles, and event set-ups"
Hadlow Bar and Grill	https://www.kentvenues.co.uk/venues/hadlow-bar-and-grill	44	facilities	critical	No facilities or amenities listed	"Add a complete amenities list: WiFi, AV equipment, heating, air conditioning, kitchen access, etc."
Hadlow Bar and Grill	https://www.kentvenues.co.uk/venues/hadlow-bar-and-grill	44	parking	warning	No parking information on the listing	"Add parking details: number of spaces, on-site vs nearby, disabled bays, EV charging, and any charges"
Hadlow Bar and Grill	https://www.kentvenues.co.uk/venues/hadlow-bar-and-grill	44	accommodation	info	No accommodation details on the listing	"If on-site accommodation exists, add room count, types and pricing. If not, mention nearby hotel options for wedding parties"
Hadlow Bar and Grill	https://www.kentvenues.co.uk/venues/hadlow-bar-and-grill	44	accessibility	warning	No accessibility information on the listing	"Add accessibility details: wheelchair access, step-free routes, accessible toilets, hearing loops, and accessible parking bays"
Hadlow Bar and Grill	https://www.kentvenues.co.uk/venues/hadlow-bar-and-grill	44	contact	warning	No social media links — all three social icons are unfilled placeholders	"Add the venue's Facebook, Twitter/X and Instagram profile URLs"
Hadlow Bar and Grill	https://www.kentvenues.co.uk/venues/hadlow-bar-and-grill	44	contact	suggestion	No phone number displayed	Add a direct phone number for enquirers who prefer to call
Hadlow Bar and Grill	https://www.kentvenues.co.uk/venues/hadlow-bar-and-grill	44	description	suggestion	No guest reviews or testimonials displayed	Collect and display client testimonials to build trust and credibility
Hadlow Manor Hotel	https://www.kentvenues.co.uk/venues/hadlow-manor-hotel	52	description	critical	Listing is unclaimed — the description is auto-generated boilerplate	"Claim the listing and replace the auto-generated text with a real description (200+ words) covering character, history, setting and unique selling points"
Hadlow Manor Hotel	https://www.kentvenues.co.uk/venues/hadlow-manor-hotel	52	description	warning	Description could be more detailed (142 characters)	"Consider adding more details about the venue's atmosphere, capacity ranges, and unique features"
Hadlow Manor Hotel	https://www.kentvenues.co.uk/venues/hadlow-manor-hotel	52	capacity	critical	No capacity information anywhere on the listing	"Add clear capacity figures: seated capacity, standing/reception capacity, and cabaret/boardroom/theatre layouts for each space"
Hadlow Manor Hotel	https://www.kentvenues.co.uk/venues/hadlow-manor-hotel	52	accessibility	warning	No accessibility information on the listing	"Add accessibility details: wheelchair access, step-free routes, accessible toilets, hearing loops, and accessible parking bays"
Hadlow Manor Hotel	https://www.kentvenues.co.uk/venues/hadlow-manor-hotel	52	contact	suggestion	No phone number displayed	Add a direct phone number for enquirers who prefer to call
Hadlow Manor Hotel	https://www.kentvenues.co.uk/venues/hadlow-manor-hotel	52	description	suggestion	No guest reviews or testimonials displayed	Collect and display client testimonials to build trust and credibility
Halfway House	https://www.kentvenues.co.uk/venues/halfway-house	58	capacity	critical	No capacity information anywhere on the listing	"Add clear capacity figures: seated capacity, standing/reception capacity, and cabaret/boardroom/theatre layouts for each space"
Halfway House	https://www.kentvenues.co.uk/venues/halfway-house	58	photos	suggestion	Only 3 photos — could add more	"Aim for 8-10 photos covering exterior, each main space, and example event set-ups"
Halfway House	https://www.kentvenues.co.uk/venues/halfway-house	58	facilities	warning	Only 1 facilities listed (Wifi)	"Expand the amenities list to include everything guests would want to know — WiFi, AV, parking, catering options, accessibility features"
Halfway House	https://www.kentvenues.co.uk/venues/halfway-house	58	parking	warning	No parking information on the listing	"Add parking details: number of spaces, on-site vs nearby, disabled bays, EV charging, and any charges"
Halfway House	https://www.kentvenues.co.uk/venues/halfway-house	58	accommodation	info	No accommodation details on the listing	"If on-site accommodation exists, add room count, types and pricing. If not, mention nearby hotel options for wedding parties"
Halfway House	https://www.kentvenues.co.uk/venues/halfway-house	58	contact	suggestion	No phone number displayed	Add a direct phone number for enquirers who prefer to call
Halfway House	https://www.kentvenues.co.uk/venues/halfway-house	58	description	suggestion	No guest reviews or testimonials displayed	Collect and display client testimonials to build trust and credibility
Hall Place	https://www.kentvenues.co.uk/venues/hall-place	50	capacity	critical	No capacity information anywhere on the listing	"Add clear capacity figures: seated capacity, standing/reception capacity, and cabaret/boardroom/theatre layouts for each space"
Hall Place	https://www.kentvenues.co.uk/venues/hall-place	50	facilities	critical	No facilities or amenities listed	"Add a complete amenities list: WiFi, AV equipment, heating, air conditioning, kitchen access, etc."
Hall Place	https://www.kentvenues.co.uk/venues/hall-place	50	parking	warning	No parking information on the listing	"Add parking details: number of spaces, on-site vs nearby, disabled bays, EV charging, and any charges"
Hall Place	https://www.kentvenues.co.uk/venues/hall-place	50	accommodation	info	No accommodation details on the listing	"If on-site accommodation exists, add room count, types and pricing. If not, mention nearby hotel options for wedding parties"
Hall Place	https://www.kentvenues.co.uk/venues/hall-place	50	contact	suggestion	No phone number displayed	Add a direct phone number for enquirers who prefer to call
Hall Place	https://www.kentvenues.co.uk/venues/hall-place	50	description	suggestion	No guest reviews or testimonials displayed	Collect and display client testimonials to build trust and credibility
Hall Place	https://www.kentvenues.co.uk/venues/hall-place	50	facilities	suggestion	Large venue has no individual rooms/spaces listed	"Break the venue into bookable spaces with individual descriptions, capacities, and photos"
Hampton by Hilton Canterbury	https://www.kentvenues.co.uk/venues/hampton-by-hilton-canterbury	76	capacity	critical	No capacity information anywhere on the listing	"Add clear capacity figures: seated capacity, standing/reception capacity, and cabaret/boardroom/theatre layouts for each space"
Hampton by Hilton Canterbury	https://www.kentvenues.co.uk/venues/hampton-by-hilton-canterbury	76	contact	warning	"Missing social media link(s): Twitter/X, Instagram (shown as a dead ""#"" link)"	"Add the venue's Twitter/X and Instagram profile URL(s) — the placeholder ""#"" links look broken to visitors"
Hampton by Hilton Canterbury	https://www.kentvenues.co.uk/venues/hampton-by-hilton-canterbury	76	contact	suggestion	No phone number displayed	Add a direct phone number for enquirers who prefer to call
Hampton by Hilton Canterbury	https://www.kentvenues.co.uk/venues/hampton-by-hilton-canterbury	76	description	suggestion	No guest reviews or testimonials displayed	Collect and display client testimonials to build trust and credibility
Havenfield Hall	https://www.kentvenues.co.uk/venues/havenfield-hall	35	capacity	critical	No capacity information anywhere on the listing	"Add clear capacity figures: seated capacity, standing/reception capacity, and cabaret/boardroom/theatre layouts for each space"
Havenfield Hall	https://www.kentvenues.co.uk/venues/havenfield-hall	35	photos	suggestion	Only 4 photos — could add more	"Aim for 8-10 photos covering exterior, each main space, and example event set-ups"
Havenfield Hall	https://www.kentvenues.co.uk/venues/havenfield-hall	35	facilities	critical	No facilities or amenities listed	"Add a complete amenities list: WiFi, AV equipment, heating, air conditioning, kitchen access, etc."
Havenfield Hall	https://www.kentvenues.co.uk/venues/havenfield-hall	35	parking	warning	No parking information on the listing	"Add parking details: number of spaces, on-site vs nearby, disabled bays, EV charging, and any charges"
Havenfield Hall	https://www.kentvenues.co.uk/venues/havenfield-hall	35	accessibility	warning	No accessibility information on the listing	"Add accessibility details: wheelchair access, step-free routes, accessible toilets, hearing loops, and accessible parking bays"
Havenfield Hall	https://www.kentvenues.co.uk/venues/havenfield-hall	35	contact	warning	No social media links — all three social icons are unfilled placeholders	"Add the venue's Facebook, Twitter/X and Instagram profile URLs"
Havenfield Hall	https://www.kentvenues.co.uk/venues/havenfield-hall	35	contact	suggestion	No phone number displayed	Add a direct phone number for enquirers who prefer to call
Havenfield Hall	https://www.kentvenues.co.uk/venues/havenfield-hall	35	description	suggestion	No guest reviews or testimonials displayed	Collect and display client testimonials to build trust and credibility
Havenfield Hall	https://www.kentvenues.co.uk/venues/havenfield-hall	35	facilities	suggestion	Large venue has no individual rooms/spaces listed	"Break the venue into bookable spaces with individual descriptions, capacities, and photos"
Hayne House	https://www.kentvenues.co.uk/venues/hayne-house	80	capacity	critical	No capacity information anywhere on the listing	"Add clear capacity figures: seated capacity, standing/reception capacity, and cabaret/boardroom/theatre layouts for each space"
Hayne House	https://www.kentvenues.co.uk/venues/hayne-house	80	contact	suggestion	No phone number displayed	Add a direct phone number for enquirers who prefer to call
Hayne House	https://www.kentvenues.co.uk/venues/hayne-house	80	description	suggestion	No guest reviews or testimonials displayed	Collect and display client testimonials to build trust and credibility
Hazlitt Arts Centre	https://www.kentvenues.co.uk/venues/hazlitt-arts-centre	25	description	critical	Listing is unclaimed — the description is auto-generated boilerplate	"Claim the listing and replace the auto-generated text with a real description (200+ words) covering character, history, setting and unique selling points"
Hazlitt Arts Centre	https://www.kentvenues.co.uk/venues/hazlitt-arts-centre	25	description	warning	Description is very short (81 characters)	"Expand the description to at least 200 characters covering key details like venue style, setting, and ideal event types"
Hazlitt Arts Centre	https://www.kentvenues.co.uk/venues/hazlitt-arts-centre	25	capacity	critical	No capacity information anywhere on the listing	"Add clear capacity figures: seated capacity, standing/reception capacity, and cabaret/boardroom/theatre layouts for each space"
Hazlitt Arts Centre	https://www.kentvenues.co.uk/venues/hazlitt-arts-centre	25	photos	suggestion	Only 3 photos — could add more	"Aim for 8-10 photos covering exterior, each main space, and example event set-ups"
Hazlitt Arts Centre	https://www.kentvenues.co.uk/venues/hazlitt-arts-centre	25	facilities	warning	"Only 2 facilities listed (Wifi, Parking)"	"Expand the amenities list to include everything guests would want to know — WiFi, AV, parking, catering options, accessibility features"
Hazlitt Arts Centre	https://www.kentvenues.co.uk/venues/hazlitt-arts-centre	25	catering	warning	No catering or food/drink information on the listing	"Clarify catering options: in-house catering, approved caterers list, BYO alcohol policy, and dietary accommodations"
Hazlitt Arts Centre	https://www.kentvenues.co.uk/venues/hazlitt-arts-centre	25	accommodation	info	No accommodation details on the listing	"If on-site accommodation exists, add room count, types and pricing. If not, mention nearby hotel options for wedding parties"
Hazlitt Arts Centre	https://www.kentvenues.co.uk/venues/hazlitt-arts-centre	25	accessibility	warning	No accessibility information on the listing	"Add accessibility details: wheelchair access, step-free routes, accessible toilets, hearing loops, and accessible parking bays"
Hazlitt Arts Centre	https://www.kentvenues.co.uk/venues/hazlitt-arts-centre	25	contact	suggestion	No phone number displayed	Add a direct phone number for enquirers who prefer to call
Hazlitt Arts Centre	https://www.kentvenues.co.uk/venues/hazlitt-arts-centre	25	description	suggestion	No guest reviews or testimonials displayed	Collect and display client testimonials to build trust and credibility
Hempstead House	https://www.kentvenues.co.uk/venues/hempstead-house	35	capacity	critical	No capacity information anywhere on the listing	"Add clear capacity figures: seated capacity, standing/reception capacity, and cabaret/boardroom/theatre layouts for each space"
Hempstead House	https://www.kentvenues.co.uk/venues/hempstead-house	35	photos	warning	Only 2 photo(s) on the listing	"Add more photos — listings with 5+ images convert significantly better. Cover different spaces, angles, and event set-ups"
Hempstead House	https://www.kentvenues.co.uk/venues/hempstead-house	35	facilities	critical	No facilities or amenities listed	"Add a complete amenities list: WiFi, AV equipment, heating, air conditioning, kitchen access, etc."
Hempstead House	https://www.kentvenues.co.uk/venues/hempstead-house	35	parking	warning	No parking information on the listing	"Add parking details: number of spaces, on-site vs nearby, disabled bays, EV charging, and any charges"
Hempstead House	https://www.kentvenues.co.uk/venues/hempstead-house	35	accessibility	warning	No accessibility information on the listing	"Add accessibility details: wheelchair access, step-free routes, accessible toilets, hearing loops, and accessible parking bays"
Hempstead House	https://www.kentvenues.co.uk/venues/hempstead-house	35	contact	warning	"Missing social media link(s): Instagram (shown as a dead ""#"" link)"	"Add the venue's Instagram profile URL(s) — the placeholder ""#"" links look broken to visitors"
Hempstead House	https://www.kentvenues.co.uk/venues/hempstead-house	35	contact	suggestion	No phone number displayed	Add a direct phone number for enquirers who prefer to call
Hempstead House	https://www.kentvenues.co.uk/venues/hempstead-house	35	description	suggestion	No guest reviews or testimonials displayed	Collect and display client testimonials to build trust and credibility
Hengist Village Bar and Dining Rooms	https://www.kentvenues.co.uk/venues/hengist-village-bar-and-dining-rooms	0	description	critical	Missing or extremely short venue description	"Write a detailed description (200+ words) covering the venue's character, history, setting, and what makes it unique"
Hengist Village Bar and Dining Rooms	https://www.kentvenues.co.uk/venues/hengist-village-bar-and-dining-rooms	0	capacity	critical	No capacity information anywhere on the listing	"Add clear capacity figures: seated capacity, standing/reception capacity, and cabaret/boardroom/theatre layouts for each space"
Hengist Village Bar and Dining Rooms	https://www.kentvenues.co.uk/venues/hengist-village-bar-and-dining-rooms	0	photos	critical	No photographs on the listing	"Add a minimum of 5 high-quality photographs showing the venue exterior, main spaces, and set-up examples"
Hengist Village Bar and Dining Rooms	https://www.kentvenues.co.uk/venues/hengist-village-bar-and-dining-rooms	0	facilities	critical	No facilities or amenities listed	"Add a complete amenities list: WiFi, AV equipment, heating, air conditioning, kitchen access, etc."
Hengist Village Bar and Dining Rooms	https://www.kentvenues.co.uk/venues/hengist-village-bar-and-dining-rooms	0	parking	warning	No parking information on the listing	"Add parking details: number of spaces, on-site vs nearby, disabled bays, EV charging, and any charges"
Hengist Village Bar and Dining Rooms	https://www.kentvenues.co.uk/venues/hengist-village-bar-and-dining-rooms	0	catering	warning	No catering or food/drink information on the listing	"Clarify catering options: in-house catering, approved caterers list, BYO alcohol policy, and dietary accommodations"
Hengist Village Bar and Dining Rooms	https://www.kentvenues.co.uk/venues/hengist-village-bar-and-dining-rooms	0	accommodation	info	No accommodation details on the listing	"If on-site accommodation exists, add room count, types and pricing. If not, mention nearby hotel options for wedding parties"
Hengist Village Bar and Dining Rooms	https://www.kentvenues.co.uk/venues/hengist-village-bar-and-dining-rooms	0	accessibility	warning	No accessibility information on the listing	"Add accessibility details: wheelchair access, step-free routes, accessible toilets, hearing loops, and accessible parking bays"
Hengist Village Bar and Dining Rooms	https://www.kentvenues.co.uk/venues/hengist-village-bar-and-dining-rooms	0	contact	warning	No social media links — all three social icons are unfilled placeholders	"Add the venue's Facebook, Twitter/X and Instagram profile URLs"
Hengist Village Bar and Dining Rooms	https://www.kentvenues.co.uk/venues/hengist-village-bar-and-dining-rooms	0	contact	suggestion	No phone number displayed	Add a direct phone number for enquirers who prefer to call
Hengist Village Bar and Dining Rooms	https://www.kentvenues.co.uk/venues/hengist-village-bar-and-dining-rooms	0	description	suggestion	No guest reviews or testimonials displayed	Collect and display client testimonials to build trust and credibility
Herne Community Centre	https://www.kentvenues.co.uk/venues/herne-community-centre	20	capacity	critical	No capacity information anywhere on the listing	"Add clear capacity figures: seated capacity, standing/reception capacity, and cabaret/boardroom/theatre layouts for each space"
Herne Community Centre	https://www.kentvenues.co.uk/venues/herne-community-centre	20	photos	warning	Only 2 photo(s) on the listing	"Add more photos — listings with 5+ images convert significantly better. Cover different spaces, angles, and event set-ups"
Herne Community Centre	https://www.kentvenues.co.uk/venues/herne-community-centre	20	facilities	critical	No facilities or amenities listed	"Add a complete amenities list: WiFi, AV equipment, heating, air conditioning, kitchen access, etc."
Herne Community Centre	https://www.kentvenues.co.uk/venues/herne-community-centre	20	parking	warning	No parking information on the listing	"Add parking details: number of spaces, on-site vs nearby, disabled bays, EV charging, and any charges"
Herne Community Centre	https://www.kentvenues.co.uk/venues/herne-community-centre	20	catering	warning	No catering or food/drink information on the listing	"Clarify catering options: in-house catering, approved caterers list, BYO alcohol policy, and dietary accommodations"
Herne Community Centre	https://www.kentvenues.co.uk/venues/herne-community-centre	20	accommodation	info	No accommodation details on the listing	"If on-site accommodation exists, add room count, types and pricing. If not, mention nearby hotel options for wedding parties"
Herne Community Centre	https://www.kentvenues.co.uk/venues/herne-community-centre	20	accessibility	warning	No accessibility information on the listing	"Add accessibility details: wheelchair access, step-free routes, accessible toilets, hearing loops, and accessible parking bays"
Herne Community Centre	https://www.kentvenues.co.uk/venues/herne-community-centre	20	contact	warning	"Missing social media link(s): Twitter/X, Instagram (shown as a dead ""#"" link)"	"Add the venue's Twitter/X and Instagram profile URL(s) — the placeholder ""#"" links look broken to visitors"
Herne Community Centre	https://www.kentvenues.co.uk/venues/herne-community-centre	20	contact	suggestion	No phone number displayed	Add a direct phone number for enquirers who prefer to call
Herne Community Centre	https://www.kentvenues.co.uk/venues/herne-community-centre	20	description	suggestion	No guest reviews or testimonials displayed	Collect and display client testimonials to build trust and credibility
Herne Community Centre	https://www.kentvenues.co.uk/venues/herne-community-centre	20	facilities	suggestion	Large venue has no individual rooms/spaces listed	"Break the venue into bookable spaces with individual descriptions, capacities, and photos"
Herne Institute Hall	https://www.kentvenues.co.uk/venues/herne-institute-hall	0	description	critical	Missing or extremely short venue description	"Write a detailed description (200+ words) covering the venue's character, history, setting, and what makes it unique"
Herne Institute Hall	https://www.kentvenues.co.uk/venues/herne-institute-hall	0	capacity	critical	No capacity information anywhere on the listing	"Add clear capacity figures: seated capacity, standing/reception capacity, and cabaret/boardroom/theatre layouts for each space"
Herne Institute Hall	https://www.kentvenues.co.uk/venues/herne-institute-hall	0	photos	critical	No photographs on the listing	"Add a minimum of 5 high-quality photographs showing the venue exterior, main spaces, and set-up examples"
Herne Institute Hall	https://www.kentvenues.co.uk/venues/herne-institute-hall	0	facilities	critical	No facilities or amenities listed	"Add a complete amenities list: WiFi, AV equipment, heating, air conditioning, kitchen access, etc."
Herne Institute Hall	https://www.kentvenues.co.uk/venues/herne-institute-hall	0	parking	warning	No parking information on the listing	"Add parking details: number of spaces, on-site vs nearby, disabled bays, EV charging, and any charges"
Herne Institute Hall	https://www.kentvenues.co.uk/venues/herne-institute-hall	0	catering	warning	No catering or food/drink information on the listing	"Clarify catering options: in-house catering, approved caterers list, BYO alcohol policy, and dietary accommodations"
Herne Institute Hall	https://www.kentvenues.co.uk/venues/herne-institute-hall	0	accommodation	info	No accommodation details on the listing	"If on-site accommodation exists, add room count, types and pricing. If not, mention nearby hotel options for wedding parties"
Herne Institute Hall	https://www.kentvenues.co.uk/venues/herne-institute-hall	0	accessibility	warning	No accessibility information on the listing	"Add accessibility details: wheelchair access, step-free routes, accessible toilets, hearing loops, and accessible parking bays"
Herne Institute Hall	https://www.kentvenues.co.uk/venues/herne-institute-hall	0	contact	critical	"No contact information at all — no email, no social media, no website link"	Add at minimum a contact email and the venue's website and social media links so enquirers can reach the venue directly
Herne Institute Hall	https://www.kentvenues.co.uk/venues/herne-institute-hall	0	description	suggestion	No guest reviews or testimonials displayed	Collect and display client testimonials to build trust and credibility
Herne Institute Hall	https://www.kentvenues.co.uk/venues/herne-institute-hall	0	facilities	suggestion	Large venue has no individual rooms/spaces listed	"Break the venue into bookable spaces with individual descriptions, capacities, and photos"
Herons Park	https://www.kentvenues.co.uk/venues/herons-park	46	description	warning	Description could be more detailed (110 characters)	"Consider adding more details about the venue's atmosphere, capacity ranges, and unique features"
Herons Park	https://www.kentvenues.co.uk/venues/herons-park	46	capacity	critical	No capacity information anywhere on the listing	"Add clear capacity figures: seated capacity, standing/reception capacity, and cabaret/boardroom/theatre layouts for each space"
Herons Park	https://www.kentvenues.co.uk/venues/herons-park	46	facilities	warning	"Only 2 facilities listed (Wifi, Parking)"	"Expand the amenities list to include everything guests would want to know — WiFi, AV, parking, catering options, accessibility features"
Herons Park	https://www.kentvenues.co.uk/venues/herons-park	46	catering	warning	No catering or food/drink information on the listing	"Clarify catering options: in-house catering, approved caterers list, BYO alcohol policy, and dietary accommodations"
Herons Park	https://www.kentvenues.co.uk/venues/herons-park	46	accommodation	info	No accommodation details on the listing	"If on-site accommodation exists, add room count, types and pricing. If not, mention nearby hotel options for wedding parties"
Herons Park	https://www.kentvenues.co.uk/venues/herons-park	46	accessibility	warning	No accessibility information on the listing	"Add accessibility details: wheelchair access, step-free routes, accessible toilets, hearing loops, and accessible parking bays"
Herons Park	https://www.kentvenues.co.uk/venues/herons-park	46	contact	warning	"Missing social media link(s): Twitter/X (shown as a dead ""#"" link)"	"Add the venue's Twitter/X profile URL(s) — the placeholder ""#"" links look broken to visitors"
Herons Park	https://www.kentvenues.co.uk/venues/herons-park	46	contact	suggestion	No phone number displayed	Add a direct phone number for enquirers who prefer to call
Herons Park	https://www.kentvenues.co.uk/venues/herons-park	46	description	suggestion	No guest reviews or testimonials displayed	Collect and display client testimonials to build trust and credibility
Herons Park Venue	https://www.kentvenues.co.uk/venues/herons-park-venue	28	capacity	critical	No capacity information anywhere on the listing	"Add clear capacity figures: seated capacity, standing/reception capacity, and cabaret/boardroom/theatre layouts for each space"
Herons Park Venue	https://www.kentvenues.co.uk/venues/herons-park-venue	28	photos	suggestion	Only 4 photos — could add more	"Aim for 8-10 photos covering exterior, each main space, and example event set-ups"
Herons Park Venue	https://www.kentvenues.co.uk/venues/herons-park-venue	28	facilities	critical	No facilities or amenities listed	"Add a complete amenities list: WiFi, AV equipment, heating, air conditioning, kitchen access, etc."
Herons Park Venue	https://www.kentvenues.co.uk/venues/herons-park-venue	28	parking	warning	No parking information on the listing	"Add parking details: number of spaces, on-site vs nearby, disabled bays, EV charging, and any charges"
Herons Park Venue	https://www.kentvenues.co.uk/venues/herons-park-venue	28	catering	warning	No catering or food/drink information on the listing	"Clarify catering options: in-house catering, approved caterers list, BYO alcohol policy, and dietary accommodations"
Herons Park Venue	https://www.kentvenues.co.uk/venues/herons-park-venue	28	accommodation	info	No accommodation details on the listing	"If on-site accommodation exists, add room count, types and pricing. If not, mention nearby hotel options for wedding parties"
Herons Park Venue	https://www.kentvenues.co.uk/venues/herons-park-venue	28	accessibility	warning	No accessibility information on the listing	"Add accessibility details: wheelchair access, step-free routes, accessible toilets, hearing loops, and accessible parking bays"
Herons Park Venue	https://www.kentvenues.co.uk/venues/herons-park-venue	28	contact	warning	"Missing social media link(s): Twitter/X, Instagram (shown as a dead ""#"" link)"	"Add the venue's Twitter/X and Instagram profile URL(s) — the placeholder ""#"" links look broken to visitors"
Herons Park Venue	https://www.kentvenues.co.uk/venues/herons-park-venue	28	contact	suggestion	No phone number displayed	Add a direct phone number for enquirers who prefer to call
Herons Park Venue	https://www.kentvenues.co.uk/venues/herons-park-venue	28	description	suggestion	No guest reviews or testimonials displayed	Collect and display client testimonials to build trust and credibility
Hever Castle	https://www.kentvenues.co.uk/venues/hever-castle	55	capacity	critical	No capacity information anywhere on the listing	"Add clear capacity figures: seated capacity, standing/reception capacity, and cabaret/boardroom/theatre layouts for each space"
Hever Castle	https://www.kentvenues.co.uk/venues/hever-castle	55	facilities	warning	"Only 2 facilities listed (Parking, Garden)"	"Expand the amenities list to include everything guests would want to know — WiFi, AV, parking, catering options, accessibility features"
Hever Castle	https://www.kentvenues.co.uk/venues/hever-castle	55	catering	warning	No catering or food/drink information on the listing	"Clarify catering options: in-house catering, approved caterers list, BYO alcohol policy, and dietary accommodations"
Hever Castle	https://www.kentvenues.co.uk/venues/hever-castle	55	accommodation	info	No accommodation details on the listing	"If on-site accommodation exists, add room count, types and pricing. If not, mention nearby hotel options for wedding parties"
Hever Castle	https://www.kentvenues.co.uk/venues/hever-castle	55	accessibility	warning	No accessibility information on the listing	"Add accessibility details: wheelchair access, step-free routes, accessible toilets, hearing loops, and accessible parking bays"
Hever Castle	https://www.kentvenues.co.uk/venues/hever-castle	55	contact	suggestion	No phone number displayed	Add a direct phone number for enquirers who prefer to call
Hever Castle	https://www.kentvenues.co.uk/venues/hever-castle	55	description	suggestion	No guest reviews or testimonials displayed	Collect and display client testimonials to build trust and credibility
Hever Hotel	https://www.kentvenues.co.uk/venues/hever-hotel	0	description	critical	Missing or extremely short venue description	"Write a detailed description (200+ words) covering the venue's character, history, setting, and what makes it unique"
Hever Hotel	https://www.kentvenues.co.uk/venues/hever-hotel	0	capacity	critical	No capacity information anywhere on the listing	"Add clear capacity figures: seated capacity, standing/reception capacity, and cabaret/boardroom/theatre layouts for each space"
Hever Hotel	https://www.kentvenues.co.uk/venues/hever-hotel	0	photos	critical	No photographs on the listing	"Add a minimum of 5 high-quality photographs showing the venue exterior, main spaces, and set-up examples"
Hever Hotel	https://www.kentvenues.co.uk/venues/hever-hotel	0	facilities	critical	No facilities or amenities listed	"Add a complete amenities list: WiFi, AV equipment, heating, air conditioning, kitchen access, etc."
Hever Hotel	https://www.kentvenues.co.uk/venues/hever-hotel	0	parking	warning	No parking information on the listing	"Add parking details: number of spaces, on-site vs nearby, disabled bays, EV charging, and any charges"
Hever Hotel	https://www.kentvenues.co.uk/venues/hever-hotel	0	catering	warning	No catering or food/drink information on the listing	"Clarify catering options: in-house catering, approved caterers list, BYO alcohol policy, and dietary accommodations"
Hever Hotel	https://www.kentvenues.co.uk/venues/hever-hotel	0	accommodation	info	No accommodation details on the listing	"If on-site accommodation exists, add room count, types and pricing. If not, mention nearby hotel options for wedding parties"
Hever Hotel	https://www.kentvenues.co.uk/venues/hever-hotel	0	accessibility	warning	No accessibility information on the listing	"Add accessibility details: wheelchair access, step-free routes, accessible toilets, hearing loops, and accessible parking bays"
Hever Hotel	https://www.kentvenues.co.uk/venues/hever-hotel	0	contact	warning	No social media links — all three social icons are unfilled placeholders	"Add the venue's Facebook, Twitter/X and Instagram profile URLs"
Hever Hotel	https://www.kentvenues.co.uk/venues/hever-hotel	0	contact	suggestion	No phone number displayed	Add a direct phone number for enquirers who prefer to call
Hever Hotel	https://www.kentvenues.co.uk/venues/hever-hotel	0	description	suggestion	No guest reviews or testimonials displayed	Collect and display client testimonials to build trust and credibility
Hever Hotel	https://www.kentvenues.co.uk/venues/hever-hotel	0	facilities	suggestion	Large venue has no individual rooms/spaces listed	"Break the venue into bookable spaces with individual descriptions, capacities, and photos"
High Elms Golf Course	https://www.kentvenues.co.uk/venues/high-elms-golf-course	48	capacity	critical	No capacity information anywhere on the listing	"Add clear capacity figures: seated capacity, standing/reception capacity, and cabaret/boardroom/theatre layouts for each space"
High Elms Golf Course	https://www.kentvenues.co.uk/venues/high-elms-golf-course	48	photos	suggestion	Only 3 photos — could add more	"Aim for 8-10 photos covering exterior, each main space, and example event set-ups"
High Elms Golf Course	https://www.kentvenues.co.uk/venues/high-elms-golf-course	48	parking	warning	No parking information on the listing	"Add parking details: number of spaces, on-site vs nearby, disabled bays, EV charging, and any charges"
High Elms Golf Course	https://www.kentvenues.co.uk/venues/high-elms-golf-course	48	accommodation	info	No accommodation details on the listing	"If on-site accommodation exists, add room count, types and pricing. If not, mention nearby hotel options for wedding parties"
High Elms Golf Course	https://www.kentvenues.co.uk/venues/high-elms-golf-course	48	accessibility	warning	No accessibility information on the listing	"Add accessibility details: wheelchair access, step-free routes, accessible toilets, hearing loops, and accessible parking bays"
High Elms Golf Course	https://www.kentvenues.co.uk/venues/high-elms-golf-course	48	contact	warning	"Missing social media link(s): Instagram (shown as a dead ""#"" link)"	"Add the venue's Instagram profile URL(s) — the placeholder ""#"" links look broken to visitors"
High Elms Golf Course	https://www.kentvenues.co.uk/venues/high-elms-golf-course	48	contact	suggestion	No phone number displayed	Add a direct phone number for enquirers who prefer to call
High Elms Golf Course	https://www.kentvenues.co.uk/venues/high-elms-golf-course	48	description	suggestion	No guest reviews or testimonials displayed	Collect and display client testimonials to build trust and credibility
High Elms Golf Course	https://www.kentvenues.co.uk/venues/high-elms-golf-course	48	facilities	suggestion	Large venue has no individual rooms/spaces listed	"Break the venue into bookable spaces with individual descriptions, capacities, and photos"
High Rocks	https://www.kentvenues.co.uk/venues/high-rocks	43	description	critical	Listing is unclaimed — the description is auto-generated boilerplate	"Claim the listing and replace the auto-generated text with a real description (200+ words) covering character, history, setting and unique selling points"
High Rocks	https://www.kentvenues.co.uk/venues/high-rocks	43	description	warning	Description is very short (73 characters)	"Expand the description to at least 200 characters covering key details like venue style, setting, and ideal event types"
High Rocks	https://www.kentvenues.co.uk/venues/high-rocks	43	capacity	critical	No capacity information anywhere on the listing	"Add clear capacity figures: seated capacity, standing/reception capacity, and cabaret/boardroom/theatre layouts for each space"
High Rocks	https://www.kentvenues.co.uk/venues/high-rocks	43	accommodation	info	No accommodation details on the listing	"If on-site accommodation exists, add room count, types and pricing. If not, mention nearby hotel options for wedding parties"
High Rocks	https://www.kentvenues.co.uk/venues/high-rocks	43	accessibility	warning	No accessibility information on the listing	"Add accessibility details: wheelchair access, step-free routes, accessible toilets, hearing loops, and accessible parking bays"
High Rocks	https://www.kentvenues.co.uk/venues/high-rocks	43	contact	suggestion	No phone number displayed	Add a direct phone number for enquirers who prefer to call
High Rocks	https://www.kentvenues.co.uk/venues/high-rocks	43	description	suggestion	No guest reviews or testimonials displayed	Collect and display client testimonials to build trust and credibility
Hilton Dartford Bridge Hotel	https://www.kentvenues.co.uk/venues/hilton-dartford-bridge-hotel	61	capacity	critical	No capacity information anywhere on the listing	"Add clear capacity figures: seated capacity, standing/reception capacity, and cabaret/boardroom/theatre layouts for each space"
Hilton Dartford Bridge Hotel	https://www.kentvenues.co.uk/venues/hilton-dartford-bridge-hotel	61	accommodation	info	No accommodation details on the listing	"If on-site accommodation exists, add room count, types and pricing. If not, mention nearby hotel options for wedding parties"
Hilton Dartford Bridge Hotel	https://www.kentvenues.co.uk/venues/hilton-dartford-bridge-hotel	61	accessibility	warning	No accessibility information on the listing	"Add accessibility details: wheelchair access, step-free routes, accessible toilets, hearing loops, and accessible parking bays"
Hilton Dartford Bridge Hotel	https://www.kentvenues.co.uk/venues/hilton-dartford-bridge-hotel	61	contact	warning	"Missing social media link(s): Twitter/X, Instagram (shown as a dead ""#"" link)"	"Add the venue's Twitter/X and Instagram profile URL(s) — the placeholder ""#"" links look broken to visitors"
Hilton Dartford Bridge Hotel	https://www.kentvenues.co.uk/venues/hilton-dartford-bridge-hotel	61	contact	suggestion	No phone number displayed	Add a direct phone number for enquirers who prefer to call
Hilton Dartford Bridge Hotel	https://www.kentvenues.co.uk/venues/hilton-dartford-bridge-hotel	61	description	suggestion	No guest reviews or testimonials displayed	Collect and display client testimonials to build trust and credibility
Hilton Dartford Bridge Hotel	https://www.kentvenues.co.uk/venues/hilton-dartford-bridge-hotel	61	facilities	suggestion	Large venue has no individual rooms/spaces listed	"Break the venue into bookable spaces with individual descriptions, capacities, and photos"
Holiday Inn Ashford Central	https://www.kentvenues.co.uk/venues/holiday-inn-ashford-central	60	capacity	critical	No capacity information anywhere on the listing	"Add clear capacity figures: seated capacity, standing/reception capacity, and cabaret/boardroom/theatre layouts for each space"
Holiday Inn Ashford Central	https://www.kentvenues.co.uk/venues/holiday-inn-ashford-central	60	photos	suggestion	Only 4 photos — could add more	"Aim for 8-10 photos covering exterior, each main space, and example event set-ups"
Holiday Inn Ashford Central	https://www.kentvenues.co.uk/venues/holiday-inn-ashford-central	60	accessibility	warning	No accessibility information on the listing	"Add accessibility details: wheelchair access, step-free routes, accessible toilets, hearing loops, and accessible parking bays"
Holiday Inn Ashford Central	https://www.kentvenues.co.uk/venues/holiday-inn-ashford-central	60	contact	warning	"Missing social media link(s): Instagram (shown as a dead ""#"" link)"	"Add the venue's Instagram profile URL(s) — the placeholder ""#"" links look broken to visitors"
Holiday Inn Ashford Central	https://www.kentvenues.co.uk/venues/holiday-inn-ashford-central	60	contact	suggestion	No venue website link on the listing	Embed or link the venue's own website so visitors can research further
Holiday Inn Ashford Central	https://www.kentvenues.co.uk/venues/holiday-inn-ashford-central	60	contact	suggestion	No phone number displayed	Add a direct phone number for enquirers who prefer to call
Holiday Inn Ashford Central	https://www.kentvenues.co.uk/venues/holiday-inn-ashford-central	60	description	suggestion	No guest reviews or testimonials displayed	Collect and display client testimonials to build trust and credibility
Holiday Inn Ashford North	https://www.kentvenues.co.uk/venues/holiday-inn-ashford-north	68	photos	suggestion	Only 3 photos — could add more	"Aim for 8-10 photos covering exterior, each main space, and example event set-ups"
Holiday Inn Ashford North	https://www.kentvenues.co.uk/venues/holiday-inn-ashford-north	68	facilities	critical	No facilities or amenities listed	"Add a complete amenities list: WiFi, AV equipment, heating, air conditioning, kitchen access, etc."
Holiday Inn Ashford North	https://www.kentvenues.co.uk/venues/holiday-inn-ashford-north	68	contact	warning	"Missing social media link(s): Instagram (shown as a dead ""#"" link)"	"Add the venue's Instagram profile URL(s) — the placeholder ""#"" links look broken to visitors"
Holiday Inn Ashford North	https://www.kentvenues.co.uk/venues/holiday-inn-ashford-north	68	contact	suggestion	No venue website link on the listing	Embed or link the venue's own website so visitors can research further
Holiday Inn Ashford North	https://www.kentvenues.co.uk/venues/holiday-inn-ashford-north	68	contact	suggestion	No phone number displayed	Add a direct phone number for enquirers who prefer to call
Holiday Inn Ashford North	https://www.kentvenues.co.uk/venues/holiday-inn-ashford-north	68	description	suggestion	No guest reviews or testimonials displayed	Collect and display client testimonials to build trust and credibility
Holiday Inn Ashford North A20	https://www.kentvenues.co.uk/venues/holiday-inn-ashford-north-a20	55	capacity	critical	No capacity information anywhere on the listing	"Add clear capacity figures: seated capacity, standing/reception capacity, and cabaret/boardroom/theatre layouts for each space"
Holiday Inn Ashford North A20	https://www.kentvenues.co.uk/venues/holiday-inn-ashford-north-a20	55	photos	warning	Only 2 photo(s) on the listing	"Add more photos — listings with 5+ images convert significantly better. Cover different spaces, angles, and event set-ups"
Holiday Inn Ashford North A20	https://www.kentvenues.co.uk/venues/holiday-inn-ashford-north-a20	55	accessibility	warning	No accessibility information on the listing	"Add accessibility details: wheelchair access, step-free routes, accessible toilets, hearing loops, and accessible parking bays"
Holiday Inn Ashford North A20	https://www.kentvenues.co.uk/venues/holiday-inn-ashford-north-a20	55	contact	warning	"Missing social media link(s): Instagram (shown as a dead ""#"" link)"	"Add the venue's Instagram profile URL(s) — the placeholder ""#"" links look broken to visitors"
Holiday Inn Ashford North A20	https://www.kentvenues.co.uk/venues/holiday-inn-ashford-north-a20	55	contact	suggestion	No venue website link on the listing	Embed or link the venue's own website so visitors can research further
Holiday Inn Ashford North A20	https://www.kentvenues.co.uk/venues/holiday-inn-ashford-north-a20	55	contact	suggestion	No phone number displayed	Add a direct phone number for enquirers who prefer to call
Holiday Inn Ashford North A20	https://www.kentvenues.co.uk/venues/holiday-inn-ashford-north-a20	55	description	suggestion	No guest reviews or testimonials displayed	Collect and display client testimonials to build trust and credibility
Holiday Inn Dover	https://www.kentvenues.co.uk/venues/holiday-inn-dover	73	parking	warning	No parking information on the listing	"Add parking details: number of spaces, on-site vs nearby, disabled bays, EV charging, and any charges"
Holiday Inn Dover	https://www.kentvenues.co.uk/venues/holiday-inn-dover	73	accessibility	warning	No accessibility information on the listing	"Add accessibility details: wheelchair access, step-free routes, accessible toilets, hearing loops, and accessible parking bays"
Holiday Inn Dover	https://www.kentvenues.co.uk/venues/holiday-inn-dover	73	contact	warning	No social media links — all three social icons are unfilled placeholders	"Add the venue's Facebook, Twitter/X and Instagram profile URLs"
Holiday Inn Dover	https://www.kentvenues.co.uk/venues/holiday-inn-dover	73	contact	suggestion	No phone number displayed	Add a direct phone number for enquirers who prefer to call
Holiday Inn Dover	https://www.kentvenues.co.uk/venues/holiday-inn-dover	73	description	suggestion	No guest reviews or testimonials displayed	Collect and display client testimonials to build trust and credibility
Holiday Inn Express Canterbury	https://www.kentvenues.co.uk/venues/holiday-inn-express-canterbury	57	capacity	critical	No capacity information anywhere on the listing	"Add clear capacity figures: seated capacity, standing/reception capacity, and cabaret/boardroom/theatre layouts for each space"
Holiday Inn Express Canterbury	https://www.kentvenues.co.uk/venues/holiday-inn-express-canterbury	57	parking	warning	No parking information on the listing	"Add parking details: number of spaces, on-site vs nearby, disabled bays, EV charging, and any charges"
Holiday Inn Express Canterbury	https://www.kentvenues.co.uk/venues/holiday-inn-express-canterbury	57	accessibility	warning	No accessibility information on the listing	"Add accessibility details: wheelchair access, step-free routes, accessible toilets, hearing loops, and accessible parking bays"
Holiday Inn Express Canterbury	https://www.kentvenues.co.uk/venues/holiday-inn-express-canterbury	57	contact	warning	"Missing social media link(s): Twitter/X, Instagram (shown as a dead ""#"" link)"	"Add the venue's Twitter/X and Instagram profile URL(s) — the placeholder ""#"" links look broken to visitors"
Holiday Inn Express Canterbury	https://www.kentvenues.co.uk/venues/holiday-inn-express-canterbury	57	contact	suggestion	No venue website link on the listing	Embed or link the venue's own website so visitors can research further
Holiday Inn Express Canterbury	https://www.kentvenues.co.uk/venues/holiday-inn-express-canterbury	57	contact	suggestion	No phone number displayed	Add a direct phone number for enquirers who prefer to call
Holiday Inn Express Canterbury	https://www.kentvenues.co.uk/venues/holiday-inn-express-canterbury	57	description	suggestion	No guest reviews or testimonials displayed	Collect and display client testimonials to build trust and credibility
Holiday Inn Express Folkestone	https://www.kentvenues.co.uk/venues/holiday-inn-express-folkestone	53	description	warning	Description is very short (95 characters)	"Expand the description to at least 200 characters covering key details like venue style, setting, and ideal event types"
Holiday Inn Express Folkestone	https://www.kentvenues.co.uk/venues/holiday-inn-express-folkestone	53	capacity	critical	No capacity information anywhere on the listing	"Add clear capacity figures: seated capacity, standing/reception capacity, and cabaret/boardroom/theatre layouts for each space"
Holiday Inn Express Folkestone	https://www.kentvenues.co.uk/venues/holiday-inn-express-folkestone	53	accessibility	warning	No accessibility information on the listing	"Add accessibility details: wheelchair access, step-free routes, accessible toilets, hearing loops, and accessible parking bays"
Holiday Inn Express Folkestone	https://www.kentvenues.co.uk/venues/holiday-inn-express-folkestone	53	contact	warning	No social media links — all three social icons are unfilled placeholders	"Add the venue's Facebook, Twitter/X and Instagram profile URLs"
Holiday Inn Express Folkestone	https://www.kentvenues.co.uk/venues/holiday-inn-express-folkestone	53	contact	suggestion	No venue website link on the listing	Embed or link the venue's own website so visitors can research further
Holiday Inn Express Folkestone	https://www.kentvenues.co.uk/venues/holiday-inn-express-folkestone	53	contact	suggestion	No phone number displayed	Add a direct phone number for enquirers who prefer to call
Holiday Inn Express Folkestone	https://www.kentvenues.co.uk/venues/holiday-inn-express-folkestone	53	description	suggestion	No guest reviews or testimonials displayed	Collect and display client testimonials to build trust and credibility
Holiday Inn Express London Dartford	https://www.kentvenues.co.uk/venues/holiday-inn-express-london-dartford	60	capacity	critical	No capacity information anywhere on the listing	"Add clear capacity figures: seated capacity, standing/reception capacity, and cabaret/boardroom/theatre layouts for each space"
Holiday Inn Express London Dartford	https://www.kentvenues.co.uk/venues/holiday-inn-express-london-dartford	60	photos	suggestion	Only 4 photos — could add more	"Aim for 8-10 photos covering exterior, each main space, and example event set-ups"
Holiday Inn Express London Dartford	https://www.kentvenues.co.uk/venues/holiday-inn-express-london-dartford	60	accessibility	warning	No accessibility information on the listing	"Add accessibility details: wheelchair access, step-free routes, accessible toilets, hearing loops, and accessible parking bays"
Holiday Inn Express London Dartford	https://www.kentvenues.co.uk/venues/holiday-inn-express-london-dartford	60	contact	warning	"Missing social media link(s): Twitter/X, Instagram (shown as a dead ""#"" link)"	"Add the venue's Twitter/X and Instagram profile URL(s) — the placeholder ""#"" links look broken to visitors"
Holiday Inn Express London Dartford	https://www.kentvenues.co.uk/venues/holiday-inn-express-london-dartford	60	contact	suggestion	No venue website link on the listing	Embed or link the venue's own website so visitors can research further
Holiday Inn Express London Dartford	https://www.kentvenues.co.uk/venues/holiday-inn-express-london-dartford	60	contact	suggestion	No phone number displayed	Add a direct phone number for enquirers who prefer to call
Holiday Inn Express London Dartford	https://www.kentvenues.co.uk/venues/holiday-inn-express-london-dartford	60	description	suggestion	No guest reviews or testimonials displayed	Collect and display client testimonials to build trust and credibility
Holiday Inn Express Ramsgate Minster	https://www.kentvenues.co.uk/venues/holiday-inn-express-ramsgate-minster	68	capacity	critical	No capacity information anywhere on the listing	"Add clear capacity figures: seated capacity, standing/reception capacity, and cabaret/boardroom/theatre layouts for each space"
Holiday Inn Express Ramsgate Minster	https://www.kentvenues.co.uk/venues/holiday-inn-express-ramsgate-minster	68	accessibility	warning	No accessibility information on the listing	"Add accessibility details: wheelchair access, step-free routes, accessible toilets, hearing loops, and accessible parking bays"
Holiday Inn Express Ramsgate Minster	https://www.kentvenues.co.uk/venues/holiday-inn-express-ramsgate-minster	68	contact	warning	"Missing social media link(s): Instagram (shown as a dead ""#"" link)"	"Add the venue's Instagram profile URL(s) — the placeholder ""#"" links look broken to visitors"
Holiday Inn Express Ramsgate Minster	https://www.kentvenues.co.uk/venues/holiday-inn-express-ramsgate-minster	68	contact	suggestion	No phone number displayed	Add a direct phone number for enquirers who prefer to call
Holiday Inn Express Ramsgate Minster	https://www.kentvenues.co.uk/venues/holiday-inn-express-ramsgate-minster	68	description	suggestion	No guest reviews or testimonials displayed	Collect and display client testimonials to build trust and credibility
Holiday Inn London Bexley	https://www.kentvenues.co.uk/venues/holiday-inn-london-bexley	58	description	warning	Description could be more detailed (152 characters)	"Consider adding more details about the venue's atmosphere, capacity ranges, and unique features"
Holiday Inn London Bexley	https://www.kentvenues.co.uk/venues/holiday-inn-london-bexley	58	capacity	critical	No capacity information anywhere on the listing	"Add clear capacity figures: seated capacity, standing/reception capacity, and cabaret/boardroom/theatre layouts for each space"
Holiday Inn London Bexley	https://www.kentvenues.co.uk/venues/holiday-inn-london-bexley	58	contact	warning	No contact email address behind the enquiry form	Set the venue's enquiry email so the contact form reaches the venue (currently enquirers can only use the site-wide form)
Holiday Inn London Bexley	https://www.kentvenues.co.uk/venues/holiday-inn-london-bexley	58	contact	warning	"Missing social media link(s): Instagram (shown as a dead ""#"" link)"	"Add the venue's Instagram profile URL(s) — the placeholder ""#"" links look broken to visitors"
Holiday Inn London Bexley	https://www.kentvenues.co.uk/venues/holiday-inn-london-bexley	58	contact	suggestion	No venue website link on the listing	Embed or link the venue's own website so visitors can research further
Holiday Inn London Bexley	https://www.kentvenues.co.uk/venues/holiday-inn-london-bexley	58	contact	suggestion	No phone number displayed	Add a direct phone number for enquirers who prefer to call
Holiday Inn London Bexley	https://www.kentvenues.co.uk/venues/holiday-inn-london-bexley	58	description	suggestion	No guest reviews or testimonials displayed	Collect and display client testimonials to build trust and credibility
Holiday Inn Maidstone - Sevenoaks	https://www.kentvenues.co.uk/venues/holiday-inn-maidstone-sevenoaks	48	capacity	critical	No capacity information anywhere on the listing	"Add clear capacity figures: seated capacity, standing/reception capacity, and cabaret/boardroom/theatre layouts for each space"
Holiday Inn Maidstone - Sevenoaks	https://www.kentvenues.co.uk/venues/holiday-inn-maidstone-sevenoaks	48	photos	warning	Only 2 photo(s) on the listing	"Add more photos — listings with 5+ images convert significantly better. Cover different spaces, angles, and event set-ups"
Holiday Inn Maidstone - Sevenoaks	https://www.kentvenues.co.uk/venues/holiday-inn-maidstone-sevenoaks	48	accessibility	warning	No accessibility information on the listing	"Add accessibility details: wheelchair access, step-free routes, accessible toilets, hearing loops, and accessible parking bays"
Holiday Inn Maidstone - Sevenoaks	https://www.kentvenues.co.uk/venues/holiday-inn-maidstone-sevenoaks	48	contact	warning	No contact email address behind the enquiry form	Set the venue's enquiry email so the contact form reaches the venue (currently enquirers can only use the site-wide form)
Holiday Inn Maidstone - Sevenoaks	https://www.kentvenues.co.uk/venues/holiday-inn-maidstone-sevenoaks	48	contact	warning	"Missing social media link(s): Facebook, Instagram (shown as a dead ""#"" link)"	"Add the venue's Facebook and Instagram profile URL(s) — the placeholder ""#"" links look broken to visitors"
Holiday Inn Maidstone - Sevenoaks	https://www.kentvenues.co.uk/venues/holiday-inn-maidstone-sevenoaks	48	contact	suggestion	No phone number displayed	Add a direct phone number for enquirers who prefer to call
Holiday Inn Maidstone - Sevenoaks	https://www.kentvenues.co.uk/venues/holiday-inn-maidstone-sevenoaks	48	description	suggestion	No guest reviews or testimonials displayed	Collect and display client testimonials to build trust and credibility
Holiday Inn Rochester-Chatham	https://www.kentvenues.co.uk/venues/holiday-inn-rochester-chatham	55	capacity	critical	No capacity information anywhere on the listing	"Add clear capacity figures: seated capacity, standing/reception capacity, and cabaret/boardroom/theatre layouts for each space"
Holiday Inn Rochester-Chatham	https://www.kentvenues.co.uk/venues/holiday-inn-rochester-chatham	55	catering	warning	No catering or food/drink information on the listing	"Clarify catering options: in-house catering, approved caterers list, BYO alcohol policy, and dietary accommodations"
Holiday Inn Rochester-Chatham	https://www.kentvenues.co.uk/venues/holiday-inn-rochester-chatham	55	contact	warning	No contact email address behind the enquiry form	Set the venue's enquiry email so the contact form reaches the venue (currently enquirers can only use the site-wide form)
Holiday Inn Rochester-Chatham	https://www.kentvenues.co.uk/venues/holiday-inn-rochester-chatham	55	contact	warning	"Missing social media link(s): Twitter/X, Instagram (shown as a dead ""#"" link)"	"Add the venue's Twitter/X and Instagram profile URL(s) — the placeholder ""#"" links look broken to visitors"
Holiday Inn Rochester-Chatham	https://www.kentvenues.co.uk/venues/holiday-inn-rochester-chatham	55	contact	suggestion	No venue website link on the listing	Embed or link the venue's own website so visitors can research further
Holiday Inn Rochester-Chatham	https://www.kentvenues.co.uk/venues/holiday-inn-rochester-chatham	55	contact	suggestion	No phone number displayed	Add a direct phone number for enquirers who prefer to call
Holiday Inn Rochester-Chatham	https://www.kentvenues.co.uk/venues/holiday-inn-rochester-chatham	55	description	suggestion	No guest reviews or testimonials displayed	Collect and display client testimonials to build trust and credibility
Holiday Inn Sittingbourne	https://www.kentvenues.co.uk/venues/holiday-inn-sittingbourne	75	photos	suggestion	Only 4 photos — could add more	"Aim for 8-10 photos covering exterior, each main space, and example event set-ups"
Holiday Inn Sittingbourne	https://www.kentvenues.co.uk/venues/holiday-inn-sittingbourne	75	accessibility	warning	No accessibility information on the listing	"Add accessibility details: wheelchair access, step-free routes, accessible toilets, hearing loops, and accessible parking bays"
Holiday Inn Sittingbourne	https://www.kentvenues.co.uk/venues/holiday-inn-sittingbourne	75	contact	warning	"Missing social media link(s): Instagram (shown as a dead ""#"" link)"	"Add the venue's Instagram profile URL(s) — the placeholder ""#"" links look broken to visitors"
Holiday Inn Sittingbourne	https://www.kentvenues.co.uk/venues/holiday-inn-sittingbourne	75	contact	suggestion	No venue website link on the listing	Embed or link the venue's own website so visitors can research further
Holiday Inn Sittingbourne	https://www.kentvenues.co.uk/venues/holiday-inn-sittingbourne	75	contact	suggestion	No phone number displayed	Add a direct phone number for enquirers who prefer to call
Holiday Inn Sittingbourne	https://www.kentvenues.co.uk/venues/holiday-inn-sittingbourne	75	description	suggestion	No guest reviews or testimonials displayed	Collect and display client testimonials to build trust and credibility
Hooden Smokehouse & Cellar	https://www.kentvenues.co.uk/venues/hooden-on-the-hill	58	capacity	critical	No capacity information anywhere on the listing	"Add clear capacity figures: seated capacity, standing/reception capacity, and cabaret/boardroom/theatre layouts for each space"
Hooden Smokehouse & Cellar	https://www.kentvenues.co.uk/venues/hooden-on-the-hill	58	photos	suggestion	Only 3 photos — could add more	"Aim for 8-10 photos covering exterior, each main space, and example event set-ups"
Hooden Smokehouse & Cellar	https://www.kentvenues.co.uk/venues/hooden-on-the-hill	58	facilities	warning	"Only 2 facilities listed (Wifi, Parking)"	"Expand the amenities list to include everything guests would want to know — WiFi, AV, parking, catering options, accessibility features"
Hooden Smokehouse & Cellar	https://www.kentvenues.co.uk/venues/hooden-on-the-hill	58	catering	warning	No catering or food/drink information on the listing	"Clarify catering options: in-house catering, approved caterers list, BYO alcohol policy, and dietary accommodations"
Hooden Smokehouse & Cellar	https://www.kentvenues.co.uk/venues/hooden-on-the-hill	58	accommodation	info	No accommodation details on the listing	"If on-site accommodation exists, add room count, types and pricing. If not, mention nearby hotel options for wedding parties"
Hooden Smokehouse & Cellar	https://www.kentvenues.co.uk/venues/hooden-on-the-hill	58	contact	suggestion	No phone number displayed	Add a direct phone number for enquirers who prefer to call
Hooden Smokehouse & Cellar	https://www.kentvenues.co.uk/venues/hooden-on-the-hill	58	description	suggestion	No guest reviews or testimonials displayed	Collect and display client testimonials to build trust and credibility
Hotel du Vin & Bistro Tunbridge Wells	https://www.kentvenues.co.uk/venues/hotel-du-vin-bistro-tunbridge-wells	57	capacity	critical	No capacity information anywhere on the listing	"Add clear capacity figures: seated capacity, standing/reception capacity, and cabaret/boardroom/theatre layouts for each space"
Hotel du Vin & Bistro Tunbridge Wells	https://www.kentvenues.co.uk/venues/hotel-du-vin-bistro-tunbridge-wells	57	parking	warning	No parking information on the listing	"Add parking details: number of spaces, on-site vs nearby, disabled bays, EV charging, and any charges"
Hotel du Vin & Bistro Tunbridge Wells	https://www.kentvenues.co.uk/venues/hotel-du-vin-bistro-tunbridge-wells	57	accommodation	info	No accommodation details on the listing	"If on-site accommodation exists, add room count, types and pricing. If not, mention nearby hotel options for wedding parties"
Hotel du Vin & Bistro Tunbridge Wells	https://www.kentvenues.co.uk/venues/hotel-du-vin-bistro-tunbridge-wells	57	accessibility	warning	No accessibility information on the listing	"Add accessibility details: wheelchair access, step-free routes, accessible toilets, hearing loops, and accessible parking bays"
Hotel du Vin & Bistro Tunbridge Wells	https://www.kentvenues.co.uk/venues/hotel-du-vin-bistro-tunbridge-wells	57	contact	suggestion	No venue website link on the listing	Embed or link the venue's own website so visitors can research further
Hotel du Vin & Bistro Tunbridge Wells	https://www.kentvenues.co.uk/venues/hotel-du-vin-bistro-tunbridge-wells	57	contact	suggestion	No phone number displayed	Add a direct phone number for enquirers who prefer to call
Hotel du Vin & Bistro Tunbridge Wells	https://www.kentvenues.co.uk/venues/hotel-du-vin-bistro-tunbridge-wells	57	description	suggestion	No guest reviews or testimonials displayed	Collect and display client testimonials to build trust and credibility
Hotel Tunbridge Wells Retreat	https://www.kentvenues.co.uk/venues/hotel-tunbridge-wells-retreat	55	capacity	critical	No capacity information anywhere on the listing	"Add clear capacity figures: seated capacity, standing/reception capacity, and cabaret/boardroom/theatre layouts for each space"
Hotel Tunbridge Wells Retreat	https://www.kentvenues.co.uk/venues/hotel-tunbridge-wells-retreat	55	accessibility	warning	No accessibility information on the listing	"Add accessibility details: wheelchair access, step-free routes, accessible toilets, hearing loops, and accessible parking bays"
Hotel Tunbridge Wells Retreat	https://www.kentvenues.co.uk/venues/hotel-tunbridge-wells-retreat	55	contact	warning	No contact email address behind the enquiry form	Set the venue's enquiry email so the contact form reaches the venue (currently enquirers can only use the site-wide form)
Hotel Tunbridge Wells Retreat	https://www.kentvenues.co.uk/venues/hotel-tunbridge-wells-retreat	55	contact	warning	"Missing social media link(s): Twitter/X, Instagram (shown as a dead ""#"" link)"	"Add the venue's Twitter/X and Instagram profile URL(s) — the placeholder ""#"" links look broken to visitors"
Hotel Tunbridge Wells Retreat	https://www.kentvenues.co.uk/venues/hotel-tunbridge-wells-retreat	55	contact	suggestion	No phone number displayed	Add a direct phone number for enquirers who prefer to call
Hotel Tunbridge Wells Retreat	https://www.kentvenues.co.uk/venues/hotel-tunbridge-wells-retreat	55	description	suggestion	No guest reviews or testimonials displayed	Collect and display client testimonials to build trust and credibility
Hotel Tunbridge Wells Retreat	https://www.kentvenues.co.uk/venues/hotel-tunbridge-wells-retreat	55	facilities	suggestion	Large venue has no individual rooms/spaces listed	"Break the venue into bookable spaces with individual descriptions, capacities, and photos"
Howfield Manor Hotel	https://www.kentvenues.co.uk/venues/howfield-manor-hotel	60	capacity	critical	No capacity information anywhere on the listing	"Add clear capacity figures: seated capacity, standing/reception capacity, and cabaret/boardroom/theatre layouts for each space"
Howfield Manor Hotel	https://www.kentvenues.co.uk/venues/howfield-manor-hotel	60	photos	suggestion	Only 4 photos — could add more	"Aim for 8-10 photos covering exterior, each main space, and example event set-ups"
Howfield Manor Hotel	https://www.kentvenues.co.uk/venues/howfield-manor-hotel	60	facilities	critical	No facilities or amenities listed	"Add a complete amenities list: WiFi, AV equipment, heating, air conditioning, kitchen access, etc."
Howfield Manor Hotel	https://www.kentvenues.co.uk/venues/howfield-manor-hotel	60	contact	suggestion	No phone number displayed	Add a direct phone number for enquirers who prefer to call
Howfield Manor Hotel	https://www.kentvenues.co.uk/venues/howfield-manor-hotel	60	description	suggestion	No guest reviews or testimonials displayed	Collect and display client testimonials to build trust and credibility
Hush Heath Estate & Winery	https://www.kentvenues.co.uk/venues/hush-heath-estate-winery	58	capacity	critical	No capacity information anywhere on the listing	"Add clear capacity figures: seated capacity, standing/reception capacity, and cabaret/boardroom/theatre layouts for each space"
Hush Heath Estate & Winery	https://www.kentvenues.co.uk/venues/hush-heath-estate-winery	58	photos	suggestion	Only 3 photos — could add more	"Aim for 8-10 photos covering exterior, each main space, and example event set-ups"
Hush Heath Estate & Winery	https://www.kentvenues.co.uk/venues/hush-heath-estate-winery	58	facilities	warning	"Only 2 facilities listed (Parking, Wheelchair Accessible)"	"Expand the amenities list to include everything guests would want to know — WiFi, AV, parking, catering options, accessibility features"
Hush Heath Estate & Winery	https://www.kentvenues.co.uk/venues/hush-heath-estate-winery	58	catering	warning	No catering or food/drink information on the listing	"Clarify catering options: in-house catering, approved caterers list, BYO alcohol policy, and dietary accommodations"
Hush Heath Estate & Winery	https://www.kentvenues.co.uk/venues/hush-heath-estate-winery	58	accommodation	info	No accommodation details on the listing	"If on-site accommodation exists, add room count, types and pricing. If not, mention nearby hotel options for wedding parties"
Hush Heath Estate & Winery	https://www.kentvenues.co.uk/venues/hush-heath-estate-winery	58	contact	suggestion	No phone number displayed	Add a direct phone number for enquirers who prefer to call
Hush Heath Estate & Winery	https://www.kentvenues.co.uk/venues/hush-heath-estate-winery	58	description	suggestion	No guest reviews or testimonials displayed	Collect and display client testimonials to build trust and credibility
Hythe Holiday Cottage	https://www.kentvenues.co.uk/venues/hythe-holiday-cottage	57	capacity	critical	No capacity information anywhere on the listing	"Add clear capacity figures: seated capacity, standing/reception capacity, and cabaret/boardroom/theatre layouts for each space"
Hythe Holiday Cottage	https://www.kentvenues.co.uk/venues/hythe-holiday-cottage	57	catering	warning	No catering or food/drink information on the listing	"Clarify catering options: in-house catering, approved caterers list, BYO alcohol policy, and dietary accommodations"
Hythe Holiday Cottage	https://www.kentvenues.co.uk/venues/hythe-holiday-cottage	57	accessibility	warning	No accessibility information on the listing	"Add accessibility details: wheelchair access, step-free routes, accessible toilets, hearing loops, and accessible parking bays"
Hythe Holiday Cottage	https://www.kentvenues.co.uk/venues/hythe-holiday-cottage	57	contact	warning	"Missing social media link(s): Twitter/X, Instagram (shown as a dead ""#"" link)"	"Add the venue's Twitter/X and Instagram profile URL(s) — the placeholder ""#"" links look broken to visitors"
Hythe Holiday Cottage	https://www.kentvenues.co.uk/venues/hythe-holiday-cottage	57	contact	suggestion	No venue website link on the listing	Embed or link the venue's own website so visitors can research further
Hythe Holiday Cottage	https://www.kentvenues.co.uk/venues/hythe-holiday-cottage	57	contact	suggestion	No phone number displayed	Add a direct phone number for enquirers who prefer to call
Hythe Holiday Cottage	https://www.kentvenues.co.uk/venues/hythe-holiday-cottage	57	description	suggestion	No guest reviews or testimonials displayed	Collect and display client testimonials to build trust and credibility
Inn On The Lake	https://www.kentvenues.co.uk/venues/inn-on-the-lake	34	description	critical	Listing is unclaimed — the description is auto-generated boilerplate	"Claim the listing and replace the auto-generated text with a real description (200+ words) covering character, history, setting and unique selling points"
Inn On The Lake	https://www.kentvenues.co.uk/venues/inn-on-the-lake	34	description	warning	Description is very short (78 characters)	"Expand the description to at least 200 characters covering key details like venue style, setting, and ideal event types"
Inn On The Lake	https://www.kentvenues.co.uk/venues/inn-on-the-lake	34	capacity	critical	No capacity information anywhere on the listing	"Add clear capacity figures: seated capacity, standing/reception capacity, and cabaret/boardroom/theatre layouts for each space"
Inn On The Lake	https://www.kentvenues.co.uk/venues/inn-on-the-lake	34	facilities	warning	"Only 2 facilities listed (Wifi, Parking)"	"Expand the amenities list to include everything guests would want to know — WiFi, AV, parking, catering options, accessibility features"
Inn On The Lake	https://www.kentvenues.co.uk/venues/inn-on-the-lake	34	catering	warning	No catering or food/drink information on the listing	"Clarify catering options: in-house catering, approved caterers list, BYO alcohol policy, and dietary accommodations"
Inn On The Lake	https://www.kentvenues.co.uk/venues/inn-on-the-lake	34	accessibility	warning	No accessibility information on the listing	"Add accessibility details: wheelchair access, step-free routes, accessible toilets, hearing loops, and accessible parking bays"
Inn On The Lake	https://www.kentvenues.co.uk/venues/inn-on-the-lake	34	contact	suggestion	No phone number displayed	Add a direct phone number for enquirers who prefer to call
Inn On The Lake	https://www.kentvenues.co.uk/venues/inn-on-the-lake	34	description	suggestion	No guest reviews or testimonials displayed	Collect and display client testimonials to build trust and credibility
Judd's Folly Hotel	https://www.kentvenues.co.uk/venues/judds-folly-hotel	60	capacity	critical	No capacity information anywhere on the listing	"Add clear capacity figures: seated capacity, standing/reception capacity, and cabaret/boardroom/theatre layouts for each space"
Judd's Folly Hotel	https://www.kentvenues.co.uk/venues/judds-folly-hotel	60	photos	suggestion	Only 4 photos — could add more	"Aim for 8-10 photos covering exterior, each main space, and example event set-ups"
Judd's Folly Hotel	https://www.kentvenues.co.uk/venues/judds-folly-hotel	60	accessibility	warning	No accessibility information on the listing	"Add accessibility details: wheelchair access, step-free routes, accessible toilets, hearing loops, and accessible parking bays"
Judd's Folly Hotel	https://www.kentvenues.co.uk/venues/judds-folly-hotel	60	contact	warning	"Missing social media link(s): Twitter/X, Instagram (shown as a dead ""#"" link)"	"Add the venue's Twitter/X and Instagram profile URL(s) — the placeholder ""#"" links look broken to visitors"
Judd's Folly Hotel	https://www.kentvenues.co.uk/venues/judds-folly-hotel	60	contact	suggestion	No phone number displayed	Add a direct phone number for enquirers who prefer to call
Judd's Folly Hotel	https://www.kentvenues.co.uk/venues/judds-folly-hotel	60	description	suggestion	No guest reviews or testimonials displayed	Collect and display client testimonials to build trust and credibility
Judd's Folly Hotel	https://www.kentvenues.co.uk/venues/judds-folly-hotel	60	facilities	suggestion	Large venue has no individual rooms/spaces listed	"Break the venue into bookable spaces with individual descriptions, capacities, and photos"
Judds Folly Hotel	https://www.kentvenues.co.uk/venues/judds-folly-hotel-2	37	capacity	critical	No capacity information anywhere on the listing	"Add clear capacity figures: seated capacity, standing/reception capacity, and cabaret/boardroom/theatre layouts for each space"
Judds Folly Hotel	https://www.kentvenues.co.uk/venues/judds-folly-hotel-2	37	photos	suggestion	Only 4 photos — could add more	"Aim for 8-10 photos covering exterior, each main space, and example event set-ups"
Judds Folly Hotel	https://www.kentvenues.co.uk/venues/judds-folly-hotel-2	37	facilities	critical	No facilities or amenities listed	"Add a complete amenities list: WiFi, AV equipment, heating, air conditioning, kitchen access, etc."
Judds Folly Hotel	https://www.kentvenues.co.uk/venues/judds-folly-hotel-2	37	parking	warning	No parking information on the listing	"Add parking details: number of spaces, on-site vs nearby, disabled bays, EV charging, and any charges"
Judds Folly Hotel	https://www.kentvenues.co.uk/venues/judds-folly-hotel-2	37	accessibility	warning	No accessibility information on the listing	"Add accessibility details: wheelchair access, step-free routes, accessible toilets, hearing loops, and accessible parking bays"
Judds Folly Hotel	https://www.kentvenues.co.uk/venues/judds-folly-hotel-2	37	contact	warning	"Missing social media link(s): Twitter/X, Instagram (shown as a dead ""#"" link)"	"Add the venue's Twitter/X and Instagram profile URL(s) — the placeholder ""#"" links look broken to visitors"
Judds Folly Hotel	https://www.kentvenues.co.uk/venues/judds-folly-hotel-2	37	contact	suggestion	No phone number displayed	Add a direct phone number for enquirers who prefer to call
Judds Folly Hotel	https://www.kentvenues.co.uk/venues/judds-folly-hotel-2	37	description	suggestion	No guest reviews or testimonials displayed	Collect and display client testimonials to build trust and credibility
Judds Folly Hotel	https://www.kentvenues.co.uk/venues/judds-folly-hotel-2	37	facilities	suggestion	Large venue has no individual rooms/spaces listed	"Break the venue into bookable spaces with individual descriptions, capacities, and photos"
K College	https://www.kentvenues.co.uk/venues/k-college	7	description	critical	Listing is unclaimed — the description is auto-generated boilerplate	"Claim the listing and replace the auto-generated text with a real description (200+ words) covering character, history, setting and unique selling points"
K College	https://www.kentvenues.co.uk/venues/k-college	7	description	warning	Description is very short (71 characters)	"Expand the description to at least 200 characters covering key details like venue style, setting, and ideal event types"
K College	https://www.kentvenues.co.uk/venues/k-college	7	capacity	critical	No capacity information anywhere on the listing	"Add clear capacity figures: seated capacity, standing/reception capacity, and cabaret/boardroom/theatre layouts for each space"
K College	https://www.kentvenues.co.uk/venues/k-college	7	photos	suggestion	Only 4 photos — could add more	"Aim for 8-10 photos covering exterior, each main space, and example event set-ups"
K College	https://www.kentvenues.co.uk/venues/k-college	7	facilities	critical	No facilities or amenities listed	"Add a complete amenities list: WiFi, AV equipment, heating, air conditioning, kitchen access, etc."
K College	https://www.kentvenues.co.uk/venues/k-college	7	parking	warning	No parking information on the listing	"Add parking details: number of spaces, on-site vs nearby, disabled bays, EV charging, and any charges"
K College	https://www.kentvenues.co.uk/venues/k-college	7	catering	warning	No catering or food/drink information on the listing	"Clarify catering options: in-house catering, approved caterers list, BYO alcohol policy, and dietary accommodations"
K College	https://www.kentvenues.co.uk/venues/k-college	7	accommodation	info	No accommodation details on the listing	"If on-site accommodation exists, add room count, types and pricing. If not, mention nearby hotel options for wedding parties"
K College	https://www.kentvenues.co.uk/venues/k-college	7	accessibility	warning	No accessibility information on the listing	"Add accessibility details: wheelchair access, step-free routes, accessible toilets, hearing loops, and accessible parking bays"
K College	https://www.kentvenues.co.uk/venues/k-college	7	contact	suggestion	No phone number displayed	Add a direct phone number for enquirers who prefer to call
K College	https://www.kentvenues.co.uk/venues/k-college	7	description	suggestion	No guest reviews or testimonials displayed	Collect and display client testimonials to build trust and credibility
Kennington Hall	https://www.kentvenues.co.uk/venues/kennington-hall	30	capacity	critical	No capacity information anywhere on the listing	"Add clear capacity figures: seated capacity, standing/reception capacity, and cabaret/boardroom/theatre layouts for each space"
Kennington Hall	https://www.kentvenues.co.uk/venues/kennington-hall	30	facilities	critical	No facilities or amenities listed	"Add a complete amenities list: WiFi, AV equipment, heating, air conditioning, kitchen access, etc."
Kennington Hall	https://www.kentvenues.co.uk/venues/kennington-hall	30	parking	warning	No parking information on the listing	"Add parking details: number of spaces, on-site vs nearby, disabled bays, EV charging, and any charges"
Kennington Hall	https://www.kentvenues.co.uk/venues/kennington-hall	30	catering	warning	No catering or food/drink information on the listing	"Clarify catering options: in-house catering, approved caterers list, BYO alcohol policy, and dietary accommodations"
Kennington Hall	https://www.kentvenues.co.uk/venues/kennington-hall	30	accommodation	info	No accommodation details on the listing	"If on-site accommodation exists, add room count, types and pricing. If not, mention nearby hotel options for wedding parties"
Kennington Hall	https://www.kentvenues.co.uk/venues/kennington-hall	30	accessibility	warning	No accessibility information on the listing	"Add accessibility details: wheelchair access, step-free routes, accessible toilets, hearing loops, and accessible parking bays"
Kennington Hall	https://www.kentvenues.co.uk/venues/kennington-hall	30	contact	warning	"Missing social media link(s): Twitter/X, Instagram (shown as a dead ""#"" link)"	"Add the venue's Twitter/X and Instagram profile URL(s) — the placeholder ""#"" links look broken to visitors"
Kennington Hall	https://www.kentvenues.co.uk/venues/kennington-hall	30	contact	suggestion	No phone number displayed	Add a direct phone number for enquirers who prefer to call
Kennington Hall	https://www.kentvenues.co.uk/venues/kennington-hall	30	description	suggestion	No guest reviews or testimonials displayed	Collect and display client testimonials to build trust and credibility
Kennington Hall	https://www.kentvenues.co.uk/venues/kennington-hall	30	facilities	suggestion	Large venue has no individual rooms/spaces listed	"Break the venue into bookable spaces with individual descriptions, capacities, and photos"
Kent County Cricket Club	https://www.kentvenues.co.uk/venues/kent-county-cricket-club	73	photos	suggestion	Only 3 photos — could add more	"Aim for 8-10 photos covering exterior, each main space, and example event set-ups"
Kent County Cricket Club	https://www.kentvenues.co.uk/venues/kent-county-cricket-club	73	facilities	warning	Only 1 facilities listed (Parking)	"Expand the amenities list to include everything guests would want to know — WiFi, AV, parking, catering options, accessibility features"
Kent County Cricket Club	https://www.kentvenues.co.uk/venues/kent-county-cricket-club	73	accommodation	info	No accommodation details on the listing	"If on-site accommodation exists, add room count, types and pricing. If not, mention nearby hotel options for wedding parties"
Kent County Cricket Club	https://www.kentvenues.co.uk/venues/kent-county-cricket-club	73	accessibility	warning	No accessibility information on the listing	"Add accessibility details: wheelchair access, step-free routes, accessible toilets, hearing loops, and accessible parking bays"
Kent County Cricket Club	https://www.kentvenues.co.uk/venues/kent-county-cricket-club	73	contact	suggestion	No phone number displayed	Add a direct phone number for enquirers who prefer to call
Kent County Cricket Club	https://www.kentvenues.co.uk/venues/kent-county-cricket-club	73	description	suggestion	No guest reviews or testimonials displayed	Collect and display client testimonials to build trust and credibility
Kent Event Centre	https://www.kentvenues.co.uk/venues/kent-event-centre	90	facilities	warning	Only 1 facilities listed (Parking)	"Expand the amenities list to include everything guests would want to know — WiFi, AV, parking, catering options, accessibility features"
Kent Event Centre	https://www.kentvenues.co.uk/venues/kent-event-centre	90	contact	suggestion	No phone number displayed	Add a direct phone number for enquirers who prefer to call
Kent Event Centre	https://www.kentvenues.co.uk/venues/kent-event-centre	90	description	suggestion	No guest reviews or testimonials displayed	Collect and display client testimonials to build trust and credibility
Kent Invicta Chamber of Commerce	https://www.kentvenues.co.uk/venues/kent-invicta-chamber-commerce	81	facilities	critical	No facilities or amenities listed	"Add a complete amenities list: WiFi, AV equipment, heating, air conditioning, kitchen access, etc."
Kent Invicta Chamber of Commerce	https://www.kentvenues.co.uk/venues/kent-invicta-chamber-commerce	81	accommodation	info	No accommodation details on the listing	"If on-site accommodation exists, add room count, types and pricing. If not, mention nearby hotel options for wedding parties"
Kent Life	https://www.kentvenues.co.uk/venues/kent-life	7	description	critical	Listing is unclaimed — the description is auto-generated boilerplate	"Claim the listing and replace the auto-generated text with a real description (200+ words) covering character, history, setting and unique selling points"
Kent Life	https://www.kentvenues.co.uk/venues/kent-life	7	description	warning	Description is very short (92 characters)	"Expand the description to at least 200 characters covering key details like venue style, setting, and ideal event types"
Kent Life	https://www.kentvenues.co.uk/venues/kent-life	7	capacity	critical	No capacity information anywhere on the listing	"Add clear capacity figures: seated capacity, standing/reception capacity, and cabaret/boardroom/theatre layouts for each space"
Kent Life	https://www.kentvenues.co.uk/venues/kent-life	7	photos	suggestion	Only 4 photos — could add more	"Aim for 8-10 photos covering exterior, each main space, and example event set-ups"
Kent Life	https://www.kentvenues.co.uk/venues/kent-life	7	facilities	critical	No facilities or amenities listed	"Add a complete amenities list: WiFi, AV equipment, heating, air conditioning, kitchen access, etc."
Kent Life	https://www.kentvenues.co.uk/venues/kent-life	7	parking	warning	No parking information on the listing	"Add parking details: number of spaces, on-site vs nearby, disabled bays, EV charging, and any charges"
Kent Life	https://www.kentvenues.co.uk/venues/kent-life	7	catering	warning	No catering or food/drink information on the listing	"Clarify catering options: in-house catering, approved caterers list, BYO alcohol policy, and dietary accommodations"
Kent Life	https://www.kentvenues.co.uk/venues/kent-life	7	accommodation	info	No accommodation details on the listing	"If on-site accommodation exists, add room count, types and pricing. If not, mention nearby hotel options for wedding parties"
Kent Life	https://www.kentvenues.co.uk/venues/kent-life	7	accessibility	warning	No accessibility information on the listing	"Add accessibility details: wheelchair access, step-free routes, accessible toilets, hearing loops, and accessible parking bays"
Kent Life	https://www.kentvenues.co.uk/venues/kent-life	7	contact	suggestion	No phone number displayed	Add a direct phone number for enquirers who prefer to call
Kent Life	https://www.kentvenues.co.uk/venues/kent-life	7	description	suggestion	No guest reviews or testimonials displayed	Collect and display client testimonials to build trust and credibility
Kent Science Park	https://www.kentvenues.co.uk/venues/kent-science-park	18	description	warning	Description is very short (55 characters)	"Expand the description to at least 200 characters covering key details like venue style, setting, and ideal event types"
Kent Science Park	https://www.kentvenues.co.uk/venues/kent-science-park	18	capacity	critical	No capacity information anywhere on the listing	"Add clear capacity figures: seated capacity, standing/reception capacity, and cabaret/boardroom/theatre layouts for each space"
Kent Science Park	https://www.kentvenues.co.uk/venues/kent-science-park	18	photos	suggestion	Only 3 photos — could add more	"Aim for 8-10 photos covering exterior, each main space, and example event set-ups"
Kent Science Park	https://www.kentvenues.co.uk/venues/kent-science-park	18	facilities	critical	No facilities or amenities listed	"Add a complete amenities list: WiFi, AV equipment, heating, air conditioning, kitchen access, etc."
Kent Science Park	https://www.kentvenues.co.uk/venues/kent-science-park	18	parking	warning	No parking information on the listing	"Add parking details: number of spaces, on-site vs nearby, disabled bays, EV charging, and any charges"
Kent Science Park	https://www.kentvenues.co.uk/venues/kent-science-park	18	catering	warning	No catering or food/drink information on the listing	"Clarify catering options: in-house catering, approved caterers list, BYO alcohol policy, and dietary accommodations"
Kent Science Park	https://www.kentvenues.co.uk/venues/kent-science-park	18	accommodation	info	No accommodation details on the listing	"If on-site accommodation exists, add room count, types and pricing. If not, mention nearby hotel options for wedding parties"
Kent Science Park	https://www.kentvenues.co.uk/venues/kent-science-park	18	accessibility	warning	No accessibility information on the listing	"Add accessibility details: wheelchair access, step-free routes, accessible toilets, hearing loops, and accessible parking bays"
Kent Science Park	https://www.kentvenues.co.uk/venues/kent-science-park	18	contact	warning	"Missing social media link(s): Instagram (shown as a dead ""#"" link)"	"Add the venue's Instagram profile URL(s) — the placeholder ""#"" links look broken to visitors"
Kent Science Park	https://www.kentvenues.co.uk/venues/kent-science-park	18	contact	suggestion	No phone number displayed	Add a direct phone number for enquirers who prefer to call
Kent Science Park	https://www.kentvenues.co.uk/venues/kent-science-park	18	description	suggestion	No guest reviews or testimonials displayed	Collect and display client testimonials to build trust and credibility
Kenward Conference Centre	https://www.kentvenues.co.uk/venues/kenward-conference-centre	57	capacity	critical	No capacity information anywhere on the listing	"Add clear capacity figures: seated capacity, standing/reception capacity, and cabaret/boardroom/theatre layouts for each space"
Kenward Conference Centre	https://www.kentvenues.co.uk/venues/kenward-conference-centre	57	photos	suggestion	Only 4 photos — could add more	"Aim for 8-10 photos covering exterior, each main space, and example event set-ups"
Kenward Conference Centre	https://www.kentvenues.co.uk/venues/kenward-conference-centre	57	accommodation	info	No accommodation details on the listing	"If on-site accommodation exists, add room count, types and pricing. If not, mention nearby hotel options for wedding parties"
Kenward Conference Centre	https://www.kentvenues.co.uk/venues/kenward-conference-centre	57	accessibility	warning	No accessibility information on the listing	"Add accessibility details: wheelchair access, step-free routes, accessible toilets, hearing loops, and accessible parking bays"
Kenward Conference Centre	https://www.kentvenues.co.uk/venues/kenward-conference-centre	57	contact	warning	No social media links — all three social icons are unfilled placeholders	"Add the venue's Facebook, Twitter/X and Instagram profile URLs"
Kenward Conference Centre	https://www.kentvenues.co.uk/venues/kenward-conference-centre	57	contact	suggestion	No phone number displayed	Add a direct phone number for enquirers who prefer to call
Kenward Conference Centre	https://www.kentvenues.co.uk/venues/kenward-conference-centre	57	description	suggestion	No guest reviews or testimonials displayed	Collect and display client testimonials to build trust and credibility
Kevington Hall	https://www.kentvenues.co.uk/venues/kevington-hall	20	description	warning	Description could be more detailed (197 characters)	"Consider adding more details about the venue's atmosphere, capacity ranges, and unique features"
Kevington Hall	https://www.kentvenues.co.uk/venues/kevington-hall	20	capacity	critical	No capacity information anywhere on the listing	"Add clear capacity figures: seated capacity, standing/reception capacity, and cabaret/boardroom/theatre layouts for each space"
Kevington Hall	https://www.kentvenues.co.uk/venues/kevington-hall	20	photos	suggestion	Only 3 photos — could add more	"Aim for 8-10 photos covering exterior, each main space, and example event set-ups"
Kevington Hall	https://www.kentvenues.co.uk/venues/kevington-hall	20	facilities	critical	No facilities or amenities listed	"Add a complete amenities list: WiFi, AV equipment, heating, air conditioning, kitchen access, etc."
Kevington Hall	https://www.kentvenues.co.uk/venues/kevington-hall	20	parking	warning	No parking information on the listing	"Add parking details: number of spaces, on-site vs nearby, disabled bays, EV charging, and any charges"
Kevington Hall	https://www.kentvenues.co.uk/venues/kevington-hall	20	catering	warning	No catering or food/drink information on the listing	"Clarify catering options: in-house catering, approved caterers list, BYO alcohol policy, and dietary accommodations"
Kevington Hall	https://www.kentvenues.co.uk/venues/kevington-hall	20	accommodation	info	No accommodation details on the listing	"If on-site accommodation exists, add room count, types and pricing. If not, mention nearby hotel options for wedding parties"
Kevington Hall	https://www.kentvenues.co.uk/venues/kevington-hall	20	accessibility	warning	No accessibility information on the listing	"Add accessibility details: wheelchair access, step-free routes, accessible toilets, hearing loops, and accessible parking bays"
Kevington Hall	https://www.kentvenues.co.uk/venues/kevington-hall	20	contact	warning	"Missing social media link(s): Twitter/X (shown as a dead ""#"" link)"	"Add the venue's Twitter/X profile URL(s) — the placeholder ""#"" links look broken to visitors"
Kevington Hall	https://www.kentvenues.co.uk/venues/kevington-hall	20	contact	suggestion	No phone number displayed	Add a direct phone number for enquirers who prefer to call
Kevington Hall	https://www.kentvenues.co.uk/venues/kevington-hall	20	description	suggestion	No guest reviews or testimonials displayed	Collect and display client testimonials to build trust and credibility
Kevington Hall	https://www.kentvenues.co.uk/venues/kevington-hall	20	facilities	suggestion	Large venue has no individual rooms/spaces listed	"Break the venue into bookable spaces with individual descriptions, capacities, and photos"
King Charles Hotel	https://www.kentvenues.co.uk/venues/king-charles-hotel	56	capacity	critical	No capacity information anywhere on the listing	"Add clear capacity figures: seated capacity, standing/reception capacity, and cabaret/boardroom/theatre layouts for each space"
King Charles Hotel	https://www.kentvenues.co.uk/venues/king-charles-hotel	56	facilities	warning	"Only 2 facilities listed (Restaurant, Bar)"	"Expand the amenities list to include everything guests would want to know — WiFi, AV, parking, catering options, accessibility features"
King Charles Hotel	https://www.kentvenues.co.uk/venues/king-charles-hotel	56	parking	warning	No parking information on the listing	"Add parking details: number of spaces, on-site vs nearby, disabled bays, EV charging, and any charges"
King Charles Hotel	https://www.kentvenues.co.uk/venues/king-charles-hotel	56	accessibility	warning	No accessibility information on the listing	"Add accessibility details: wheelchair access, step-free routes, accessible toilets, hearing loops, and accessible parking bays"
King Charles Hotel	https://www.kentvenues.co.uk/venues/king-charles-hotel	56	contact	suggestion	No phone number displayed	Add a direct phone number for enquirers who prefer to call
King Charles Hotel	https://www.kentvenues.co.uk/venues/king-charles-hotel	56	description	suggestion	No guest reviews or testimonials displayed	Collect and display client testimonials to build trust and credibility
King Charles Hotel	https://www.kentvenues.co.uk/venues/king-charles-hotel	56	facilities	suggestion	Large venue has no individual rooms/spaces listed	"Break the venue into bookable spaces with individual descriptions, capacities, and photos"
Kingfisher House Business Centre	https://www.kentvenues.co.uk/venues/kingfisher-house-business-centre	63	capacity	critical	No capacity information anywhere on the listing	"Add clear capacity figures: seated capacity, standing/reception capacity, and cabaret/boardroom/theatre layouts for each space"
Kingfisher House Business Centre	https://www.kentvenues.co.uk/venues/kingfisher-house-business-centre	63	facilities	warning	"Only 2 facilities listed (Wifi, Kitchen)"	"Expand the amenities list to include everything guests would want to know — WiFi, AV, parking, catering options, accessibility features"
Kingfisher House Business Centre	https://www.kentvenues.co.uk/venues/kingfisher-house-business-centre	63	accommodation	info	No accommodation details on the listing	"If on-site accommodation exists, add room count, types and pricing. If not, mention nearby hotel options for wedding parties"
Kingfisher House Business Centre	https://www.kentvenues.co.uk/venues/kingfisher-house-business-centre	63	accessibility	warning	No accessibility information on the listing	"Add accessibility details: wheelchair access, step-free routes, accessible toilets, hearing loops, and accessible parking bays"
Kingfisher House Business Centre	https://www.kentvenues.co.uk/venues/kingfisher-house-business-centre	63	contact	suggestion	No phone number displayed	Add a direct phone number for enquirers who prefer to call
Kingfisher House Business Centre	https://www.kentvenues.co.uk/venues/kingfisher-house-business-centre	63	description	suggestion	No guest reviews or testimonials displayed	Collect and display client testimonials to build trust and credibility
Kings Rochester Sports Centre	https://www.kentvenues.co.uk/venues/kings-rochester-sports-centre-hire	88	photos	warning	Only 2 photo(s) on the listing	"Add more photos — listings with 5+ images convert significantly better. Cover different spaces, angles, and event set-ups"
Kings Rochester Sports Centre	https://www.kentvenues.co.uk/venues/kings-rochester-sports-centre-hire	88	contact	suggestion	No phone number displayed	Add a direct phone number for enquirers who prefer to call
Kingshill Barn	https://www.kentvenues.co.uk/venues/kingshill-barn	28	capacity	critical	No capacity information anywhere on the listing	"Add clear capacity figures: seated capacity, standing/reception capacity, and cabaret/boardroom/theatre layouts for each space"
Kingshill Barn	https://www.kentvenues.co.uk/venues/kingshill-barn	28	photos	warning	Only 2 photo(s) on the listing	"Add more photos — listings with 5+ images convert significantly better. Cover different spaces, angles, and event set-ups"
Kingshill Barn	https://www.kentvenues.co.uk/venues/kingshill-barn	28	facilities	critical	No facilities or amenities listed	"Add a complete amenities list: WiFi, AV equipment, heating, air conditioning, kitchen access, etc."
Kingshill Barn	https://www.kentvenues.co.uk/venues/kingshill-barn	28	parking	warning	No parking information on the listing	"Add parking details: number of spaces, on-site vs nearby, disabled bays, EV charging, and any charges"
Kingshill Barn	https://www.kentvenues.co.uk/venues/kingshill-barn	28	catering	warning	No catering or food/drink information on the listing	"Clarify catering options: in-house catering, approved caterers list, BYO alcohol policy, and dietary accommodations"
Kingshill Barn	https://www.kentvenues.co.uk/venues/kingshill-barn	28	accessibility	warning	No accessibility information on the listing	"Add accessibility details: wheelchair access, step-free routes, accessible toilets, hearing loops, and accessible parking bays"
Kingshill Barn	https://www.kentvenues.co.uk/venues/kingshill-barn	28	contact	suggestion	No phone number displayed	Add a direct phone number for enquirers who prefer to call
Kingshill Barn	https://www.kentvenues.co.uk/venues/kingshill-barn	28	description	suggestion	No guest reviews or testimonials displayed	Collect and display client testimonials to build trust and credibility
Kingshill Barn	https://www.kentvenues.co.uk/venues/kingshill-barn	28	facilities	suggestion	Large venue has no individual rooms/spaces listed	"Break the venue into bookable spaces with individual descriptions, capacities, and photos"
Kingshill Farm at Elmley Nature Reserve	https://www.kentvenues.co.uk/venues/kingshill-farm-at-elmley-nature-reserve	41	capacity	critical	No capacity information anywhere on the listing	"Add clear capacity figures: seated capacity, standing/reception capacity, and cabaret/boardroom/theatre layouts for each space"
Kingshill Farm at Elmley Nature Reserve	https://www.kentvenues.co.uk/venues/kingshill-farm-at-elmley-nature-reserve	41	facilities	critical	No facilities or amenities listed	"Add a complete amenities list: WiFi, AV equipment, heating, air conditioning, kitchen access, etc."
Kingshill Farm at Elmley Nature Reserve	https://www.kentvenues.co.uk/venues/kingshill-farm-at-elmley-nature-reserve	41	parking	warning	No parking information on the listing	"Add parking details: number of spaces, on-site vs nearby, disabled bays, EV charging, and any charges"
Kingshill Farm at Elmley Nature Reserve	https://www.kentvenues.co.uk/venues/kingshill-farm-at-elmley-nature-reserve	41	catering	warning	No catering or food/drink information on the listing	"Clarify catering options: in-house catering, approved caterers list, BYO alcohol policy, and dietary accommodations"
Kingshill Farm at Elmley Nature Reserve	https://www.kentvenues.co.uk/venues/kingshill-farm-at-elmley-nature-reserve	41	accessibility	warning	No accessibility information on the listing	"Add accessibility details: wheelchair access, step-free routes, accessible toilets, hearing loops, and accessible parking bays"
Kingshill Farm at Elmley Nature Reserve	https://www.kentvenues.co.uk/venues/kingshill-farm-at-elmley-nature-reserve	41	contact	suggestion	No phone number displayed	Add a direct phone number for enquirers who prefer to call
Kingshill Farm at Elmley Nature Reserve	https://www.kentvenues.co.uk/venues/kingshill-farm-at-elmley-nature-reserve	41	description	suggestion	No guest reviews or testimonials displayed	Collect and display client testimonials to build trust and credibility
Kingswood - Grosvenor Hall	https://www.kentvenues.co.uk/venues/kingswood-grosvenor-hall	35	capacity	critical	No capacity information anywhere on the listing	"Add clear capacity figures: seated capacity, standing/reception capacity, and cabaret/boardroom/theatre layouts for each space"
Kingswood - Grosvenor Hall	https://www.kentvenues.co.uk/venues/kingswood-grosvenor-hall	35	photos	warning	Only 2 photo(s) on the listing	"Add more photos — listings with 5+ images convert significantly better. Cover different spaces, angles, and event set-ups"
Kingswood - Grosvenor Hall	https://www.kentvenues.co.uk/venues/kingswood-grosvenor-hall	35	facilities	critical	No facilities or amenities listed	"Add a complete amenities list: WiFi, AV equipment, heating, air conditioning, kitchen access, etc."
Kingswood - Grosvenor Hall	https://www.kentvenues.co.uk/venues/kingswood-grosvenor-hall	35	parking	warning	No parking information on the listing	"Add parking details: number of spaces, on-site vs nearby, disabled bays, EV charging, and any charges"
Kingswood - Grosvenor Hall	https://www.kentvenues.co.uk/venues/kingswood-grosvenor-hall	35	accommodation	info	No accommodation details on the listing	"If on-site accommodation exists, add room count, types and pricing. If not, mention nearby hotel options for wedding parties"
Kingswood - Grosvenor Hall	https://www.kentvenues.co.uk/venues/kingswood-grosvenor-hall	35	accessibility	warning	No accessibility information on the listing	"Add accessibility details: wheelchair access, step-free routes, accessible toilets, hearing loops, and accessible parking bays"
Kingswood - Grosvenor Hall	https://www.kentvenues.co.uk/venues/kingswood-grosvenor-hall	35	contact	suggestion	No phone number displayed	Add a direct phone number for enquirers who prefer to call
Kingswood - Grosvenor Hall	https://www.kentvenues.co.uk/venues/kingswood-grosvenor-hall	35	description	suggestion	No guest reviews or testimonials displayed	Collect and display client testimonials to build trust and credibility
Knole Park Golf Club Ltd	https://www.kentvenues.co.uk/venues/knole-park-golf-club-ltd	58	description	warning	Description could be more detailed (189 characters)	"Consider adding more details about the venue's atmosphere, capacity ranges, and unique features"
Knole Park Golf Club Ltd	https://www.kentvenues.co.uk/venues/knole-park-golf-club-ltd	58	capacity	critical	No capacity information anywhere on the listing	"Add clear capacity figures: seated capacity, standing/reception capacity, and cabaret/boardroom/theatre layouts for each space"
Knole Park Golf Club Ltd	https://www.kentvenues.co.uk/venues/knole-park-golf-club-ltd	58	photos	suggestion	Only 3 photos — could add more	"Aim for 8-10 photos covering exterior, each main space, and example event set-ups"
Knole Park Golf Club Ltd	https://www.kentvenues.co.uk/venues/knole-park-golf-club-ltd	58	accommodation	info	No accommodation details on the listing	"If on-site accommodation exists, add room count, types and pricing. If not, mention nearby hotel options for wedding parties"
Knole Park Golf Club Ltd	https://www.kentvenues.co.uk/venues/knole-park-golf-club-ltd	58	accessibility	warning	No accessibility information on the listing	"Add accessibility details: wheelchair access, step-free routes, accessible toilets, hearing loops, and accessible parking bays"
Knole Park Golf Club Ltd	https://www.kentvenues.co.uk/venues/knole-park-golf-club-ltd	58	contact	suggestion	No phone number displayed	Add a direct phone number for enquirers who prefer to call
Knole Park Golf Club Ltd	https://www.kentvenues.co.uk/venues/knole-park-golf-club-ltd	58	description	suggestion	No guest reviews or testimonials displayed	Collect and display client testimonials to build trust and credibility
Knowle Country House	https://www.kentvenues.co.uk/venues/knowle-country-house	51	capacity	critical	No capacity information anywhere on the listing	"Add clear capacity figures: seated capacity, standing/reception capacity, and cabaret/boardroom/theatre layouts for each space"
Knowle Country House	https://www.kentvenues.co.uk/venues/knowle-country-house	51	facilities	warning	"Only 2 facilities listed (Bar, Restaurant)"	"Expand the amenities list to include everything guests would want to know — WiFi, AV, parking, catering options, accessibility features"
Knowle Country House	https://www.kentvenues.co.uk/venues/knowle-country-house	51	parking	warning	No parking information on the listing	"Add parking details: number of spaces, on-site vs nearby, disabled bays, EV charging, and any charges"
Knowle Country House	https://www.kentvenues.co.uk/venues/knowle-country-house	51	accommodation	info	No accommodation details on the listing	"If on-site accommodation exists, add room count, types and pricing. If not, mention nearby hotel options for wedding parties"
Knowle Country House	https://www.kentvenues.co.uk/venues/knowle-country-house	51	accessibility	warning	No accessibility information on the listing	"Add accessibility details: wheelchair access, step-free routes, accessible toilets, hearing loops, and accessible parking bays"
Knowle Country House	https://www.kentvenues.co.uk/venues/knowle-country-house	51	contact	warning	"Missing social media link(s): Twitter/X (shown as a dead ""#"" link)"	"Add the venue's Twitter/X profile URL(s) — the placeholder ""#"" links look broken to visitors"
Knowle Country House	https://www.kentvenues.co.uk/venues/knowle-country-house	51	contact	suggestion	No phone number displayed	Add a direct phone number for enquirers who prefer to call
Knowle Country House	https://www.kentvenues.co.uk/venues/knowle-country-house	51	description	suggestion	No guest reviews or testimonials displayed	Collect and display client testimonials to build trust and credibility
Knowlton Court	https://www.kentvenues.co.uk/venues/knowlton-court	51	capacity	critical	No capacity information anywhere on the listing	"Add clear capacity figures: seated capacity, standing/reception capacity, and cabaret/boardroom/theatre layouts for each space"
Knowlton Court	https://www.kentvenues.co.uk/venues/knowlton-court	51	facilities	warning	"Only 2 facilities listed (Wifi, Parking)"	"Expand the amenities list to include everything guests would want to know — WiFi, AV, parking, catering options, accessibility features"
Knowlton Court	https://www.kentvenues.co.uk/venues/knowlton-court	51	catering	warning	No catering or food/drink information on the listing	"Clarify catering options: in-house catering, approved caterers list, BYO alcohol policy, and dietary accommodations"
Knowlton Court	https://www.kentvenues.co.uk/venues/knowlton-court	51	accommodation	info	No accommodation details on the listing	"If on-site accommodation exists, add room count, types and pricing. If not, mention nearby hotel options for wedding parties"
Knowlton Court	https://www.kentvenues.co.uk/venues/knowlton-court	51	accessibility	warning	No accessibility information on the listing	"Add accessibility details: wheelchair access, step-free routes, accessible toilets, hearing loops, and accessible parking bays"
Knowlton Court	https://www.kentvenues.co.uk/venues/knowlton-court	51	contact	warning	"Missing social media link(s): Instagram (shown as a dead ""#"" link)"	"Add the venue's Instagram profile URL(s) — the placeholder ""#"" links look broken to visitors"
Knowlton Court	https://www.kentvenues.co.uk/venues/knowlton-court	51	contact	suggestion	No phone number displayed	Add a direct phone number for enquirers who prefer to call
Knowlton Court	https://www.kentvenues.co.uk/venues/knowlton-court	51	description	suggestion	No guest reviews or testimonials displayed	Collect and display client testimonials to build trust and credibility
La Trappiste	https://www.kentvenues.co.uk/venues/la-trappiste	12	capacity	critical	No capacity information anywhere on the listing	"Add clear capacity figures: seated capacity, standing/reception capacity, and cabaret/boardroom/theatre layouts for each space"
La Trappiste	https://www.kentvenues.co.uk/venues/la-trappiste	12	photos	critical	No photographs on the listing	"Add a minimum of 5 high-quality photographs showing the venue exterior, main spaces, and set-up examples"
La Trappiste	https://www.kentvenues.co.uk/venues/la-trappiste	12	facilities	critical	No facilities or amenities listed	"Add a complete amenities list: WiFi, AV equipment, heating, air conditioning, kitchen access, etc."
La Trappiste	https://www.kentvenues.co.uk/venues/la-trappiste	12	parking	warning	No parking information on the listing	"Add parking details: number of spaces, on-site vs nearby, disabled bays, EV charging, and any charges"
La Trappiste	https://www.kentvenues.co.uk/venues/la-trappiste	12	accommodation	info	No accommodation details on the listing	"If on-site accommodation exists, add room count, types and pricing. If not, mention nearby hotel options for wedding parties"
La Trappiste	https://www.kentvenues.co.uk/venues/la-trappiste	12	accessibility	warning	No accessibility information on the listing	"Add accessibility details: wheelchair access, step-free routes, accessible toilets, hearing loops, and accessible parking bays"
La Trappiste	https://www.kentvenues.co.uk/venues/la-trappiste	12	contact	critical	"No contact information at all — no email, no social media, no website link"	Add at minimum a contact email and the venue's website and social media links so enquirers can reach the venue directly
La Trappiste	https://www.kentvenues.co.uk/venues/la-trappiste	12	description	suggestion	No guest reviews or testimonials displayed	Collect and display client testimonials to build trust and credibility
Larkfield Priory Hotel	https://www.kentvenues.co.uk/venues/larkfield-priory-hotel	46	capacity	critical	No capacity information anywhere on the listing	"Add clear capacity figures: seated capacity, standing/reception capacity, and cabaret/boardroom/theatre layouts for each space"
Larkfield Priory Hotel	https://www.kentvenues.co.uk/venues/larkfield-priory-hotel	46	facilities	critical	No facilities or amenities listed	"Add a complete amenities list: WiFi, AV equipment, heating, air conditioning, kitchen access, etc."
Larkfield Priory Hotel	https://www.kentvenues.co.uk/venues/larkfield-priory-hotel	46	parking	warning	No parking information on the listing	"Add parking details: number of spaces, on-site vs nearby, disabled bays, EV charging, and any charges"
Larkfield Priory Hotel	https://www.kentvenues.co.uk/venues/larkfield-priory-hotel	46	accessibility	warning	No accessibility information on the listing	"Add accessibility details: wheelchair access, step-free routes, accessible toilets, hearing loops, and accessible parking bays"
Larkfield Priory Hotel	https://www.kentvenues.co.uk/venues/larkfield-priory-hotel	46	contact	suggestion	No venue website link on the listing	Embed or link the venue's own website so visitors can research further
Larkfield Priory Hotel	https://www.kentvenues.co.uk/venues/larkfield-priory-hotel	46	contact	suggestion	No phone number displayed	Add a direct phone number for enquirers who prefer to call
Larkfield Priory Hotel	https://www.kentvenues.co.uk/venues/larkfield-priory-hotel	46	description	suggestion	No guest reviews or testimonials displayed	Collect and display client testimonials to build trust and credibility
Leaf Hotel Dover	https://www.kentvenues.co.uk/venues/leaf-hotel-dover	73	facilities	warning	"Only 2 facilities listed (Parking, Restaurant)"	"Expand the amenities list to include everything guests would want to know — WiFi, AV, parking, catering options, accessibility features"
Leaf Hotel Dover	https://www.kentvenues.co.uk/venues/leaf-hotel-dover	73	accessibility	warning	No accessibility information on the listing	"Add accessibility details: wheelchair access, step-free routes, accessible toilets, hearing loops, and accessible parking bays"
Leaf Hotel Dover	https://www.kentvenues.co.uk/venues/leaf-hotel-dover	73	contact	warning	No social media links — all three social icons are unfilled placeholders	"Add the venue's Facebook, Twitter/X and Instagram profile URLs"
Leaf Hotel Dover	https://www.kentvenues.co.uk/venues/leaf-hotel-dover	73	contact	suggestion	No phone number displayed	Add a direct phone number for enquirers who prefer to call
Leaf Hotel Dover	https://www.kentvenues.co.uk/venues/leaf-hotel-dover	73	description	suggestion	No guest reviews or testimonials displayed	Collect and display client testimonials to build trust and credibility
Leaf Hotel Dover	https://www.kentvenues.co.uk/venues/leaf-hotel-dover	73	facilities	suggestion	Large venue has no individual rooms/spaces listed	"Break the venue into bookable spaces with individual descriptions, capacities, and photos"
Leas Cliff Hall	https://www.kentvenues.co.uk/venues/leas-cliff-hall	20	description	critical	Listing is unclaimed — the description is auto-generated boilerplate	"Claim the listing and replace the auto-generated text with a real description (200+ words) covering character, history, setting and unique selling points"
Leas Cliff Hall	https://www.kentvenues.co.uk/venues/leas-cliff-hall	20	description	warning	Description is very short (75 characters)	"Expand the description to at least 200 characters covering key details like venue style, setting, and ideal event types"
Leas Cliff Hall	https://www.kentvenues.co.uk/venues/leas-cliff-hall	20	capacity	critical	No capacity information anywhere on the listing	"Add clear capacity figures: seated capacity, standing/reception capacity, and cabaret/boardroom/theatre layouts for each space"
Leas Cliff Hall	https://www.kentvenues.co.uk/venues/leas-cliff-hall	20	photos	warning	Only 2 photo(s) on the listing	"Add more photos — listings with 5+ images convert significantly better. Cover different spaces, angles, and event set-ups"
Leas Cliff Hall	https://www.kentvenues.co.uk/venues/leas-cliff-hall	20	facilities	warning	"Only 2 facilities listed (Wifi, Parking)"	"Expand the amenities list to include everything guests would want to know — WiFi, AV, parking, catering options, accessibility features"
Leas Cliff Hall	https://www.kentvenues.co.uk/venues/leas-cliff-hall	20	catering	warning	No catering or food/drink information on the listing	"Clarify catering options: in-house catering, approved caterers list, BYO alcohol policy, and dietary accommodations"
Leas Cliff Hall	https://www.kentvenues.co.uk/venues/leas-cliff-hall	20	accommodation	info	No accommodation details on the listing	"If on-site accommodation exists, add room count, types and pricing. If not, mention nearby hotel options for wedding parties"
Leas Cliff Hall	https://www.kentvenues.co.uk/venues/leas-cliff-hall	20	accessibility	warning	No accessibility information on the listing	"Add accessibility details: wheelchair access, step-free routes, accessible toilets, hearing loops, and accessible parking bays"
Leas Cliff Hall	https://www.kentvenues.co.uk/venues/leas-cliff-hall	20	contact	suggestion	No phone number displayed	Add a direct phone number for enquirers who prefer to call
Leas Cliff Hall	https://www.kentvenues.co.uk/venues/leas-cliff-hall	20	description	suggestion	No guest reviews or testimonials displayed	Collect and display client testimonials to build trust and credibility
London Beach Country Hotel	https://www.kentvenues.co.uk/venues/leas-cliff-hall-theatre-entertainment-venue	72	capacity	critical	No capacity information anywhere on the listing	"Add clear capacity figures: seated capacity, standing/reception capacity, and cabaret/boardroom/theatre layouts for each space"
London Beach Country Hotel	https://www.kentvenues.co.uk/venues/leas-cliff-hall-theatre-entertainment-venue	72	accessibility	warning	No accessibility information on the listing	"Add accessibility details: wheelchair access, step-free routes, accessible toilets, hearing loops, and accessible parking bays"
London Beach Country Hotel	https://www.kentvenues.co.uk/venues/leas-cliff-hall-theatre-entertainment-venue	72	contact	suggestion	No phone number displayed	Add a direct phone number for enquirers who prefer to call
London Beach Country Hotel	https://www.kentvenues.co.uk/venues/leas-cliff-hall-theatre-entertainment-venue	72	description	suggestion	No guest reviews or testimonials displayed	Collect and display client testimonials to build trust and credibility
Leeds Castle	https://www.kentvenues.co.uk/venues/leeds-castle-2	43	description	critical	Missing or extremely short venue description	"Write a detailed description (200+ words) covering the venue's character, history, setting, and what makes it unique"
Leeds Castle	https://www.kentvenues.co.uk/venues/leeds-castle-2	43	capacity	critical	No capacity information anywhere on the listing	"Add clear capacity figures: seated capacity, standing/reception capacity, and cabaret/boardroom/theatre layouts for each space"
Leeds Castle	https://www.kentvenues.co.uk/venues/leeds-castle-2	43	accommodation	info	No accommodation details on the listing	"If on-site accommodation exists, add room count, types and pricing. If not, mention nearby hotel options for wedding parties"
Leeds Castle	https://www.kentvenues.co.uk/venues/leeds-castle-2	43	contact	critical	"No contact information at all — no email, no social media, no website link"	Add at minimum a contact email and the venue's website and social media links so enquirers can reach the venue directly
Leeds Castle	https://www.kentvenues.co.uk/venues/leeds-castle-2	43	description	suggestion	No guest reviews or testimonials displayed	Collect and display client testimonials to build trust and credibility
Little Hermitage	https://www.kentvenues.co.uk/venues/little-hermitage	37	capacity	critical	No capacity information anywhere on the listing	"Add clear capacity figures: seated capacity, standing/reception capacity, and cabaret/boardroom/theatre layouts for each space"
Little Hermitage	https://www.kentvenues.co.uk/venues/little-hermitage	37	facilities	critical	No facilities or amenities listed	"Add a complete amenities list: WiFi, AV equipment, heating, air conditioning, kitchen access, etc."
Little Hermitage	https://www.kentvenues.co.uk/venues/little-hermitage	37	parking	warning	No parking information on the listing	"Add parking details: number of spaces, on-site vs nearby, disabled bays, EV charging, and any charges"
Little Hermitage	https://www.kentvenues.co.uk/venues/little-hermitage	37	catering	warning	No catering or food/drink information on the listing	"Clarify catering options: in-house catering, approved caterers list, BYO alcohol policy, and dietary accommodations"
Little Hermitage	https://www.kentvenues.co.uk/venues/little-hermitage	37	accommodation	info	No accommodation details on the listing	"If on-site accommodation exists, add room count, types and pricing. If not, mention nearby hotel options for wedding parties"
Little Hermitage	https://www.kentvenues.co.uk/venues/little-hermitage	37	accessibility	warning	No accessibility information on the listing	"Add accessibility details: wheelchair access, step-free routes, accessible toilets, hearing loops, and accessible parking bays"
Little Hermitage	https://www.kentvenues.co.uk/venues/little-hermitage	37	contact	suggestion	No phone number displayed	Add a direct phone number for enquirers who prefer to call
Little Hermitage	https://www.kentvenues.co.uk/venues/little-hermitage	37	description	suggestion	No guest reviews or testimonials displayed	Collect and display client testimonials to build trust and credibility
Little Silver Country Hotel	https://www.kentvenues.co.uk/venues/little-silver-country-hotel	39	description	critical	Listing is unclaimed — the description is auto-generated boilerplate	"Claim the listing and replace the auto-generated text with a real description (200+ words) covering character, history, setting and unique selling points"
Little Silver Country Hotel	https://www.kentvenues.co.uk/venues/little-silver-country-hotel	39	description	warning	Description could be more detailed (101 characters)	"Consider adding more details about the venue's atmosphere, capacity ranges, and unique features"
Little Silver Country Hotel	https://www.kentvenues.co.uk/venues/little-silver-country-hotel	39	capacity	critical	No capacity information anywhere on the listing	"Add clear capacity figures: seated capacity, standing/reception capacity, and cabaret/boardroom/theatre layouts for each space"
Little Silver Country Hotel	https://www.kentvenues.co.uk/venues/little-silver-country-hotel	39	facilities	warning	"Only 2 facilities listed (Wifi, Restaurant)"	"Expand the amenities list to include everything guests would want to know — WiFi, AV, parking, catering options, accessibility features"
Little Silver Country Hotel	https://www.kentvenues.co.uk/venues/little-silver-country-hotel	39	parking	warning	No parking information on the listing	"Add parking details: number of spaces, on-site vs nearby, disabled bays, EV charging, and any charges"
Little Silver Country Hotel	https://www.kentvenues.co.uk/venues/little-silver-country-hotel	39	accessibility	warning	No accessibility information on the listing	"Add accessibility details: wheelchair access, step-free routes, accessible toilets, hearing loops, and accessible parking bays"
Little Silver Country Hotel	https://www.kentvenues.co.uk/venues/little-silver-country-hotel	39	contact	suggestion	No phone number displayed	Add a direct phone number for enquirers who prefer to call
Little Silver Country Hotel	https://www.kentvenues.co.uk/venues/little-silver-country-hotel	39	description	suggestion	No guest reviews or testimonials displayed	Collect and display client testimonials to build trust and credibility
London Golf Club	https://www.kentvenues.co.uk/venues/london-golf-club	27	description	critical	Listing is unclaimed — the description is auto-generated boilerplate	"Claim the listing and replace the auto-generated text with a real description (200+ words) covering character, history, setting and unique selling points"
London Golf Club	https://www.kentvenues.co.uk/venues/london-golf-club	27	description	warning	Description could be more detailed (113 characters)	"Consider adding more details about the venue's atmosphere, capacity ranges, and unique features"
London Golf Club	https://www.kentvenues.co.uk/venues/london-golf-club	27	capacity	critical	No capacity information anywhere on the listing	"Add clear capacity figures: seated capacity, standing/reception capacity, and cabaret/boardroom/theatre layouts for each space"
London Golf Club	https://www.kentvenues.co.uk/venues/london-golf-club	27	facilities	warning	Only 1 facilities listed (Golf courses)	"Expand the amenities list to include everything guests would want to know — WiFi, AV, parking, catering options, accessibility features"
London Golf Club	https://www.kentvenues.co.uk/venues/london-golf-club	27	parking	warning	No parking information on the listing	"Add parking details: number of spaces, on-site vs nearby, disabled bays, EV charging, and any charges"
London Golf Club	https://www.kentvenues.co.uk/venues/london-golf-club	27	catering	warning	No catering or food/drink information on the listing	"Clarify catering options: in-house catering, approved caterers list, BYO alcohol policy, and dietary accommodations"
London Golf Club	https://www.kentvenues.co.uk/venues/london-golf-club	27	accommodation	info	No accommodation details on the listing	"If on-site accommodation exists, add room count, types and pricing. If not, mention nearby hotel options for wedding parties"
London Golf Club	https://www.kentvenues.co.uk/venues/london-golf-club	27	accessibility	warning	No accessibility information on the listing	"Add accessibility details: wheelchair access, step-free routes, accessible toilets, hearing loops, and accessible parking bays"
London Golf Club	https://www.kentvenues.co.uk/venues/london-golf-club	27	contact	suggestion	No phone number displayed	Add a direct phone number for enquirers who prefer to call
London Golf Club	https://www.kentvenues.co.uk/venues/london-golf-club	27	description	suggestion	No guest reviews or testimonials displayed	Collect and display client testimonials to build trust and credibility
Lordswood Leisure Centre	https://www.kentvenues.co.uk/venues/lordswood-leisure-centre-2	91	accommodation	info	No accommodation details on the listing	"If on-site accommodation exists, add room count, types and pricing. If not, mention nearby hotel options for wedding parties"
Lordswood Leisure Centre	https://www.kentvenues.co.uk/venues/lordswood-leisure-centre-2	91	contact	suggestion	No phone number displayed	Add a direct phone number for enquirers who prefer to call
Lordswood Leisure Centre	https://www.kentvenues.co.uk/venues/lordswood-leisure-centre-2	91	description	suggestion	No guest reviews or testimonials displayed	Collect and display client testimonials to build trust and credibility
Lost Village of Dode	https://www.kentvenues.co.uk/venues/lost-village-of-dode	51	photos	suggestion	Only 4 photos — could add more	"Aim for 8-10 photos covering exterior, each main space, and example event set-ups"
Lost Village of Dode	https://www.kentvenues.co.uk/venues/lost-village-of-dode	51	facilities	critical	No facilities or amenities listed	"Add a complete amenities list: WiFi, AV equipment, heating, air conditioning, kitchen access, etc."
Lost Village of Dode	https://www.kentvenues.co.uk/venues/lost-village-of-dode	51	parking	warning	No parking information on the listing	"Add parking details: number of spaces, on-site vs nearby, disabled bays, EV charging, and any charges"
Lost Village of Dode	https://www.kentvenues.co.uk/venues/lost-village-of-dode	51	catering	warning	No catering or food/drink information on the listing	"Clarify catering options: in-house catering, approved caterers list, BYO alcohol policy, and dietary accommodations"
Lost Village of Dode	https://www.kentvenues.co.uk/venues/lost-village-of-dode	51	accessibility	warning	No accessibility information on the listing	"Add accessibility details: wheelchair access, step-free routes, accessible toilets, hearing loops, and accessible parking bays"
Lost Village of Dode	https://www.kentvenues.co.uk/venues/lost-village-of-dode	51	contact	suggestion	No phone number displayed	Add a direct phone number for enquirers who prefer to call
Lost Village of Dode	https://www.kentvenues.co.uk/venues/lost-village-of-dode	51	description	suggestion	No guest reviews or testimonials displayed	Collect and display client testimonials to build trust and credibility
Lower Grange Farm	https://www.kentvenues.co.uk/venues/lower-grange-farm	58	capacity	critical	No capacity information anywhere on the listing	"Add clear capacity figures: seated capacity, standing/reception capacity, and cabaret/boardroom/theatre layouts for each space"
Lower Grange Farm	https://www.kentvenues.co.uk/venues/lower-grange-farm	58	photos	suggestion	Only 4 photos — could add more	"Aim for 8-10 photos covering exterior, each main space, and example event set-ups"
Lower Grange Farm	https://www.kentvenues.co.uk/venues/lower-grange-farm	58	facilities	warning	Only 1 facilities listed (Parking)	"Expand the amenities list to include everything guests would want to know — WiFi, AV, parking, catering options, accessibility features"
Lower Grange Farm	https://www.kentvenues.co.uk/venues/lower-grange-farm	58	accommodation	info	No accommodation details on the listing	"If on-site accommodation exists, add room count, types and pricing. If not, mention nearby hotel options for wedding parties"
Lower Grange Farm	https://www.kentvenues.co.uk/venues/lower-grange-farm	58	accessibility	warning	No accessibility information on the listing	"Add accessibility details: wheelchair access, step-free routes, accessible toilets, hearing loops, and accessible parking bays"
Lower Grange Farm	https://www.kentvenues.co.uk/venues/lower-grange-farm	58	contact	suggestion	No phone number displayed	Add a direct phone number for enquirers who prefer to call
Lower Grange Farm	https://www.kentvenues.co.uk/venues/lower-grange-farm	58	description	suggestion	No guest reviews or testimonials displayed	Collect and display client testimonials to build trust and credibility
Lympne Castle	https://www.kentvenues.co.uk/venues/lympne-castle	84	facilities	warning	Only 1 facilities listed (Accommodation)	"Expand the amenities list to include everything guests would want to know — WiFi, AV, parking, catering options, accessibility features"
Lympne Castle	https://www.kentvenues.co.uk/venues/lympne-castle	84	parking	warning	No parking information on the listing	"Add parking details: number of spaces, on-site vs nearby, disabled bays, EV charging, and any charges"
Lympne Castle	https://www.kentvenues.co.uk/venues/lympne-castle	84	description	suggestion	No guest reviews or testimonials displayed	Collect and display client testimonials to build trust and credibility
Lynsted Park	https://www.kentvenues.co.uk/venues/lynsted-park	36	capacity	critical	No capacity information anywhere on the listing	"Add clear capacity figures: seated capacity, standing/reception capacity, and cabaret/boardroom/theatre layouts for each space"
Lynsted Park	https://www.kentvenues.co.uk/venues/lynsted-park	36	photos	suggestion	Only 3 photos — could add more	"Aim for 8-10 photos covering exterior, each main space, and example event set-ups"
Lynsted Park	https://www.kentvenues.co.uk/venues/lynsted-park	36	facilities	critical	No facilities or amenities listed	"Add a complete amenities list: WiFi, AV equipment, heating, air conditioning, kitchen access, etc."
Lynsted Park	https://www.kentvenues.co.uk/venues/lynsted-park	36	parking	warning	No parking information on the listing	"Add parking details: number of spaces, on-site vs nearby, disabled bays, EV charging, and any charges"
Lynsted Park	https://www.kentvenues.co.uk/venues/lynsted-park	36	accommodation	info	No accommodation details on the listing	"If on-site accommodation exists, add room count, types and pricing. If not, mention nearby hotel options for wedding parties"
Lynsted Park	https://www.kentvenues.co.uk/venues/lynsted-park	36	accessibility	warning	No accessibility information on the listing	"Add accessibility details: wheelchair access, step-free routes, accessible toilets, hearing loops, and accessible parking bays"
Lynsted Park	https://www.kentvenues.co.uk/venues/lynsted-park	36	contact	warning	"Missing social media link(s): Facebook, Twitter/X (shown as a dead ""#"" link)"	"Add the venue's Facebook and Twitter/X profile URL(s) — the placeholder ""#"" links look broken to visitors"
Lynsted Park	https://www.kentvenues.co.uk/venues/lynsted-park	36	contact	suggestion	No phone number displayed	Add a direct phone number for enquirers who prefer to call
Lynsted Park	https://www.kentvenues.co.uk/venues/lynsted-park	36	description	suggestion	No guest reviews or testimonials displayed	Collect and display client testimonials to build trust and credibility
Maidstone Studios	https://www.kentvenues.co.uk/venues/maidstone-studios	40	description	critical	Listing is unclaimed — the description is auto-generated boilerplate	"Claim the listing and replace the auto-generated text with a real description (200+ words) covering character, history, setting and unique selling points"
Maidstone Studios	https://www.kentvenues.co.uk/venues/maidstone-studios	40	description	warning	Description could be more detailed (101 characters)	"Consider adding more details about the venue's atmosphere, capacity ranges, and unique features"
Maidstone Studios	https://www.kentvenues.co.uk/venues/maidstone-studios	40	capacity	critical	No capacity information anywhere on the listing	"Add clear capacity figures: seated capacity, standing/reception capacity, and cabaret/boardroom/theatre layouts for each space"
Maidstone Studios	https://www.kentvenues.co.uk/venues/maidstone-studios	40	parking	warning	No parking information on the listing	"Add parking details: number of spaces, on-site vs nearby, disabled bays, EV charging, and any charges"
Maidstone Studios	https://www.kentvenues.co.uk/venues/maidstone-studios	40	accommodation	info	No accommodation details on the listing	"If on-site accommodation exists, add room count, types and pricing. If not, mention nearby hotel options for wedding parties"
Maidstone Studios	https://www.kentvenues.co.uk/venues/maidstone-studios	40	accessibility	warning	No accessibility information on the listing	"Add accessibility details: wheelchair access, step-free routes, accessible toilets, hearing loops, and accessible parking bays"
Maidstone Studios	https://www.kentvenues.co.uk/venues/maidstone-studios	40	contact	suggestion	No phone number displayed	Add a direct phone number for enquirers who prefer to call
Maidstone Studios	https://www.kentvenues.co.uk/venues/maidstone-studios	40	description	suggestion	No guest reviews or testimonials displayed	Collect and display client testimonials to build trust and credibility
Maison Dieu Guest House	https://www.kentvenues.co.uk/venues/maison-dieu-guest-house	58	capacity	critical	No capacity information anywhere on the listing	"Add clear capacity figures: seated capacity, standing/reception capacity, and cabaret/boardroom/theatre layouts for each space"
Maison Dieu Guest House	https://www.kentvenues.co.uk/venues/maison-dieu-guest-house	58	photos	suggestion	Only 4 photos — could add more	"Aim for 8-10 photos covering exterior, each main space, and example event set-ups"
Maison Dieu Guest House	https://www.kentvenues.co.uk/venues/maison-dieu-guest-house	58	facilities	warning	"Only 2 facilities listed (Wifi, HD TV)"	"Expand the amenities list to include everything guests would want to know — WiFi, AV, parking, catering options, accessibility features"
Maison Dieu Guest House	https://www.kentvenues.co.uk/venues/maison-dieu-guest-house	58	accessibility	warning	No accessibility information on the listing	"Add accessibility details: wheelchair access, step-free routes, accessible toilets, hearing loops, and accessible parking bays"
Maison Dieu Guest House	https://www.kentvenues.co.uk/venues/maison-dieu-guest-house	58	contact	warning	"Missing social media link(s): Instagram (shown as a dead ""#"" link)"	"Add the venue's Instagram profile URL(s) — the placeholder ""#"" links look broken to visitors"
Maison Dieu Guest House	https://www.kentvenues.co.uk/venues/maison-dieu-guest-house	58	contact	suggestion	No phone number displayed	Add a direct phone number for enquirers who prefer to call
Maison Dieu Guest House	https://www.kentvenues.co.uk/venues/maison-dieu-guest-house	58	description	suggestion	No guest reviews or testimonials displayed	Collect and display client testimonials to build trust and credibility
Margate Football Club	https://www.kentvenues.co.uk/venues/margate-football-club	40	photos	critical	No photographs on the listing	"Add a minimum of 5 high-quality photographs showing the venue exterior, main spaces, and set-up examples"
Margate Football Club	https://www.kentvenues.co.uk/venues/margate-football-club	40	facilities	critical	No facilities or amenities listed	"Add a complete amenities list: WiFi, AV equipment, heating, air conditioning, kitchen access, etc."
Margate Football Club	https://www.kentvenues.co.uk/venues/margate-football-club	40	parking	warning	No parking information on the listing	"Add parking details: number of spaces, on-site vs nearby, disabled bays, EV charging, and any charges"
Margate Football Club	https://www.kentvenues.co.uk/venues/margate-football-club	40	accommodation	info	No accommodation details on the listing	"If on-site accommodation exists, add room count, types and pricing. If not, mention nearby hotel options for wedding parties"
Margate Football Club	https://www.kentvenues.co.uk/venues/margate-football-club	40	accessibility	warning	No accessibility information on the listing	"Add accessibility details: wheelchair access, step-free routes, accessible toilets, hearing loops, and accessible parking bays"
Margate Football Club	https://www.kentvenues.co.uk/venues/margate-football-club	40	contact	suggestion	No phone number displayed	Add a direct phone number for enquirers who prefer to call
Margate Football Club	https://www.kentvenues.co.uk/venues/margate-football-club	40	description	suggestion	No guest reviews or testimonials displayed	Collect and display client testimonials to build trust and credibility
Marine Hotel	https://www.kentvenues.co.uk/venues/marine-hotel	64	capacity	critical	No capacity information anywhere on the listing	"Add clear capacity figures: seated capacity, standing/reception capacity, and cabaret/boardroom/theatre layouts for each space"
Marine Hotel	https://www.kentvenues.co.uk/venues/marine-hotel	64	parking	warning	No parking information on the listing	"Add parking details: number of spaces, on-site vs nearby, disabled bays, EV charging, and any charges"
Marine Hotel	https://www.kentvenues.co.uk/venues/marine-hotel	64	accessibility	warning	No accessibility information on the listing	"Add accessibility details: wheelchair access, step-free routes, accessible toilets, hearing loops, and accessible parking bays"
Marine Hotel	https://www.kentvenues.co.uk/venues/marine-hotel	64	contact	suggestion	No phone number displayed	Add a direct phone number for enquirers who prefer to call
Marine Hotel	https://www.kentvenues.co.uk/venues/marine-hotel	64	description	suggestion	No guest reviews or testimonials displayed	Collect and display client testimonials to build trust and credibility
Marleybrook House	https://www.kentvenues.co.uk/venues/marleybrook-house	55	capacity	critical	No capacity information anywhere on the listing	"Add clear capacity figures: seated capacity, standing/reception capacity, and cabaret/boardroom/theatre layouts for each space"
Marleybrook House	https://www.kentvenues.co.uk/venues/marleybrook-house	55	facilities	warning	Only 1 facilities listed (Accommodation)	"Expand the amenities list to include everything guests would want to know — WiFi, AV, parking, catering options, accessibility features"
Marleybrook House	https://www.kentvenues.co.uk/venues/marleybrook-house	55	parking	warning	No parking information on the listing	"Add parking details: number of spaces, on-site vs nearby, disabled bays, EV charging, and any charges"
Marleybrook House	https://www.kentvenues.co.uk/venues/marleybrook-house	55	accessibility	warning	No accessibility information on the listing	"Add accessibility details: wheelchair access, step-free routes, accessible toilets, hearing loops, and accessible parking bays"
Marleybrook House	https://www.kentvenues.co.uk/venues/marleybrook-house	55	contact	warning	"Missing social media link(s): Facebook (shown as a dead ""#"" link)"	"Add the venue's Facebook profile URL(s) — the placeholder ""#"" links look broken to visitors"
Marleybrook House	https://www.kentvenues.co.uk/venues/marleybrook-house	55	contact	suggestion	No phone number displayed	Add a direct phone number for enquirers who prefer to call
Marleybrook House	https://www.kentvenues.co.uk/venues/marleybrook-house	55	description	suggestion	No guest reviews or testimonials displayed	Collect and display client testimonials to build trust and credibility
Mercure Dartford Brands Hatch Hotel & Spa	https://www.kentvenues.co.uk/venues/mercure-dartford-brands-hatch-hotel-spa	55	capacity	critical	No capacity information anywhere on the listing	"Add clear capacity figures: seated capacity, standing/reception capacity, and cabaret/boardroom/theatre layouts for each space"
Mercure Dartford Brands Hatch Hotel & Spa	https://www.kentvenues.co.uk/venues/mercure-dartford-brands-hatch-hotel-spa	55	photos	warning	Only 2 photo(s) on the listing	"Add more photos — listings with 5+ images convert significantly better. Cover different spaces, angles, and event set-ups"
Mercure Dartford Brands Hatch Hotel & Spa	https://www.kentvenues.co.uk/venues/mercure-dartford-brands-hatch-hotel-spa	55	accessibility	warning	No accessibility information on the listing	"Add accessibility details: wheelchair access, step-free routes, accessible toilets, hearing loops, and accessible parking bays"
Mercure Dartford Brands Hatch Hotel & Spa	https://www.kentvenues.co.uk/venues/mercure-dartford-brands-hatch-hotel-spa	55	contact	warning	"Missing social media link(s): Twitter/X (shown as a dead ""#"" link)"	"Add the venue's Twitter/X profile URL(s) — the placeholder ""#"" links look broken to visitors"
Mercure Dartford Brands Hatch Hotel & Spa	https://www.kentvenues.co.uk/venues/mercure-dartford-brands-hatch-hotel-spa	55	contact	suggestion	No venue website link on the listing	Embed or link the venue's own website so visitors can research further
Mercure Dartford Brands Hatch Hotel & Spa	https://www.kentvenues.co.uk/venues/mercure-dartford-brands-hatch-hotel-spa	55	contact	suggestion	No phone number displayed	Add a direct phone number for enquirers who prefer to call
Mercure Dartford Brands Hatch Hotel & Spa	https://www.kentvenues.co.uk/venues/mercure-dartford-brands-hatch-hotel-spa	55	description	suggestion	No guest reviews or testimonials displayed	Collect and display client testimonials to build trust and credibility
Hythe Imperial Hotel	https://www.kentvenues.co.uk/venues/mercure-hythe-imperial	98	contact	suggestion	No phone number displayed	Add a direct phone number for enquirers who prefer to call
Mercure Maidstone Great Danes Hotel	https://www.kentvenues.co.uk/venues/mercure-maidstone-great-danes-hotel	26	description	critical	Listing is unclaimed — the description is auto-generated boilerplate	"Claim the listing and replace the auto-generated text with a real description (200+ words) covering character, history, setting and unique selling points"
Mercure Maidstone Great Danes Hotel	https://www.kentvenues.co.uk/venues/mercure-maidstone-great-danes-hotel	26	description	warning	Description could be more detailed (103 characters)	"Consider adding more details about the venue's atmosphere, capacity ranges, and unique features"
Mercure Maidstone Great Danes Hotel	https://www.kentvenues.co.uk/venues/mercure-maidstone-great-danes-hotel	26	capacity	critical	No capacity information anywhere on the listing	"Add clear capacity figures: seated capacity, standing/reception capacity, and cabaret/boardroom/theatre layouts for each space"
Mercure Maidstone Great Danes Hotel	https://www.kentvenues.co.uk/venues/mercure-maidstone-great-danes-hotel	26	photos	suggestion	Only 4 photos — could add more	"Aim for 8-10 photos covering exterior, each main space, and example event set-ups"
Mercure Maidstone Great Danes Hotel	https://www.kentvenues.co.uk/venues/mercure-maidstone-great-danes-hotel	26	facilities	warning	"Only 2 facilities listed (Swimming Pool, Gym)"	"Expand the amenities list to include everything guests would want to know — WiFi, AV, parking, catering options, accessibility features"
Mercure Maidstone Great Danes Hotel	https://www.kentvenues.co.uk/venues/mercure-maidstone-great-danes-hotel	26	parking	warning	No parking information on the listing	"Add parking details: number of spaces, on-site vs nearby, disabled bays, EV charging, and any charges"
Mercure Maidstone Great Danes Hotel	https://www.kentvenues.co.uk/venues/mercure-maidstone-great-danes-hotel	26	catering	warning	No catering or food/drink information on the listing	"Clarify catering options: in-house catering, approved caterers list, BYO alcohol policy, and dietary accommodations"
Mercure Maidstone Great Danes Hotel	https://www.kentvenues.co.uk/venues/mercure-maidstone-great-danes-hotel	26	accessibility	warning	No accessibility information on the listing	"Add accessibility details: wheelchair access, step-free routes, accessible toilets, hearing loops, and accessible parking bays"
Mercure Maidstone Great Danes Hotel	https://www.kentvenues.co.uk/venues/mercure-maidstone-great-danes-hotel	26	contact	suggestion	No phone number displayed	Add a direct phone number for enquirers who prefer to call
Mercure Maidstone Great Danes Hotel	https://www.kentvenues.co.uk/venues/mercure-maidstone-great-danes-hotel	26	description	suggestion	No guest reviews or testimonials displayed	Collect and display client testimonials to build trust and credibility
Mercure Tunbridge Wells	https://www.kentvenues.co.uk/venues/mercure-tunbridge-wells	87	accessibility	warning	No accessibility information on the listing	"Add accessibility details: wheelchair access, step-free routes, accessible toilets, hearing loops, and accessible parking bays"
Mercure Tunbridge Wells	https://www.kentvenues.co.uk/venues/mercure-tunbridge-wells	87	contact	suggestion	No phone number displayed	Add a direct phone number for enquirers who prefer to call
Mercure Tunbridge Wells	https://www.kentvenues.co.uk/venues/mercure-tunbridge-wells	87	description	suggestion	No guest reviews or testimonials displayed	Collect and display client testimonials to build trust and credibility
Mereworth Wines	https://www.kentvenues.co.uk/venues/mereworth-wines	62	facilities	critical	No facilities or amenities listed	"Add a complete amenities list: WiFi, AV equipment, heating, air conditioning, kitchen access, etc."
Mereworth Wines	https://www.kentvenues.co.uk/venues/mereworth-wines	62	accessibility	warning	No accessibility information on the listing	"Add accessibility details: wheelchair access, step-free routes, accessible toilets, hearing loops, and accessible parking bays"
Mereworth Wines	https://www.kentvenues.co.uk/venues/mereworth-wines	62	contact	critical	"No contact information at all — no email, no social media, no website link"	Add at minimum a contact email and the venue's website and social media links so enquirers can reach the venue directly
MidKent College	https://www.kentvenues.co.uk/venues/midkent-college	55	photos	suggestion	Only 4 photos — could add more	"Aim for 8-10 photos covering exterior, each main space, and example event set-ups"
MidKent College	https://www.kentvenues.co.uk/venues/midkent-college	55	facilities	critical	No facilities or amenities listed	"Add a complete amenities list: WiFi, AV equipment, heating, air conditioning, kitchen access, etc."
MidKent College	https://www.kentvenues.co.uk/venues/midkent-college	55	parking	warning	No parking information on the listing	"Add parking details: number of spaces, on-site vs nearby, disabled bays, EV charging, and any charges"
MidKent College	https://www.kentvenues.co.uk/venues/midkent-college	55	accommodation	info	No accommodation details on the listing	"If on-site accommodation exists, add room count, types and pricing. If not, mention nearby hotel options for wedding parties"
MidKent College	https://www.kentvenues.co.uk/venues/midkent-college	55	accessibility	warning	No accessibility information on the listing	"Add accessibility details: wheelchair access, step-free routes, accessible toilets, hearing loops, and accessible parking bays"
MidKent College	https://www.kentvenues.co.uk/venues/midkent-college	55	contact	suggestion	No phone number displayed	Add a direct phone number for enquirers who prefer to call
MidKent College	https://www.kentvenues.co.uk/venues/midkent-college	55	description	suggestion	No guest reviews or testimonials displayed	Collect and display client testimonials to build trust and credibility
Molland Manor House	https://www.kentvenues.co.uk/venues/molland-manor-house	34	capacity	critical	No capacity information anywhere on the listing	"Add clear capacity figures: seated capacity, standing/reception capacity, and cabaret/boardroom/theatre layouts for each space"
Molland Manor House	https://www.kentvenues.co.uk/venues/molland-manor-house	34	photos	warning	Only 2 photo(s) on the listing	"Add more photos — listings with 5+ images convert significantly better. Cover different spaces, angles, and event set-ups"
Molland Manor House	https://www.kentvenues.co.uk/venues/molland-manor-house	34	facilities	warning	"Only 2 facilities listed (Wifi, Accommodation)"	"Expand the amenities list to include everything guests would want to know — WiFi, AV, parking, catering options, accessibility features"
Molland Manor House	https://www.kentvenues.co.uk/venues/molland-manor-house	34	parking	warning	No parking information on the listing	"Add parking details: number of spaces, on-site vs nearby, disabled bays, EV charging, and any charges"
Molland Manor House	https://www.kentvenues.co.uk/venues/molland-manor-house	34	catering	warning	No catering or food/drink information on the listing	"Clarify catering options: in-house catering, approved caterers list, BYO alcohol policy, and dietary accommodations"
Molland Manor House	https://www.kentvenues.co.uk/venues/molland-manor-house	34	accessibility	warning	No accessibility information on the listing	"Add accessibility details: wheelchair access, step-free routes, accessible toilets, hearing loops, and accessible parking bays"
Molland Manor House	https://www.kentvenues.co.uk/venues/molland-manor-house	34	contact	warning	"Missing social media link(s): Instagram (shown as a dead ""#"" link)"	"Add the venue's Instagram profile URL(s) — the placeholder ""#"" links look broken to visitors"
Molland Manor House	https://www.kentvenues.co.uk/venues/molland-manor-house	34	contact	suggestion	No phone number displayed	Add a direct phone number for enquirers who prefer to call
Molland Manor House	https://www.kentvenues.co.uk/venues/molland-manor-house	34	description	suggestion	No guest reviews or testimonials displayed	Collect and display client testimonials to build trust and credibility
Molland Manor House	https://www.kentvenues.co.uk/venues/molland-manor-house	34	facilities	suggestion	Large venue has no individual rooms/spaces listed	"Break the venue into bookable spaces with individual descriptions, capacities, and photos"
Mount Ephraim Gardens	https://www.kentvenues.co.uk/venues/mount-ephraim-gardens	59	capacity	critical	No capacity information anywhere on the listing	"Add clear capacity figures: seated capacity, standing/reception capacity, and cabaret/boardroom/theatre layouts for each space"
Mount Ephraim Gardens	https://www.kentvenues.co.uk/venues/mount-ephraim-gardens	59	facilities	warning	Only 1 facilities listed (Accommodation)	"Expand the amenities list to include everything guests would want to know — WiFi, AV, parking, catering options, accessibility features"
Mount Ephraim Gardens	https://www.kentvenues.co.uk/venues/mount-ephraim-gardens	59	parking	warning	No parking information on the listing	"Add parking details: number of spaces, on-site vs nearby, disabled bays, EV charging, and any charges"
Mount Ephraim Gardens	https://www.kentvenues.co.uk/venues/mount-ephraim-gardens	59	accessibility	warning	No accessibility information on the listing	"Add accessibility details: wheelchair access, step-free routes, accessible toilets, hearing loops, and accessible parking bays"
Mount Ephraim Gardens	https://www.kentvenues.co.uk/venues/mount-ephraim-gardens	59	contact	suggestion	No phone number displayed	Add a direct phone number for enquirers who prefer to call
Mount Ephraim Gardens	https://www.kentvenues.co.uk/venues/mount-ephraim-gardens	59	description	suggestion	No guest reviews or testimonials displayed	Collect and display client testimonials to build trust and credibility
Mountains Country House	https://www.kentvenues.co.uk/venues/mountains-country-house	70	facilities	warning	Only 1 facilities listed (Bar)	"Expand the amenities list to include everything guests would want to know — WiFi, AV, parking, catering options, accessibility features"
Mountains Country House	https://www.kentvenues.co.uk/venues/mountains-country-house	70	parking	warning	No parking information on the listing	"Add parking details: number of spaces, on-site vs nearby, disabled bays, EV charging, and any charges"
Mountains Country House	https://www.kentvenues.co.uk/venues/mountains-country-house	70	accessibility	warning	No accessibility information on the listing	"Add accessibility details: wheelchair access, step-free routes, accessible toilets, hearing loops, and accessible parking bays"
Mountains Country House	https://www.kentvenues.co.uk/venues/mountains-country-house	70	contact	warning	"Missing social media link(s): Instagram (shown as a dead ""#"" link)"	"Add the venue's Instagram profile URL(s) — the placeholder ""#"" links look broken to visitors"
Mountains Country House	https://www.kentvenues.co.uk/venues/mountains-country-house	70	contact	suggestion	No phone number displayed	Add a direct phone number for enquirers who prefer to call
Mountains Country House	https://www.kentvenues.co.uk/venues/mountains-country-house	70	description	suggestion	No guest reviews or testimonials displayed	Collect and display client testimonials to build trust and credibility
Nayland Rock Hotel	https://www.kentvenues.co.uk/venues/nayland-rock-hotel	42	capacity	critical	No capacity information anywhere on the listing	"Add clear capacity figures: seated capacity, standing/reception capacity, and cabaret/boardroom/theatre layouts for each space"
Nayland Rock Hotel	https://www.kentvenues.co.uk/venues/nayland-rock-hotel	42	photos	suggestion	Only 4 photos — could add more	"Aim for 8-10 photos covering exterior, each main space, and example event set-ups"
Nayland Rock Hotel	https://www.kentvenues.co.uk/venues/nayland-rock-hotel	42	facilities	warning	"Only 2 facilities listed (Wifi, Accommodation)"	"Expand the amenities list to include everything guests would want to know — WiFi, AV, parking, catering options, accessibility features"
Nayland Rock Hotel	https://www.kentvenues.co.uk/venues/nayland-rock-hotel	42	parking	warning	No parking information on the listing	"Add parking details: number of spaces, on-site vs nearby, disabled bays, EV charging, and any charges"
Nayland Rock Hotel	https://www.kentvenues.co.uk/venues/nayland-rock-hotel	42	catering	warning	No catering or food/drink information on the listing	"Clarify catering options: in-house catering, approved caterers list, BYO alcohol policy, and dietary accommodations"
Nayland Rock Hotel	https://www.kentvenues.co.uk/venues/nayland-rock-hotel	42	accessibility	warning	No accessibility information on the listing	"Add accessibility details: wheelchair access, step-free routes, accessible toilets, hearing loops, and accessible parking bays"
Nayland Rock Hotel	https://www.kentvenues.co.uk/venues/nayland-rock-hotel	42	contact	warning	"Missing social media link(s): Twitter/X, Instagram (shown as a dead ""#"" link)"	"Add the venue's Twitter/X and Instagram profile URL(s) — the placeholder ""#"" links look broken to visitors"
Nayland Rock Hotel	https://www.kentvenues.co.uk/venues/nayland-rock-hotel	42	contact	suggestion	No phone number displayed	Add a direct phone number for enquirers who prefer to call
Nayland Rock Hotel	https://www.kentvenues.co.uk/venues/nayland-rock-hotel	42	description	suggestion	No guest reviews or testimonials displayed	Collect and display client testimonials to build trust and credibility
Nettlestead Place	https://www.kentvenues.co.uk/venues/nettlestead-place	46	capacity	critical	No capacity information anywhere on the listing	"Add clear capacity figures: seated capacity, standing/reception capacity, and cabaret/boardroom/theatre layouts for each space"
Nettlestead Place	https://www.kentvenues.co.uk/venues/nettlestead-place	46	photos	suggestion	Only 3 photos — could add more	"Aim for 8-10 photos covering exterior, each main space, and example event set-ups"
Nettlestead Place	https://www.kentvenues.co.uk/venues/nettlestead-place	46	facilities	warning	Only 1 facilities listed (Accommodation)	"Expand the amenities list to include everything guests would want to know — WiFi, AV, parking, catering options, accessibility features"
Nettlestead Place	https://www.kentvenues.co.uk/venues/nettlestead-place	46	parking	warning	No parking information on the listing	"Add parking details: number of spaces, on-site vs nearby, disabled bays, EV charging, and any charges"
Nettlestead Place	https://www.kentvenues.co.uk/venues/nettlestead-place	46	catering	warning	No catering or food/drink information on the listing	"Clarify catering options: in-house catering, approved caterers list, BYO alcohol policy, and dietary accommodations"
Nettlestead Place	https://www.kentvenues.co.uk/venues/nettlestead-place	46	accessibility	warning	No accessibility information on the listing	"Add accessibility details: wheelchair access, step-free routes, accessible toilets, hearing loops, and accessible parking bays"
Nettlestead Place	https://www.kentvenues.co.uk/venues/nettlestead-place	46	contact	suggestion	No phone number displayed	Add a direct phone number for enquirers who prefer to call
Nettlestead Place	https://www.kentvenues.co.uk/venues/nettlestead-place	46	description	suggestion	No guest reviews or testimonials displayed	Collect and display client testimonials to build trust and credibility
Nizels Golf & Country Club	https://www.kentvenues.co.uk/venues/nizels-golf-country-club	28	description	critical	Listing is unclaimed — the description is auto-generated boilerplate	"Claim the listing and replace the auto-generated text with a real description (200+ words) covering character, history, setting and unique selling points"
Nizels Golf & Country Club	https://www.kentvenues.co.uk/venues/nizels-golf-country-club	28	description	warning	Description could be more detailed (117 characters)	"Consider adding more details about the venue's atmosphere, capacity ranges, and unique features"
Nizels Golf & Country Club	https://www.kentvenues.co.uk/venues/nizels-golf-country-club	28	capacity	critical	No capacity information anywhere on the listing	"Add clear capacity figures: seated capacity, standing/reception capacity, and cabaret/boardroom/theatre layouts for each space"
Nizels Golf & Country Club	https://www.kentvenues.co.uk/venues/nizels-golf-country-club	28	parking	warning	No parking information on the listing	"Add parking details: number of spaces, on-site vs nearby, disabled bays, EV charging, and any charges"
Nizels Golf & Country Club	https://www.kentvenues.co.uk/venues/nizels-golf-country-club	28	catering	warning	No catering or food/drink information on the listing	"Clarify catering options: in-house catering, approved caterers list, BYO alcohol policy, and dietary accommodations"
Nizels Golf & Country Club	https://www.kentvenues.co.uk/venues/nizels-golf-country-club	28	accommodation	info	No accommodation details on the listing	"If on-site accommodation exists, add room count, types and pricing. If not, mention nearby hotel options for wedding parties"
Nizels Golf & Country Club	https://www.kentvenues.co.uk/venues/nizels-golf-country-club	28	accessibility	warning	No accessibility information on the listing	"Add accessibility details: wheelchair access, step-free routes, accessible toilets, hearing loops, and accessible parking bays"
Nizels Golf & Country Club	https://www.kentvenues.co.uk/venues/nizels-golf-country-club	28	contact	warning	"Missing social media link(s): Twitter/X, Instagram (shown as a dead ""#"" link)"	"Add the venue's Twitter/X and Instagram profile URL(s) — the placeholder ""#"" links look broken to visitors"
Nizels Golf & Country Club	https://www.kentvenues.co.uk/venues/nizels-golf-country-club	28	contact	suggestion	No phone number displayed	Add a direct phone number for enquirers who prefer to call
Nizels Golf & Country Club	https://www.kentvenues.co.uk/venues/nizels-golf-country-club	28	description	suggestion	No guest reviews or testimonials displayed	Collect and display client testimonials to build trust and credibility
North Foreland Golf Club	https://www.kentvenues.co.uk/venues/north-foreland-golf-club	29	capacity	critical	No capacity information anywhere on the listing	"Add clear capacity figures: seated capacity, standing/reception capacity, and cabaret/boardroom/theatre layouts for each space"
North Foreland Golf Club	https://www.kentvenues.co.uk/venues/north-foreland-golf-club	29	photos	suggestion	Only 3 photos — could add more	"Aim for 8-10 photos covering exterior, each main space, and example event set-ups"
North Foreland Golf Club	https://www.kentvenues.co.uk/venues/north-foreland-golf-club	29	facilities	critical	No facilities or amenities listed	"Add a complete amenities list: WiFi, AV equipment, heating, air conditioning, kitchen access, etc."
North Foreland Golf Club	https://www.kentvenues.co.uk/venues/north-foreland-golf-club	29	parking	warning	No parking information on the listing	"Add parking details: number of spaces, on-site vs nearby, disabled bays, EV charging, and any charges"
North Foreland Golf Club	https://www.kentvenues.co.uk/venues/north-foreland-golf-club	29	catering	warning	No catering or food/drink information on the listing	"Clarify catering options: in-house catering, approved caterers list, BYO alcohol policy, and dietary accommodations"
North Foreland Golf Club	https://www.kentvenues.co.uk/venues/north-foreland-golf-club	29	accommodation	info	No accommodation details on the listing	"If on-site accommodation exists, add room count, types and pricing. If not, mention nearby hotel options for wedding parties"
North Foreland Golf Club	https://www.kentvenues.co.uk/venues/north-foreland-golf-club	29	accessibility	warning	No accessibility information on the listing	"Add accessibility details: wheelchair access, step-free routes, accessible toilets, hearing loops, and accessible parking bays"
North Foreland Golf Club	https://www.kentvenues.co.uk/venues/north-foreland-golf-club	29	contact	suggestion	No phone number displayed	Add a direct phone number for enquirers who prefer to call
North Foreland Golf Club	https://www.kentvenues.co.uk/venues/north-foreland-golf-club	29	description	suggestion	No guest reviews or testimonials displayed	Collect and display client testimonials to build trust and credibility
North Foreland Golf Club	https://www.kentvenues.co.uk/venues/north-foreland-golf-club	29	facilities	suggestion	Large venue has no individual rooms/spaces listed	"Break the venue into bookable spaces with individual descriptions, capacities, and photos"
Northdown House	https://www.kentvenues.co.uk/venues/northdown-house	38	photos	warning	Only 1 photo(s) on the listing	"Add more photos — listings with 5+ images convert significantly better. Cover different spaces, angles, and event set-ups"
Northdown House	https://www.kentvenues.co.uk/venues/northdown-house	38	facilities	critical	No facilities or amenities listed	"Add a complete amenities list: WiFi, AV equipment, heating, air conditioning, kitchen access, etc."
Northdown House	https://www.kentvenues.co.uk/venues/northdown-house	38	parking	warning	No parking information on the listing	"Add parking details: number of spaces, on-site vs nearby, disabled bays, EV charging, and any charges"
Northdown House	https://www.kentvenues.co.uk/venues/northdown-house	38	catering	warning	No catering or food/drink information on the listing	"Clarify catering options: in-house catering, approved caterers list, BYO alcohol policy, and dietary accommodations"
Northdown House	https://www.kentvenues.co.uk/venues/northdown-house	38	accommodation	info	No accommodation details on the listing	"If on-site accommodation exists, add room count, types and pricing. If not, mention nearby hotel options for wedding parties"
Northdown House	https://www.kentvenues.co.uk/venues/northdown-house	38	accessibility	warning	No accessibility information on the listing	"Add accessibility details: wheelchair access, step-free routes, accessible toilets, hearing loops, and accessible parking bays"
Northdown House	https://www.kentvenues.co.uk/venues/northdown-house	38	contact	warning	"Missing social media link(s): Twitter/X, Instagram (shown as a dead ""#"" link)"	"Add the venue's Twitter/X and Instagram profile URL(s) — the placeholder ""#"" links look broken to visitors"
Northdown House	https://www.kentvenues.co.uk/venues/northdown-house	38	contact	suggestion	No phone number displayed	Add a direct phone number for enquirers who prefer to call
Northdown House	https://www.kentvenues.co.uk/venues/northdown-house	38	description	suggestion	No guest reviews or testimonials displayed	Collect and display client testimonials to build trust and credibility
Nurstead Court	https://www.kentvenues.co.uk/venues/nurstead-court	78	facilities	warning	"Only 2 facilities listed (Wifi, Parking)"	"Expand the amenities list to include everything guests would want to know — WiFi, AV, parking, catering options, accessibility features"
Nurstead Court	https://www.kentvenues.co.uk/venues/nurstead-court	78	accommodation	info	No accommodation details on the listing	"If on-site accommodation exists, add room count, types and pricing. If not, mention nearby hotel options for wedding parties"
Nurstead Court	https://www.kentvenues.co.uk/venues/nurstead-court	78	accessibility	warning	No accessibility information on the listing	"Add accessibility details: wheelchair access, step-free routes, accessible toilets, hearing loops, and accessible parking bays"
Nurstead Court	https://www.kentvenues.co.uk/venues/nurstead-court	78	contact	suggestion	No phone number displayed	Add a direct phone number for enquirers who prefer to call
Nurstead Court	https://www.kentvenues.co.uk/venues/nurstead-court	78	description	suggestion	No guest reviews or testimonials displayed	Collect and display client testimonials to build trust and credibility
Oakley House	https://www.kentvenues.co.uk/venues/oakley-house	43	description	critical	Listing is unclaimed — the description is auto-generated boilerplate	"Claim the listing and replace the auto-generated text with a real description (200+ words) covering character, history, setting and unique selling points"
Oakley House	https://www.kentvenues.co.uk/venues/oakley-house	43	description	warning	Description could be more detailed (105 characters)	"Consider adding more details about the venue's atmosphere, capacity ranges, and unique features"
Oakley House	https://www.kentvenues.co.uk/venues/oakley-house	43	capacity	critical	No capacity information anywhere on the listing	"Add clear capacity figures: seated capacity, standing/reception capacity, and cabaret/boardroom/theatre layouts for each space"
Oakley House	https://www.kentvenues.co.uk/venues/oakley-house	43	photos	suggestion	Only 4 photos — could add more	"Aim for 8-10 photos covering exterior, each main space, and example event set-ups"
Oakley House	https://www.kentvenues.co.uk/venues/oakley-house	43	accommodation	info	No accommodation details on the listing	"If on-site accommodation exists, add room count, types and pricing. If not, mention nearby hotel options for wedding parties"
Oakley House	https://www.kentvenues.co.uk/venues/oakley-house	43	accessibility	warning	No accessibility information on the listing	"Add accessibility details: wheelchair access, step-free routes, accessible toilets, hearing loops, and accessible parking bays"
Oakley House	https://www.kentvenues.co.uk/venues/oakley-house	43	contact	suggestion	No phone number displayed	Add a direct phone number for enquirers who prefer to call
Oakley House	https://www.kentvenues.co.uk/venues/oakley-house	43	description	suggestion	No guest reviews or testimonials displayed	Collect and display client testimonials to build trust and credibility
Oakwood House Hotel	https://www.kentvenues.co.uk/venues/oakwood-house-hotel	34	description	critical	Listing is unclaimed — the description is auto-generated boilerplate	"Claim the listing and replace the auto-generated text with a real description (200+ words) covering character, history, setting and unique selling points"
Oakwood House Hotel	https://www.kentvenues.co.uk/venues/oakwood-house-hotel	34	description	warning	Description is very short (95 characters)	"Expand the description to at least 200 characters covering key details like venue style, setting, and ideal event types"
Oakwood House Hotel	https://www.kentvenues.co.uk/venues/oakwood-house-hotel	34	capacity	critical	No capacity information anywhere on the listing	"Add clear capacity figures: seated capacity, standing/reception capacity, and cabaret/boardroom/theatre layouts for each space"
Oakwood House Hotel	https://www.kentvenues.co.uk/venues/oakwood-house-hotel	34	facilities	warning	"Only 2 facilities listed (Wifi, Restaurant)"	"Expand the amenities list to include everything guests would want to know — WiFi, AV, parking, catering options, accessibility features"
Oakwood House Hotel	https://www.kentvenues.co.uk/venues/oakwood-house-hotel	34	parking	warning	No parking information on the listing	"Add parking details: number of spaces, on-site vs nearby, disabled bays, EV charging, and any charges"
Oakwood House Hotel	https://www.kentvenues.co.uk/venues/oakwood-house-hotel	34	accessibility	warning	No accessibility information on the listing	"Add accessibility details: wheelchair access, step-free routes, accessible toilets, hearing loops, and accessible parking bays"
Oakwood House Hotel	https://www.kentvenues.co.uk/venues/oakwood-house-hotel	34	contact	suggestion	No phone number displayed	Add a direct phone number for enquirers who prefer to call
Oakwood House Hotel	https://www.kentvenues.co.uk/venues/oakwood-house-hotel	34	description	suggestion	No guest reviews or testimonials displayed	Collect and display client testimonials to build trust and credibility
Odeon Beckenham	https://www.kentvenues.co.uk/venues/odeon-beckenham	60	photos	warning	Only 1 photo(s) on the listing	"Add more photos — listings with 5+ images convert significantly better. Cover different spaces, angles, and event set-ups"
Odeon Beckenham	https://www.kentvenues.co.uk/venues/odeon-beckenham	60	facilities	warning	Only 1 facilities listed (Parking)	"Expand the amenities list to include everything guests would want to know — WiFi, AV, parking, catering options, accessibility features"
Odeon Beckenham	https://www.kentvenues.co.uk/venues/odeon-beckenham	60	catering	warning	No catering or food/drink information on the listing	"Clarify catering options: in-house catering, approved caterers list, BYO alcohol policy, and dietary accommodations"
Odeon Beckenham	https://www.kentvenues.co.uk/venues/odeon-beckenham	60	accommodation	info	No accommodation details on the listing	"If on-site accommodation exists, add room count, types and pricing. If not, mention nearby hotel options for wedding parties"
Odeon Beckenham	https://www.kentvenues.co.uk/venues/odeon-beckenham	60	accessibility	warning	No accessibility information on the listing	"Add accessibility details: wheelchair access, step-free routes, accessible toilets, hearing loops, and accessible parking bays"
Odeon Beckenham	https://www.kentvenues.co.uk/venues/odeon-beckenham	60	contact	suggestion	No phone number displayed	Add a direct phone number for enquirers who prefer to call
Odeon Beckenham	https://www.kentvenues.co.uk/venues/odeon-beckenham	60	description	suggestion	No guest reviews or testimonials displayed	Collect and display client testimonials to build trust and credibility
Odeon Canterbury	https://www.kentvenues.co.uk/venues/odeon-canterbury	56	photos	warning	Only 1 photo(s) on the listing	"Add more photos — listings with 5+ images convert significantly better. Cover different spaces, angles, and event set-ups"
Odeon Canterbury	https://www.kentvenues.co.uk/venues/odeon-canterbury	56	facilities	warning	Only 1 facilities listed (Parking)	"Expand the amenities list to include everything guests would want to know — WiFi, AV, parking, catering options, accessibility features"
Odeon Canterbury	https://www.kentvenues.co.uk/venues/odeon-canterbury	56	catering	warning	No catering or food/drink information on the listing	"Clarify catering options: in-house catering, approved caterers list, BYO alcohol policy, and dietary accommodations"
Odeon Canterbury	https://www.kentvenues.co.uk/venues/odeon-canterbury	56	accommodation	info	No accommodation details on the listing	"If on-site accommodation exists, add room count, types and pricing. If not, mention nearby hotel options for wedding parties"
Odeon Canterbury	https://www.kentvenues.co.uk/venues/odeon-canterbury	56	accessibility	warning	No accessibility information on the listing	"Add accessibility details: wheelchair access, step-free routes, accessible toilets, hearing loops, and accessible parking bays"
Odeon Canterbury	https://www.kentvenues.co.uk/venues/odeon-canterbury	56	contact	warning	"Missing social media link(s): Twitter/X, Instagram (shown as a dead ""#"" link)"	"Add the venue's Twitter/X and Instagram profile URL(s) — the placeholder ""#"" links look broken to visitors"
Odeon Canterbury	https://www.kentvenues.co.uk/venues/odeon-canterbury	56	contact	suggestion	No phone number displayed	Add a direct phone number for enquirers who prefer to call
Odeon Canterbury	https://www.kentvenues.co.uk/venues/odeon-canterbury	56	description	suggestion	No guest reviews or testimonials displayed	Collect and display client testimonials to build trust and credibility
Odeon Chatham	https://www.kentvenues.co.uk/venues/odeon-chatham	60	photos	warning	Only 1 photo(s) on the listing	"Add more photos — listings with 5+ images convert significantly better. Cover different spaces, angles, and event set-ups"
Odeon Chatham	https://www.kentvenues.co.uk/venues/odeon-chatham	60	facilities	warning	Only 1 facilities listed (Parking)	"Expand the amenities list to include everything guests would want to know — WiFi, AV, parking, catering options, accessibility features"
Odeon Chatham	https://www.kentvenues.co.uk/venues/odeon-chatham	60	catering	warning	No catering or food/drink information on the listing	"Clarify catering options: in-house catering, approved caterers list, BYO alcohol policy, and dietary accommodations"
Odeon Chatham	https://www.kentvenues.co.uk/venues/odeon-chatham	60	accommodation	info	No accommodation details on the listing	"If on-site accommodation exists, add room count, types and pricing. If not, mention nearby hotel options for wedding parties"
Odeon Chatham	https://www.kentvenues.co.uk/venues/odeon-chatham	60	accessibility	warning	No accessibility information on the listing	"Add accessibility details: wheelchair access, step-free routes, accessible toilets, hearing loops, and accessible parking bays"
Odeon Chatham	https://www.kentvenues.co.uk/venues/odeon-chatham	60	contact	suggestion	No phone number displayed	Add a direct phone number for enquirers who prefer to call
Odeon Chatham	https://www.kentvenues.co.uk/venues/odeon-chatham	60	description	suggestion	No guest reviews or testimonials displayed	Collect and display client testimonials to build trust and credibility
Odeon Maidstone	https://www.kentvenues.co.uk/venues/odeon-maidstone	56	photos	warning	Only 1 photo(s) on the listing	"Add more photos — listings with 5+ images convert significantly better. Cover different spaces, angles, and event set-ups"
Odeon Maidstone	https://www.kentvenues.co.uk/venues/odeon-maidstone	56	facilities	warning	Only 1 facilities listed (Parking)	"Expand the amenities list to include everything guests would want to know — WiFi, AV, parking, catering options, accessibility features"
Odeon Maidstone	https://www.kentvenues.co.uk/venues/odeon-maidstone	56	catering	warning	No catering or food/drink information on the listing	"Clarify catering options: in-house catering, approved caterers list, BYO alcohol policy, and dietary accommodations"
Odeon Maidstone	https://www.kentvenues.co.uk/venues/odeon-maidstone	56	accommodation	info	No accommodation details on the listing	"If on-site accommodation exists, add room count, types and pricing. If not, mention nearby hotel options for wedding parties"
Odeon Maidstone	https://www.kentvenues.co.uk/venues/odeon-maidstone	56	accessibility	warning	No accessibility information on the listing	"Add accessibility details: wheelchair access, step-free routes, accessible toilets, hearing loops, and accessible parking bays"
Odeon Maidstone	https://www.kentvenues.co.uk/venues/odeon-maidstone	56	contact	warning	"Missing social media link(s): Twitter/X, Instagram (shown as a dead ""#"" link)"	"Add the venue's Twitter/X and Instagram profile URL(s) — the placeholder ""#"" links look broken to visitors"
Odeon Maidstone	https://www.kentvenues.co.uk/venues/odeon-maidstone	56	contact	suggestion	No phone number displayed	Add a direct phone number for enquirers who prefer to call
Odeon Maidstone	https://www.kentvenues.co.uk/venues/odeon-maidstone	56	description	suggestion	No guest reviews or testimonials displayed	Collect and display client testimonials to build trust and credibility
Odeon Tunbridge Wells	https://www.kentvenues.co.uk/venues/odeon-tunbridge-wells	60	photos	warning	Only 1 photo(s) on the listing	"Add more photos — listings with 5+ images convert significantly better. Cover different spaces, angles, and event set-ups"
Odeon Tunbridge Wells	https://www.kentvenues.co.uk/venues/odeon-tunbridge-wells	60	facilities	warning	Only 1 facilities listed (Parking)	"Expand the amenities list to include everything guests would want to know — WiFi, AV, parking, catering options, accessibility features"
Odeon Tunbridge Wells	https://www.kentvenues.co.uk/venues/odeon-tunbridge-wells	60	catering	warning	No catering or food/drink information on the listing	"Clarify catering options: in-house catering, approved caterers list, BYO alcohol policy, and dietary accommodations"
Odeon Tunbridge Wells	https://www.kentvenues.co.uk/venues/odeon-tunbridge-wells	60	accommodation	info	No accommodation details on the listing	"If on-site accommodation exists, add room count, types and pricing. If not, mention nearby hotel options for wedding parties"
Odeon Tunbridge Wells	https://www.kentvenues.co.uk/venues/odeon-tunbridge-wells	60	accessibility	warning	No accessibility information on the listing	"Add accessibility details: wheelchair access, step-free routes, accessible toilets, hearing loops, and accessible parking bays"
Odeon Tunbridge Wells	https://www.kentvenues.co.uk/venues/odeon-tunbridge-wells	60	contact	suggestion	No phone number displayed	Add a direct phone number for enquirers who prefer to call
Odeon Tunbridge Wells	https://www.kentvenues.co.uk/venues/odeon-tunbridge-wells	60	description	suggestion	No guest reviews or testimonials displayed	Collect and display client testimonials to build trust and credibility
Odo's Barn	https://www.kentvenues.co.uk/venues/odos-barn	78	facilities	warning	Only 1 facilities listed (Parking)	"Expand the amenities list to include everything guests would want to know — WiFi, AV, parking, catering options, accessibility features"
Odo's Barn	https://www.kentvenues.co.uk/venues/odos-barn	78	accessibility	warning	No accessibility information on the listing	"Add accessibility details: wheelchair access, step-free routes, accessible toilets, hearing loops, and accessible parking bays"
Odo's Barn	https://www.kentvenues.co.uk/venues/odos-barn	78	contact	warning	"Missing social media link(s): Twitter/X (shown as a dead ""#"" link)"	"Add the venue's Twitter/X profile URL(s) — the placeholder ""#"" links look broken to visitors"
Odo's Barn	https://www.kentvenues.co.uk/venues/odos-barn	78	contact	suggestion	No phone number displayed	Add a direct phone number for enquirers who prefer to call
Odo's Barn	https://www.kentvenues.co.uk/venues/odos-barn	78	description	suggestion	No guest reviews or testimonials displayed	Collect and display client testimonials to build trust and credibility
One Warwick Park	https://www.kentvenues.co.uk/venues/one-warwick-park-hotel	89	parking	warning	No parking information on the listing	"Add parking details: number of spaces, on-site vs nearby, disabled bays, EV charging, and any charges"
One Warwick Park	https://www.kentvenues.co.uk/venues/one-warwick-park-hotel	89	description	suggestion	No guest reviews or testimonials displayed	Collect and display client testimonials to build trust and credibility
Orangery Maidstone	https://www.kentvenues.co.uk/venues/orangery-maidstone	52	facilities	critical	No facilities or amenities listed	"Add a complete amenities list: WiFi, AV equipment, heating, air conditioning, kitchen access, etc."
Orangery Maidstone	https://www.kentvenues.co.uk/venues/orangery-maidstone	52	parking	warning	No parking information on the listing	"Add parking details: number of spaces, on-site vs nearby, disabled bays, EV charging, and any charges"
Orangery Maidstone	https://www.kentvenues.co.uk/venues/orangery-maidstone	52	catering	warning	No catering or food/drink information on the listing	"Clarify catering options: in-house catering, approved caterers list, BYO alcohol policy, and dietary accommodations"
Orangery Maidstone	https://www.kentvenues.co.uk/venues/orangery-maidstone	52	accommodation	info	No accommodation details on the listing	"If on-site accommodation exists, add room count, types and pricing. If not, mention nearby hotel options for wedding parties"
Orangery Maidstone	https://www.kentvenues.co.uk/venues/orangery-maidstone	52	accessibility	warning	No accessibility information on the listing	"Add accessibility details: wheelchair access, step-free routes, accessible toilets, hearing loops, and accessible parking bays"
Orangery Maidstone	https://www.kentvenues.co.uk/venues/orangery-maidstone	52	contact	suggestion	No phone number displayed	Add a direct phone number for enquirers who prefer to call
Orangery Maidstone	https://www.kentvenues.co.uk/venues/orangery-maidstone	52	description	suggestion	No guest reviews or testimonials displayed	Collect and display client testimonials to build trust and credibility
The Orchard Suite	https://www.kentvenues.co.uk/venues/orchard-suite	45	capacity	critical	No capacity information anywhere on the listing	"Add clear capacity figures: seated capacity, standing/reception capacity, and cabaret/boardroom/theatre layouts for each space"
The Orchard Suite	https://www.kentvenues.co.uk/venues/orchard-suite	45	facilities	critical	No facilities or amenities listed	"Add a complete amenities list: WiFi, AV equipment, heating, air conditioning, kitchen access, etc."
The Orchard Suite	https://www.kentvenues.co.uk/venues/orchard-suite	45	parking	warning	No parking information on the listing	"Add parking details: number of spaces, on-site vs nearby, disabled bays, EV charging, and any charges"
The Orchard Suite	https://www.kentvenues.co.uk/venues/orchard-suite	45	accommodation	info	No accommodation details on the listing	"If on-site accommodation exists, add room count, types and pricing. If not, mention nearby hotel options for wedding parties"
The Orchard Suite	https://www.kentvenues.co.uk/venues/orchard-suite	45	accessibility	warning	No accessibility information on the listing	"Add accessibility details: wheelchair access, step-free routes, accessible toilets, hearing loops, and accessible parking bays"
The Orchard Suite	https://www.kentvenues.co.uk/venues/orchard-suite	45	contact	suggestion	No phone number displayed	Add a direct phone number for enquirers who prefer to call
The Orchard Suite	https://www.kentvenues.co.uk/venues/orchard-suite	45	description	suggestion	No guest reviews or testimonials displayed	Collect and display client testimonials to build trust and credibility
Orida Hotels Maidstone	https://www.kentvenues.co.uk/venues/orida-hotels-maidstone	61	capacity	critical	No capacity information anywhere on the listing	"Add clear capacity figures: seated capacity, standing/reception capacity, and cabaret/boardroom/theatre layouts for each space"
Orida Hotels Maidstone	https://www.kentvenues.co.uk/venues/orida-hotels-maidstone	61	parking	warning	No parking information on the listing	"Add parking details: number of spaces, on-site vs nearby, disabled bays, EV charging, and any charges"
Orida Hotels Maidstone	https://www.kentvenues.co.uk/venues/orida-hotels-maidstone	61	accessibility	warning	No accessibility information on the listing	"Add accessibility details: wheelchair access, step-free routes, accessible toilets, hearing loops, and accessible parking bays"
Orida Hotels Maidstone	https://www.kentvenues.co.uk/venues/orida-hotels-maidstone	61	contact	warning	No social media links — all three social icons are unfilled placeholders	"Add the venue's Facebook, Twitter/X and Instagram profile URLs"
Orida Hotels Maidstone	https://www.kentvenues.co.uk/venues/orida-hotels-maidstone	61	contact	suggestion	No phone number displayed	Add a direct phone number for enquirers who prefer to call
Orpington Golf Centre	https://www.kentvenues.co.uk/venues/orpington-golf-centre	51	capacity	critical	No capacity information anywhere on the listing	"Add clear capacity figures: seated capacity, standing/reception capacity, and cabaret/boardroom/theatre layouts for each space"
Orpington Golf Centre	https://www.kentvenues.co.uk/venues/orpington-golf-centre	51	photos	suggestion	Only 4 photos — could add more	"Aim for 8-10 photos covering exterior, each main space, and example event set-ups"
Orpington Golf Centre	https://www.kentvenues.co.uk/venues/orpington-golf-centre	51	parking	warning	No parking information on the listing	"Add parking details: number of spaces, on-site vs nearby, disabled bays, EV charging, and any charges"
Orpington Golf Centre	https://www.kentvenues.co.uk/venues/orpington-golf-centre	51	accommodation	info	No accommodation details on the listing	"If on-site accommodation exists, add room count, types and pricing. If not, mention nearby hotel options for wedding parties"
Orpington Golf Centre	https://www.kentvenues.co.uk/venues/orpington-golf-centre	51	accessibility	warning	No accessibility information on the listing	"Add accessibility details: wheelchair access, step-free routes, accessible toilets, hearing loops, and accessible parking bays"
Orpington Golf Centre	https://www.kentvenues.co.uk/venues/orpington-golf-centre	51	contact	warning	"Missing social media link(s): Instagram (shown as a dead ""#"" link)"	"Add the venue's Instagram profile URL(s) — the placeholder ""#"" links look broken to visitors"
Orpington Golf Centre	https://www.kentvenues.co.uk/venues/orpington-golf-centre	51	contact	suggestion	No phone number displayed	Add a direct phone number for enquirers who prefer to call
Orpington Golf Centre	https://www.kentvenues.co.uk/venues/orpington-golf-centre	51	description	suggestion	No guest reviews or testimonials displayed	Collect and display client testimonials to build trust and credibility
Orpington Village Hall	https://www.kentvenues.co.uk/venues/orpington-village-hall	30	capacity	critical	No capacity information anywhere on the listing	"Add clear capacity figures: seated capacity, standing/reception capacity, and cabaret/boardroom/theatre layouts for each space"
Orpington Village Hall	https://www.kentvenues.co.uk/venues/orpington-village-hall	30	facilities	critical	No facilities or amenities listed	"Add a complete amenities list: WiFi, AV equipment, heating, air conditioning, kitchen access, etc."
Orpington Village Hall	https://www.kentvenues.co.uk/venues/orpington-village-hall	30	parking	warning	No parking information on the listing	"Add parking details: number of spaces, on-site vs nearby, disabled bays, EV charging, and any charges"
Orpington Village Hall	https://www.kentvenues.co.uk/venues/orpington-village-hall	30	catering	warning	No catering or food/drink information on the listing	"Clarify catering options: in-house catering, approved caterers list, BYO alcohol policy, and dietary accommodations"
Orpington Village Hall	https://www.kentvenues.co.uk/venues/orpington-village-hall	30	accommodation	info	No accommodation details on the listing	"If on-site accommodation exists, add room count, types and pricing. If not, mention nearby hotel options for wedding parties"
Orpington Village Hall	https://www.kentvenues.co.uk/venues/orpington-village-hall	30	accessibility	warning	No accessibility information on the listing	"Add accessibility details: wheelchair access, step-free routes, accessible toilets, hearing loops, and accessible parking bays"
Orpington Village Hall	https://www.kentvenues.co.uk/venues/orpington-village-hall	30	contact	warning	"Missing social media link(s): Twitter/X, Instagram (shown as a dead ""#"" link)"	"Add the venue's Twitter/X and Instagram profile URL(s) — the placeholder ""#"" links look broken to visitors"
Orpington Village Hall	https://www.kentvenues.co.uk/venues/orpington-village-hall	30	contact	suggestion	No phone number displayed	Add a direct phone number for enquirers who prefer to call
Orpington Village Hall	https://www.kentvenues.co.uk/venues/orpington-village-hall	30	description	suggestion	No guest reviews or testimonials displayed	Collect and display client testimonials to build trust and credibility
Orpington Village Hall	https://www.kentvenues.co.uk/venues/orpington-village-hall	30	facilities	suggestion	Large venue has no individual rooms/spaces listed	"Break the venue into bookable spaces with individual descriptions, capacities, and photos"
Otto Bar & Shisha Lounge	https://www.kentvenues.co.uk/venues/otto-bar-shisha-lounge	33	capacity	critical	No capacity information anywhere on the listing	"Add clear capacity figures: seated capacity, standing/reception capacity, and cabaret/boardroom/theatre layouts for each space"
Otto Bar & Shisha Lounge	https://www.kentvenues.co.uk/venues/otto-bar-shisha-lounge	33	photos	suggestion	Only 4 photos — could add more	"Aim for 8-10 photos covering exterior, each main space, and example event set-ups"
Otto Bar & Shisha Lounge	https://www.kentvenues.co.uk/venues/otto-bar-shisha-lounge	33	facilities	critical	No facilities or amenities listed	"Add a complete amenities list: WiFi, AV equipment, heating, air conditioning, kitchen access, etc."
Otto Bar & Shisha Lounge	https://www.kentvenues.co.uk/venues/otto-bar-shisha-lounge	33	parking	warning	No parking information on the listing	"Add parking details: number of spaces, on-site vs nearby, disabled bays, EV charging, and any charges"
Otto Bar & Shisha Lounge	https://www.kentvenues.co.uk/venues/otto-bar-shisha-lounge	33	accommodation	info	No accommodation details on the listing	"If on-site accommodation exists, add room count, types and pricing. If not, mention nearby hotel options for wedding parties"
Otto Bar & Shisha Lounge	https://www.kentvenues.co.uk/venues/otto-bar-shisha-lounge	33	accessibility	warning	No accessibility information on the listing	"Add accessibility details: wheelchair access, step-free routes, accessible toilets, hearing loops, and accessible parking bays"
Otto Bar & Shisha Lounge	https://www.kentvenues.co.uk/venues/otto-bar-shisha-lounge	33	contact	warning	"Missing social media link(s): Twitter/X, Instagram (shown as a dead ""#"" link)"	"Add the venue's Twitter/X and Instagram profile URL(s) — the placeholder ""#"" links look broken to visitors"
Otto Bar & Shisha Lounge	https://www.kentvenues.co.uk/venues/otto-bar-shisha-lounge	33	contact	suggestion	No venue website link on the listing	Embed or link the venue's own website so visitors can research further
Otto Bar & Shisha Lounge	https://www.kentvenues.co.uk/venues/otto-bar-shisha-lounge	33	contact	suggestion	No phone number displayed	Add a direct phone number for enquirers who prefer to call
Otto Bar & Shisha Lounge	https://www.kentvenues.co.uk/venues/otto-bar-shisha-lounge	33	description	suggestion	No guest reviews or testimonials displayed	Collect and display client testimonials to build trust and credibility
Oxon Hoath	https://www.kentvenues.co.uk/venues/oxon-hoath	55	capacity	critical	No capacity information anywhere on the listing	"Add clear capacity figures: seated capacity, standing/reception capacity, and cabaret/boardroom/theatre layouts for each space"
Oxon Hoath	https://www.kentvenues.co.uk/venues/oxon-hoath	55	facilities	warning	Only 1 facilities listed (Wifi)	"Expand the amenities list to include everything guests would want to know — WiFi, AV, parking, catering options, accessibility features"
Oxon Hoath	https://www.kentvenues.co.uk/venues/oxon-hoath	55	parking	warning	No parking information on the listing	"Add parking details: number of spaces, on-site vs nearby, disabled bays, EV charging, and any charges"
Oxon Hoath	https://www.kentvenues.co.uk/venues/oxon-hoath	55	accessibility	warning	No accessibility information on the listing	"Add accessibility details: wheelchair access, step-free routes, accessible toilets, hearing loops, and accessible parking bays"
Oxon Hoath	https://www.kentvenues.co.uk/venues/oxon-hoath	55	contact	warning	"Missing social media link(s): Twitter/X (shown as a dead ""#"" link)"	"Add the venue's Twitter/X profile URL(s) — the placeholder ""#"" links look broken to visitors"
Oxon Hoath	https://www.kentvenues.co.uk/venues/oxon-hoath	55	contact	suggestion	No phone number displayed	Add a direct phone number for enquirers who prefer to call
Oxon Hoath	https://www.kentvenues.co.uk/venues/oxon-hoath	55	description	suggestion	No guest reviews or testimonials displayed	Collect and display client testimonials to build trust and credibility
Park Wood Golf Club	https://www.kentvenues.co.uk/venues/park-wood-golf-club	37	capacity	critical	No capacity information anywhere on the listing	"Add clear capacity figures: seated capacity, standing/reception capacity, and cabaret/boardroom/theatre layouts for each space"
Park Wood Golf Club	https://www.kentvenues.co.uk/venues/park-wood-golf-club	37	photos	suggestion	Only 4 photos — could add more	"Aim for 8-10 photos covering exterior, each main space, and example event set-ups"
Park Wood Golf Club	https://www.kentvenues.co.uk/venues/park-wood-golf-club	37	facilities	critical	No facilities or amenities listed	"Add a complete amenities list: WiFi, AV equipment, heating, air conditioning, kitchen access, etc."
Park Wood Golf Club	https://www.kentvenues.co.uk/venues/park-wood-golf-club	37	parking	warning	No parking information on the listing	"Add parking details: number of spaces, on-site vs nearby, disabled bays, EV charging, and any charges"
Park Wood Golf Club	https://www.kentvenues.co.uk/venues/park-wood-golf-club	37	accommodation	info	No accommodation details on the listing	"If on-site accommodation exists, add room count, types and pricing. If not, mention nearby hotel options for wedding parties"
Park Wood Golf Club	https://www.kentvenues.co.uk/venues/park-wood-golf-club	37	accessibility	warning	No accessibility information on the listing	"Add accessibility details: wheelchair access, step-free routes, accessible toilets, hearing loops, and accessible parking bays"
Park Wood Golf Club	https://www.kentvenues.co.uk/venues/park-wood-golf-club	37	contact	suggestion	No phone number displayed	Add a direct phone number for enquirers who prefer to call
Park Wood Golf Club	https://www.kentvenues.co.uk/venues/park-wood-golf-club	37	description	suggestion	No guest reviews or testimonials displayed	Collect and display client testimonials to build trust and credibility
Park Wood Golf Club	https://www.kentvenues.co.uk/venues/park-wood-golf-club	37	facilities	suggestion	Large venue has no individual rooms/spaces listed	"Break the venue into bookable spaces with individual descriptions, capacities, and photos"
The Pavilion Folkestone	https://www.kentvenues.co.uk/venues/pavilion-folkestone	92	contact	warning	No social media links — all three social icons are unfilled placeholders	"Add the venue's Facebook, Twitter/X and Instagram profile URLs"
The Pavilion Folkestone	https://www.kentvenues.co.uk/venues/pavilion-folkestone	92	contact	suggestion	No phone number displayed	Add a direct phone number for enquirers who prefer to call
Peerless Palace	https://www.kentvenues.co.uk/venues/peerless-palace	0	description	critical	Missing or extremely short venue description	"Write a detailed description (200+ words) covering the venue's character, history, setting, and what makes it unique"
Peerless Palace	https://www.kentvenues.co.uk/venues/peerless-palace	0	capacity	critical	No capacity information anywhere on the listing	"Add clear capacity figures: seated capacity, standing/reception capacity, and cabaret/boardroom/theatre layouts for each space"
Peerless Palace	https://www.kentvenues.co.uk/venues/peerless-palace	0	photos	critical	No photographs on the listing	"Add a minimum of 5 high-quality photographs showing the venue exterior, main spaces, and set-up examples"
Peerless Palace	https://www.kentvenues.co.uk/venues/peerless-palace	0	facilities	critical	No facilities or amenities listed	"Add a complete amenities list: WiFi, AV equipment, heating, air conditioning, kitchen access, etc."
Peerless Palace	https://www.kentvenues.co.uk/venues/peerless-palace	0	parking	warning	No parking information on the listing	"Add parking details: number of spaces, on-site vs nearby, disabled bays, EV charging, and any charges"
Peerless Palace	https://www.kentvenues.co.uk/venues/peerless-palace	0	catering	warning	No catering or food/drink information on the listing	"Clarify catering options: in-house catering, approved caterers list, BYO alcohol policy, and dietary accommodations"
Peerless Palace	https://www.kentvenues.co.uk/venues/peerless-palace	0	accommodation	info	No accommodation details on the listing	"If on-site accommodation exists, add room count, types and pricing. If not, mention nearby hotel options for wedding parties"
Peerless Palace	https://www.kentvenues.co.uk/venues/peerless-palace	0	accessibility	warning	No accessibility information on the listing	"Add accessibility details: wheelchair access, step-free routes, accessible toilets, hearing loops, and accessible parking bays"
Peerless Palace	https://www.kentvenues.co.uk/venues/peerless-palace	0	contact	critical	"No contact information at all — no email, no social media, no website link"	Add at minimum a contact email and the venue's website and social media links so enquirers can reach the venue directly
Peerless Palace	https://www.kentvenues.co.uk/venues/peerless-palace	0	description	suggestion	No guest reviews or testimonials displayed	Collect and display client testimonials to build trust and credibility
Penshurst Place & Gardens	https://www.kentvenues.co.uk/venues/penshurst-place-gardens	78	photos	suggestion	Only 4 photos — could add more	"Aim for 8-10 photos covering exterior, each main space, and example event set-ups"
Penshurst Place & Gardens	https://www.kentvenues.co.uk/venues/penshurst-place-gardens	78	accommodation	info	No accommodation details on the listing	"If on-site accommodation exists, add room count, types and pricing. If not, mention nearby hotel options for wedding parties"
Penshurst Place & Gardens	https://www.kentvenues.co.uk/venues/penshurst-place-gardens	78	accessibility	warning	No accessibility information on the listing	"Add accessibility details: wheelchair access, step-free routes, accessible toilets, hearing loops, and accessible parking bays"
Penshurst Place & Gardens	https://www.kentvenues.co.uk/venues/penshurst-place-gardens	78	contact	suggestion	No phone number displayed	Add a direct phone number for enquirers who prefer to call
Penshurst Place & Gardens	https://www.kentvenues.co.uk/venues/penshurst-place-gardens	78	description	suggestion	No guest reviews or testimonials displayed	Collect and display client testimonials to build trust and credibility
Petts Wood Memorial Hall	https://www.kentvenues.co.uk/venues/petts-wood-memorial-hall	20	capacity	critical	No capacity information anywhere on the listing	"Add clear capacity figures: seated capacity, standing/reception capacity, and cabaret/boardroom/theatre layouts for each space"
Petts Wood Memorial Hall	https://www.kentvenues.co.uk/venues/petts-wood-memorial-hall	20	photos	warning	Only 1 photo(s) on the listing	"Add more photos — listings with 5+ images convert significantly better. Cover different spaces, angles, and event set-ups"
Petts Wood Memorial Hall	https://www.kentvenues.co.uk/venues/petts-wood-memorial-hall	20	facilities	critical	No facilities or amenities listed	"Add a complete amenities list: WiFi, AV equipment, heating, air conditioning, kitchen access, etc."
Petts Wood Memorial Hall	https://www.kentvenues.co.uk/venues/petts-wood-memorial-hall	20	parking	warning	No parking information on the listing	"Add parking details: number of spaces, on-site vs nearby, disabled bays, EV charging, and any charges"
Petts Wood Memorial Hall	https://www.kentvenues.co.uk/venues/petts-wood-memorial-hall	20	catering	warning	No catering or food/drink information on the listing	"Clarify catering options: in-house catering, approved caterers list, BYO alcohol policy, and dietary accommodations"
Petts Wood Memorial Hall	https://www.kentvenues.co.uk/venues/petts-wood-memorial-hall	20	accommodation	info	No accommodation details on the listing	"If on-site accommodation exists, add room count, types and pricing. If not, mention nearby hotel options for wedding parties"
Petts Wood Memorial Hall	https://www.kentvenues.co.uk/venues/petts-wood-memorial-hall	20	accessibility	warning	No accessibility information on the listing	"Add accessibility details: wheelchair access, step-free routes, accessible toilets, hearing loops, and accessible parking bays"
Petts Wood Memorial Hall	https://www.kentvenues.co.uk/venues/petts-wood-memorial-hall	20	contact	warning	"Missing social media link(s): Instagram (shown as a dead ""#"" link)"	"Add the venue's Instagram profile URL(s) — the placeholder ""#"" links look broken to visitors"
Petts Wood Memorial Hall	https://www.kentvenues.co.uk/venues/petts-wood-memorial-hall	20	contact	suggestion	No phone number displayed	Add a direct phone number for enquirers who prefer to call
Petts Wood Memorial Hall	https://www.kentvenues.co.uk/venues/petts-wood-memorial-hall	20	description	suggestion	No guest reviews or testimonials displayed	Collect and display client testimonials to build trust and credibility
Petts Wood Memorial Hall	https://www.kentvenues.co.uk/venues/petts-wood-memorial-hall	20	facilities	suggestion	Large venue has no individual rooms/spaces listed	"Break the venue into bookable spaces with individual descriptions, capacities, and photos"
Pierremont Hall	https://www.kentvenues.co.uk/venues/pierremont-hall	28	capacity	critical	No capacity information anywhere on the listing	"Add clear capacity figures: seated capacity, standing/reception capacity, and cabaret/boardroom/theatre layouts for each space"
Pierremont Hall	https://www.kentvenues.co.uk/venues/pierremont-hall	28	photos	suggestion	Only 4 photos — could add more	"Aim for 8-10 photos covering exterior, each main space, and example event set-ups"
Pierremont Hall	https://www.kentvenues.co.uk/venues/pierremont-hall	28	facilities	critical	No facilities or amenities listed	"Add a complete amenities list: WiFi, AV equipment, heating, air conditioning, kitchen access, etc."
Pierremont Hall	https://www.kentvenues.co.uk/venues/pierremont-hall	28	parking	warning	No parking information on the listing	"Add parking details: number of spaces, on-site vs nearby, disabled bays, EV charging, and any charges"
Pierremont Hall	https://www.kentvenues.co.uk/venues/pierremont-hall	28	catering	warning	No catering or food/drink information on the listing	"Clarify catering options: in-house catering, approved caterers list, BYO alcohol policy, and dietary accommodations"
Pierremont Hall	https://www.kentvenues.co.uk/venues/pierremont-hall	28	accommodation	info	No accommodation details on the listing	"If on-site accommodation exists, add room count, types and pricing. If not, mention nearby hotel options for wedding parties"
Pierremont Hall	https://www.kentvenues.co.uk/venues/pierremont-hall	28	accessibility	warning	No accessibility information on the listing	"Add accessibility details: wheelchair access, step-free routes, accessible toilets, hearing loops, and accessible parking bays"
Pierremont Hall	https://www.kentvenues.co.uk/venues/pierremont-hall	28	contact	warning	"Missing social media link(s): Twitter/X (shown as a dead ""#"" link)"	"Add the venue's Twitter/X profile URL(s) — the placeholder ""#"" links look broken to visitors"
Pierremont Hall	https://www.kentvenues.co.uk/venues/pierremont-hall	28	contact	suggestion	No phone number displayed	Add a direct phone number for enquirers who prefer to call
Pierremont Hall	https://www.kentvenues.co.uk/venues/pierremont-hall	28	description	suggestion	No guest reviews or testimonials displayed	Collect and display client testimonials to build trust and credibility
Pines Calyx	https://www.kentvenues.co.uk/venues/pines-calyx	86	facilities	warning	"Only 2 facilities listed (Wifi, Parking)"	"Expand the amenities list to include everything guests would want to know — WiFi, AV, parking, catering options, accessibility features"
Pines Calyx	https://www.kentvenues.co.uk/venues/pines-calyx	86	accommodation	info	No accommodation details on the listing	"If on-site accommodation exists, add room count, types and pricing. If not, mention nearby hotel options for wedding parties"
Pines Calyx	https://www.kentvenues.co.uk/venues/pines-calyx	86	contact	suggestion	No phone number displayed	Add a direct phone number for enquirers who prefer to call
Pines Calyx	https://www.kentvenues.co.uk/venues/pines-calyx	86	description	suggestion	No guest reviews or testimonials displayed	Collect and display client testimonials to build trust and credibility
Polhill Business Centre	https://www.kentvenues.co.uk/venues/polhill-business-centre	44	capacity	critical	No capacity information anywhere on the listing	"Add clear capacity figures: seated capacity, standing/reception capacity, and cabaret/boardroom/theatre layouts for each space"
Polhill Business Centre	https://www.kentvenues.co.uk/venues/polhill-business-centre	44	photos	warning	Only 1 photo(s) on the listing	"Add more photos — listings with 5+ images convert significantly better. Cover different spaces, angles, and event set-ups"
Polhill Business Centre	https://www.kentvenues.co.uk/venues/polhill-business-centre	44	catering	warning	No catering or food/drink information on the listing	"Clarify catering options: in-house catering, approved caterers list, BYO alcohol policy, and dietary accommodations"
Polhill Business Centre	https://www.kentvenues.co.uk/venues/polhill-business-centre	44	accommodation	info	No accommodation details on the listing	"If on-site accommodation exists, add room count, types and pricing. If not, mention nearby hotel options for wedding parties"
Polhill Business Centre	https://www.kentvenues.co.uk/venues/polhill-business-centre	44	accessibility	warning	No accessibility information on the listing	"Add accessibility details: wheelchair access, step-free routes, accessible toilets, hearing loops, and accessible parking bays"
Polhill Business Centre	https://www.kentvenues.co.uk/venues/polhill-business-centre	44	contact	warning	No social media links — all three social icons are unfilled placeholders	"Add the venue's Facebook, Twitter/X and Instagram profile URLs"
Polhill Business Centre	https://www.kentvenues.co.uk/venues/polhill-business-centre	44	contact	suggestion	No phone number displayed	Add a direct phone number for enquirers who prefer to call
Polhill Business Centre	https://www.kentvenues.co.uk/venues/polhill-business-centre	44	description	suggestion	No guest reviews or testimonials displayed	Collect and display client testimonials to build trust and credibility
Port Lympne	https://www.kentvenues.co.uk/venues/port-lympne	98	contact	suggestion	No phone number displayed	Add a direct phone number for enquirers who prefer to call
Port of Dover Cruise Terminals	https://www.kentvenues.co.uk/venues/port-of-dover-cruise-terminals	31	capacity	critical	No capacity information anywhere on the listing	"Add clear capacity figures: seated capacity, standing/reception capacity, and cabaret/boardroom/theatre layouts for each space"
Port of Dover Cruise Terminals	https://www.kentvenues.co.uk/venues/port-of-dover-cruise-terminals	31	photos	warning	Only 1 photo(s) on the listing	"Add more photos — listings with 5+ images convert significantly better. Cover different spaces, angles, and event set-ups"
Port of Dover Cruise Terminals	https://www.kentvenues.co.uk/venues/port-of-dover-cruise-terminals	31	facilities	critical	No facilities or amenities listed	"Add a complete amenities list: WiFi, AV equipment, heating, air conditioning, kitchen access, etc."
Port of Dover Cruise Terminals	https://www.kentvenues.co.uk/venues/port-of-dover-cruise-terminals	31	catering	warning	No catering or food/drink information on the listing	"Clarify catering options: in-house catering, approved caterers list, BYO alcohol policy, and dietary accommodations"
Port of Dover Cruise Terminals	https://www.kentvenues.co.uk/venues/port-of-dover-cruise-terminals	31	accommodation	info	No accommodation details on the listing	"If on-site accommodation exists, add room count, types and pricing. If not, mention nearby hotel options for wedding parties"
Port of Dover Cruise Terminals	https://www.kentvenues.co.uk/venues/port-of-dover-cruise-terminals	31	accessibility	warning	No accessibility information on the listing	"Add accessibility details: wheelchair access, step-free routes, accessible toilets, hearing loops, and accessible parking bays"
Port of Dover Cruise Terminals	https://www.kentvenues.co.uk/venues/port-of-dover-cruise-terminals	31	contact	warning	"Missing social media link(s): Instagram (shown as a dead ""#"" link)"	"Add the venue's Instagram profile URL(s) — the placeholder ""#"" links look broken to visitors"
Port of Dover Cruise Terminals	https://www.kentvenues.co.uk/venues/port-of-dover-cruise-terminals	31	contact	suggestion	No phone number displayed	Add a direct phone number for enquirers who prefer to call
Port of Dover Cruise Terminals	https://www.kentvenues.co.uk/venues/port-of-dover-cruise-terminals	31	description	suggestion	No guest reviews or testimonials displayed	Collect and display client testimonials to build trust and credibility
Poult Wood Golf Centre	https://www.kentvenues.co.uk/venues/poult-wood-golf-centre	54	capacity	critical	No capacity information anywhere on the listing	"Add clear capacity figures: seated capacity, standing/reception capacity, and cabaret/boardroom/theatre layouts for each space"
Poult Wood Golf Centre	https://www.kentvenues.co.uk/venues/poult-wood-golf-centre	54	photos	warning	Only 2 photo(s) on the listing	"Add more photos — listings with 5+ images convert significantly better. Cover different spaces, angles, and event set-ups"
Poult Wood Golf Centre	https://www.kentvenues.co.uk/venues/poult-wood-golf-centre	54	accommodation	info	No accommodation details on the listing	"If on-site accommodation exists, add room count, types and pricing. If not, mention nearby hotel options for wedding parties"
Poult Wood Golf Centre	https://www.kentvenues.co.uk/venues/poult-wood-golf-centre	54	accessibility	warning	No accessibility information on the listing	"Add accessibility details: wheelchair access, step-free routes, accessible toilets, hearing loops, and accessible parking bays"
Poult Wood Golf Centre	https://www.kentvenues.co.uk/venues/poult-wood-golf-centre	54	contact	warning	"Missing social media link(s): Instagram (shown as a dead ""#"" link)"	"Add the venue's Instagram profile URL(s) — the placeholder ""#"" links look broken to visitors"
Poult Wood Golf Centre	https://www.kentvenues.co.uk/venues/poult-wood-golf-centre	54	contact	suggestion	No phone number displayed	Add a direct phone number for enquirers who prefer to call
Poult Wood Golf Centre	https://www.kentvenues.co.uk/venues/poult-wood-golf-centre	54	description	suggestion	No guest reviews or testimonials displayed	Collect and display client testimonials to build trust and credibility
Premier Inn Gravesend Central	https://www.kentvenues.co.uk/venues/premier-inn-gravesend-central	12	description	warning	Description is very short (98 characters)	"Expand the description to at least 200 characters covering key details like venue style, setting, and ideal event types"
Premier Inn Gravesend Central	https://www.kentvenues.co.uk/venues/premier-inn-gravesend-central	12	capacity	critical	No capacity information anywhere on the listing	"Add clear capacity figures: seated capacity, standing/reception capacity, and cabaret/boardroom/theatre layouts for each space"
Premier Inn Gravesend Central	https://www.kentvenues.co.uk/venues/premier-inn-gravesend-central	12	photos	suggestion	Only 3 photos — could add more	"Aim for 8-10 photos covering exterior, each main space, and example event set-ups"
Premier Inn Gravesend Central	https://www.kentvenues.co.uk/venues/premier-inn-gravesend-central	12	facilities	critical	No facilities or amenities listed	"Add a complete amenities list: WiFi, AV equipment, heating, air conditioning, kitchen access, etc."
Premier Inn Gravesend Central	https://www.kentvenues.co.uk/venues/premier-inn-gravesend-central	12	parking	warning	No parking information on the listing	"Add parking details: number of spaces, on-site vs nearby, disabled bays, EV charging, and any charges"
Premier Inn Gravesend Central	https://www.kentvenues.co.uk/venues/premier-inn-gravesend-central	12	catering	warning	No catering or food/drink information on the listing	"Clarify catering options: in-house catering, approved caterers list, BYO alcohol policy, and dietary accommodations"
Premier Inn Gravesend Central	https://www.kentvenues.co.uk/venues/premier-inn-gravesend-central	12	accommodation	info	No accommodation details on the listing	"If on-site accommodation exists, add room count, types and pricing. If not, mention nearby hotel options for wedding parties"
Premier Inn Gravesend Central	https://www.kentvenues.co.uk/venues/premier-inn-gravesend-central	12	accessibility	warning	No accessibility information on the listing	"Add accessibility details: wheelchair access, step-free routes, accessible toilets, hearing loops, and accessible parking bays"
Premier Inn Gravesend Central	https://www.kentvenues.co.uk/venues/premier-inn-gravesend-central	12	contact	warning	No contact email address behind the enquiry form	Set the venue's enquiry email so the contact form reaches the venue (currently enquirers can only use the site-wide form)
Premier Inn Gravesend Central	https://www.kentvenues.co.uk/venues/premier-inn-gravesend-central	12	contact	suggestion	No phone number displayed	Add a direct phone number for enquirers who prefer to call
Premier Inn Gravesend Central	https://www.kentvenues.co.uk/venues/premier-inn-gravesend-central	12	description	suggestion	No guest reviews or testimonials displayed	Collect and display client testimonials to build trust and credibility
Premier Inn Maidstone - A26 Wateringbury	https://www.kentvenues.co.uk/venues/premier-inn-maidstone-a26-wateringbury	40	description	warning	Description could be more detailed (162 characters)	"Consider adding more details about the venue's atmosphere, capacity ranges, and unique features"
Premier Inn Maidstone - A26 Wateringbury	https://www.kentvenues.co.uk/venues/premier-inn-maidstone-a26-wateringbury	40	capacity	critical	No capacity information anywhere on the listing	"Add clear capacity figures: seated capacity, standing/reception capacity, and cabaret/boardroom/theatre layouts for each space"
Premier Inn Maidstone - A26 Wateringbury	https://www.kentvenues.co.uk/venues/premier-inn-maidstone-a26-wateringbury	40	photos	warning	Only 2 photo(s) on the listing	"Add more photos — listings with 5+ images convert significantly better. Cover different spaces, angles, and event set-ups"
Premier Inn Maidstone - A26 Wateringbury	https://www.kentvenues.co.uk/venues/premier-inn-maidstone-a26-wateringbury	40	facilities	warning	"Only 2 facilities listed (Wifi, Parking)"	"Expand the amenities list to include everything guests would want to know — WiFi, AV, parking, catering options, accessibility features"
Premier Inn Maidstone - A26 Wateringbury	https://www.kentvenues.co.uk/venues/premier-inn-maidstone-a26-wateringbury	40	catering	warning	No catering or food/drink information on the listing	"Clarify catering options: in-house catering, approved caterers list, BYO alcohol policy, and dietary accommodations"
Premier Inn Maidstone - A26 Wateringbury	https://www.kentvenues.co.uk/venues/premier-inn-maidstone-a26-wateringbury	40	accessibility	warning	No accessibility information on the listing	"Add accessibility details: wheelchair access, step-free routes, accessible toilets, hearing loops, and accessible parking bays"
Premier Inn Maidstone - A26 Wateringbury	https://www.kentvenues.co.uk/venues/premier-inn-maidstone-a26-wateringbury	40	contact	warning	"Missing social media link(s): Twitter/X, Instagram (shown as a dead ""#"" link)"	"Add the venue's Twitter/X and Instagram profile URL(s) — the placeholder ""#"" links look broken to visitors"
Premier Inn Maidstone - A26 Wateringbury	https://www.kentvenues.co.uk/venues/premier-inn-maidstone-a26-wateringbury	40	contact	suggestion	No phone number displayed	Add a direct phone number for enquirers who prefer to call
Premier Inn Maidstone - A26 Wateringbury	https://www.kentvenues.co.uk/venues/premier-inn-maidstone-a26-wateringbury	40	description	suggestion	No guest reviews or testimonials displayed	Collect and display client testimonials to build trust and credibility
Preston Court	https://www.kentvenues.co.uk/venues/preston-court	32	description	warning	Description could be more detailed (193 characters)	"Consider adding more details about the venue's atmosphere, capacity ranges, and unique features"
Preston Court	https://www.kentvenues.co.uk/venues/preston-court	32	capacity	critical	No capacity information anywhere on the listing	"Add clear capacity figures: seated capacity, standing/reception capacity, and cabaret/boardroom/theatre layouts for each space"
Preston Court	https://www.kentvenues.co.uk/venues/preston-court	32	facilities	critical	No facilities or amenities listed	"Add a complete amenities list: WiFi, AV equipment, heating, air conditioning, kitchen access, etc."
Preston Court	https://www.kentvenues.co.uk/venues/preston-court	32	parking	warning	No parking information on the listing	"Add parking details: number of spaces, on-site vs nearby, disabled bays, EV charging, and any charges"
Preston Court	https://www.kentvenues.co.uk/venues/preston-court	32	catering	warning	No catering or food/drink information on the listing	"Clarify catering options: in-house catering, approved caterers list, BYO alcohol policy, and dietary accommodations"
Preston Court	https://www.kentvenues.co.uk/venues/preston-court	32	accommodation	info	No accommodation details on the listing	"If on-site accommodation exists, add room count, types and pricing. If not, mention nearby hotel options for wedding parties"
Preston Court	https://www.kentvenues.co.uk/venues/preston-court	32	accessibility	warning	No accessibility information on the listing	"Add accessibility details: wheelchair access, step-free routes, accessible toilets, hearing loops, and accessible parking bays"
Preston Court	https://www.kentvenues.co.uk/venues/preston-court	32	contact	suggestion	No phone number displayed	Add a direct phone number for enquirers who prefer to call
Preston Court	https://www.kentvenues.co.uk/venues/preston-court	32	description	suggestion	No guest reviews or testimonials displayed	Collect and display client testimonials to build trust and credibility
Priestfield Stadium	https://www.kentvenues.co.uk/venues/priestfield-stadium	53	photos	warning	Only 1 photo(s) on the listing	"Add more photos — listings with 5+ images convert significantly better. Cover different spaces, angles, and event set-ups"
Priestfield Stadium	https://www.kentvenues.co.uk/venues/priestfield-stadium	53	facilities	critical	No facilities or amenities listed	"Add a complete amenities list: WiFi, AV equipment, heating, air conditioning, kitchen access, etc."
Priestfield Stadium	https://www.kentvenues.co.uk/venues/priestfield-stadium	53	parking	warning	No parking information on the listing	"Add parking details: number of spaces, on-site vs nearby, disabled bays, EV charging, and any charges"
Priestfield Stadium	https://www.kentvenues.co.uk/venues/priestfield-stadium	53	contact	warning	No social media links — all three social icons are unfilled placeholders	"Add the venue's Facebook, Twitter/X and Instagram profile URLs"
Priestfield Stadium	https://www.kentvenues.co.uk/venues/priestfield-stadium	53	contact	suggestion	No venue website link on the listing	Embed or link the venue's own website so visitors can research further
Priestfield Stadium	https://www.kentvenues.co.uk/venues/priestfield-stadium	53	contact	suggestion	No phone number displayed	Add a direct phone number for enquirers who prefer to call
Priestfield Stadium	https://www.kentvenues.co.uk/venues/priestfield-stadium	53	description	suggestion	No guest reviews or testimonials displayed	Collect and display client testimonials to build trust and credibility
Prince's Golf Club	https://www.kentvenues.co.uk/venues/princes-golf-club	67	capacity	critical	No capacity information anywhere on the listing	"Add clear capacity figures: seated capacity, standing/reception capacity, and cabaret/boardroom/theatre layouts for each space"
Prince's Golf Club	https://www.kentvenues.co.uk/venues/princes-golf-club	67	photos	suggestion	Only 3 photos — could add more	"Aim for 8-10 photos covering exterior, each main space, and example event set-ups"
Prince's Golf Club	https://www.kentvenues.co.uk/venues/princes-golf-club	67	accessibility	warning	No accessibility information on the listing	"Add accessibility details: wheelchair access, step-free routes, accessible toilets, hearing loops, and accessible parking bays"
Prince's Golf Club	https://www.kentvenues.co.uk/venues/princes-golf-club	67	contact	suggestion	No phone number displayed	Add a direct phone number for enquirers who prefer to call
Prince's Golf Club	https://www.kentvenues.co.uk/venues/princes-golf-club	67	description	suggestion	No guest reviews or testimonials displayed	Collect and display client testimonials to build trust and credibility
Protect Kent	https://www.kentvenues.co.uk/venues/protect-kent	71	photos	critical	No photographs on the listing	"Add a minimum of 5 high-quality photographs showing the venue exterior, main spaces, and set-up examples"
Protect Kent	https://www.kentvenues.co.uk/venues/protect-kent	71	contact	warning	"Missing social media link(s): Instagram (shown as a dead ""#"" link)"	"Add the venue's Instagram profile URL(s) — the placeholder ""#"" links look broken to visitors"
Protect Kent	https://www.kentvenues.co.uk/venues/protect-kent	71	contact	suggestion	No phone number displayed	Add a direct phone number for enquirers who prefer to call
Protect Kent	https://www.kentvenues.co.uk/venues/protect-kent	71	description	suggestion	No guest reviews or testimonials displayed	Collect and display client testimonials to build trust and credibility
Quarterhouse	https://www.kentvenues.co.uk/venues/quarterhouse-2	44	photos	critical	No photographs on the listing	"Add a minimum of 5 high-quality photographs showing the venue exterior, main spaces, and set-up examples"
Quarterhouse	https://www.kentvenues.co.uk/venues/quarterhouse-2	44	facilities	critical	No facilities or amenities listed	"Add a complete amenities list: WiFi, AV equipment, heating, air conditioning, kitchen access, etc."
Quarterhouse	https://www.kentvenues.co.uk/venues/quarterhouse-2	44	parking	warning	No parking information on the listing	"Add parking details: number of spaces, on-site vs nearby, disabled bays, EV charging, and any charges"
Quarterhouse	https://www.kentvenues.co.uk/venues/quarterhouse-2	44	accessibility	warning	No accessibility information on the listing	"Add accessibility details: wheelchair access, step-free routes, accessible toilets, hearing loops, and accessible parking bays"
Quarterhouse	https://www.kentvenues.co.uk/venues/quarterhouse-2	44	contact	suggestion	No phone number displayed	Add a direct phone number for enquirers who prefer to call
Quarterhouse	https://www.kentvenues.co.uk/venues/quarterhouse-2	44	description	suggestion	No guest reviews or testimonials displayed	Collect and display client testimonials to build trust and credibility
Qube Dover	https://www.kentvenues.co.uk/venues/qube-dover	36	capacity	critical	No capacity information anywhere on the listing	"Add clear capacity figures: seated capacity, standing/reception capacity, and cabaret/boardroom/theatre layouts for each space"
Qube Dover	https://www.kentvenues.co.uk/venues/qube-dover	36	photos	suggestion	Only 3 photos — could add more	"Aim for 8-10 photos covering exterior, each main space, and example event set-ups"
Qube Dover	https://www.kentvenues.co.uk/venues/qube-dover	36	facilities	critical	No facilities or amenities listed	"Add a complete amenities list: WiFi, AV equipment, heating, air conditioning, kitchen access, etc."
Qube Dover	https://www.kentvenues.co.uk/venues/qube-dover	36	parking	warning	No parking information on the listing	"Add parking details: number of spaces, on-site vs nearby, disabled bays, EV charging, and any charges"
Qube Dover	https://www.kentvenues.co.uk/venues/qube-dover	36	accommodation	info	No accommodation details on the listing	"If on-site accommodation exists, add room count, types and pricing. If not, mention nearby hotel options for wedding parties"
Qube Dover	https://www.kentvenues.co.uk/venues/qube-dover	36	accessibility	warning	No accessibility information on the listing	"Add accessibility details: wheelchair access, step-free routes, accessible toilets, hearing loops, and accessible parking bays"
Qube Dover	https://www.kentvenues.co.uk/venues/qube-dover	36	contact	warning	"Missing social media link(s): Instagram (shown as a dead ""#"" link)"	"Add the venue's Instagram profile URL(s) — the placeholder ""#"" links look broken to visitors"
Qube Dover	https://www.kentvenues.co.uk/venues/qube-dover	36	contact	suggestion	No phone number displayed	Add a direct phone number for enquirers who prefer to call
Qube Dover	https://www.kentvenues.co.uk/venues/qube-dover	36	description	suggestion	No guest reviews or testimonials displayed	Collect and display client testimonials to build trust and credibility
Queens Head Kingsnorth	https://www.kentvenues.co.uk/venues/queens-head-kingsnorth	59	capacity	critical	No capacity information anywhere on the listing	"Add clear capacity figures: seated capacity, standing/reception capacity, and cabaret/boardroom/theatre layouts for each space"
Queens Head Kingsnorth	https://www.kentvenues.co.uk/venues/queens-head-kingsnorth	59	photos	suggestion	Only 4 photos — could add more	"Aim for 8-10 photos covering exterior, each main space, and example event set-ups"
Queens Head Kingsnorth	https://www.kentvenues.co.uk/venues/queens-head-kingsnorth	59	parking	warning	No parking information on the listing	"Add parking details: number of spaces, on-site vs nearby, disabled bays, EV charging, and any charges"
Queens Head Kingsnorth	https://www.kentvenues.co.uk/venues/queens-head-kingsnorth	59	accommodation	info	No accommodation details on the listing	"If on-site accommodation exists, add room count, types and pricing. If not, mention nearby hotel options for wedding parties"
Queens Head Kingsnorth	https://www.kentvenues.co.uk/venues/queens-head-kingsnorth	59	contact	warning	"Missing social media link(s): Instagram (shown as a dead ""#"" link)"	"Add the venue's Instagram profile URL(s) — the placeholder ""#"" links look broken to visitors"
Queens Head Kingsnorth	https://www.kentvenues.co.uk/venues/queens-head-kingsnorth	59	contact	suggestion	No phone number displayed	Add a direct phone number for enquirers who prefer to call
Queens Head Kingsnorth	https://www.kentvenues.co.uk/venues/queens-head-kingsnorth	59	description	suggestion	No guest reviews or testimonials displayed	Collect and display client testimonials to build trust and credibility
Quex House	https://www.kentvenues.co.uk/venues/quex-house	28	capacity	critical	No capacity information anywhere on the listing	"Add clear capacity figures: seated capacity, standing/reception capacity, and cabaret/boardroom/theatre layouts for each space"
Quex House	https://www.kentvenues.co.uk/venues/quex-house	28	photos	suggestion	Only 3 photos — could add more	"Aim for 8-10 photos covering exterior, each main space, and example event set-ups"
Quex House	https://www.kentvenues.co.uk/venues/quex-house	28	facilities	critical	No facilities or amenities listed	"Add a complete amenities list: WiFi, AV equipment, heating, air conditioning, kitchen access, etc."
Quex House	https://www.kentvenues.co.uk/venues/quex-house	28	parking	warning	No parking information on the listing	"Add parking details: number of spaces, on-site vs nearby, disabled bays, EV charging, and any charges"
Quex House	https://www.kentvenues.co.uk/venues/quex-house	28	catering	warning	No catering or food/drink information on the listing	"Clarify catering options: in-house catering, approved caterers list, BYO alcohol policy, and dietary accommodations"
Quex House	https://www.kentvenues.co.uk/venues/quex-house	28	accommodation	info	No accommodation details on the listing	"If on-site accommodation exists, add room count, types and pricing. If not, mention nearby hotel options for wedding parties"
Quex House	https://www.kentvenues.co.uk/venues/quex-house	28	accessibility	warning	No accessibility information on the listing	"Add accessibility details: wheelchair access, step-free routes, accessible toilets, hearing loops, and accessible parking bays"
Quex House	https://www.kentvenues.co.uk/venues/quex-house	28	contact	warning	"Missing social media link(s): Twitter/X, Instagram (shown as a dead ""#"" link)"	"Add the venue's Twitter/X and Instagram profile URL(s) — the placeholder ""#"" links look broken to visitors"
Quex House	https://www.kentvenues.co.uk/venues/quex-house	28	contact	suggestion	No phone number displayed	Add a direct phone number for enquirers who prefer to call
Quex House	https://www.kentvenues.co.uk/venues/quex-house	28	description	suggestion	No guest reviews or testimonials displayed	Collect and display client testimonials to build trust and credibility
"Quex Museum, House & Gardens"	https://www.kentvenues.co.uk/venues/quex-museum-house-gardens	53	capacity	critical	No capacity information anywhere on the listing	"Add clear capacity figures: seated capacity, standing/reception capacity, and cabaret/boardroom/theatre layouts for each space"
"Quex Museum, House & Gardens"	https://www.kentvenues.co.uk/venues/quex-museum-house-gardens	53	photos	warning	Only 2 photo(s) on the listing	"Add more photos — listings with 5+ images convert significantly better. Cover different spaces, angles, and event set-ups"
"Quex Museum, House & Gardens"	https://www.kentvenues.co.uk/venues/quex-museum-house-gardens	53	facilities	warning	Only 1 facilities listed (Parking)	"Expand the amenities list to include everything guests would want to know — WiFi, AV, parking, catering options, accessibility features"
"Quex Museum, House & Gardens"	https://www.kentvenues.co.uk/venues/quex-museum-house-gardens	53	accommodation	info	No accommodation details on the listing	"If on-site accommodation exists, add room count, types and pricing. If not, mention nearby hotel options for wedding parties"
"Quex Museum, House & Gardens"	https://www.kentvenues.co.uk/venues/quex-museum-house-gardens	53	accessibility	warning	No accessibility information on the listing	"Add accessibility details: wheelchair access, step-free routes, accessible toilets, hearing loops, and accessible parking bays"
"Quex Museum, House & Gardens"	https://www.kentvenues.co.uk/venues/quex-museum-house-gardens	53	contact	suggestion	No phone number displayed	Add a direct phone number for enquirers who prefer to call
"Quex Museum, House & Gardens"	https://www.kentvenues.co.uk/venues/quex-museum-house-gardens	53	description	suggestion	No guest reviews or testimonials displayed	Collect and display client testimonials to build trust and credibility
Radnor Arms Folkestone	https://www.kentvenues.co.uk/venues/radnor-arms-folkestone	41	capacity	critical	No capacity information anywhere on the listing	"Add clear capacity figures: seated capacity, standing/reception capacity, and cabaret/boardroom/theatre layouts for each space"
Radnor Arms Folkestone	https://www.kentvenues.co.uk/venues/radnor-arms-folkestone	41	facilities	critical	No facilities or amenities listed	"Add a complete amenities list: WiFi, AV equipment, heating, air conditioning, kitchen access, etc."
Radnor Arms Folkestone	https://www.kentvenues.co.uk/venues/radnor-arms-folkestone	41	parking	warning	No parking information on the listing	"Add parking details: number of spaces, on-site vs nearby, disabled bays, EV charging, and any charges"
Radnor Arms Folkestone	https://www.kentvenues.co.uk/venues/radnor-arms-folkestone	41	accommodation	info	No accommodation details on the listing	"If on-site accommodation exists, add room count, types and pricing. If not, mention nearby hotel options for wedding parties"
Radnor Arms Folkestone	https://www.kentvenues.co.uk/venues/radnor-arms-folkestone	41	accessibility	warning	No accessibility information on the listing	"Add accessibility details: wheelchair access, step-free routes, accessible toilets, hearing loops, and accessible parking bays"
Radnor Arms Folkestone	https://www.kentvenues.co.uk/venues/radnor-arms-folkestone	41	contact	warning	"Missing social media link(s): Twitter/X (shown as a dead ""#"" link)"	"Add the venue's Twitter/X profile URL(s) — the placeholder ""#"" links look broken to visitors"
Radnor Arms Folkestone	https://www.kentvenues.co.uk/venues/radnor-arms-folkestone	41	contact	suggestion	No phone number displayed	Add a direct phone number for enquirers who prefer to call
Radnor Arms Folkestone	https://www.kentvenues.co.uk/venues/radnor-arms-folkestone	41	description	suggestion	No guest reviews or testimonials displayed	Collect and display client testimonials to build trust and credibility
Reach Court Farm	https://www.kentvenues.co.uk/venues/reach-court-farm	37	capacity	critical	No capacity information anywhere on the listing	"Add clear capacity figures: seated capacity, standing/reception capacity, and cabaret/boardroom/theatre layouts for each space"
Reach Court Farm	https://www.kentvenues.co.uk/venues/reach-court-farm	37	facilities	critical	No facilities or amenities listed	"Add a complete amenities list: WiFi, AV equipment, heating, air conditioning, kitchen access, etc."
Reach Court Farm	https://www.kentvenues.co.uk/venues/reach-court-farm	37	parking	warning	No parking information on the listing	"Add parking details: number of spaces, on-site vs nearby, disabled bays, EV charging, and any charges"
Reach Court Farm	https://www.kentvenues.co.uk/venues/reach-court-farm	37	catering	warning	No catering or food/drink information on the listing	"Clarify catering options: in-house catering, approved caterers list, BYO alcohol policy, and dietary accommodations"
Reach Court Farm	https://www.kentvenues.co.uk/venues/reach-court-farm	37	accommodation	info	No accommodation details on the listing	"If on-site accommodation exists, add room count, types and pricing. If not, mention nearby hotel options for wedding parties"
Reach Court Farm	https://www.kentvenues.co.uk/venues/reach-court-farm	37	accessibility	warning	No accessibility information on the listing	"Add accessibility details: wheelchair access, step-free routes, accessible toilets, hearing loops, and accessible parking bays"
Reach Court Farm	https://www.kentvenues.co.uk/venues/reach-court-farm	37	contact	suggestion	No phone number displayed	Add a direct phone number for enquirers who prefer to call
Reach Court Farm	https://www.kentvenues.co.uk/venues/reach-court-farm	37	description	suggestion	No guest reviews or testimonials displayed	Collect and display client testimonials to build trust and credibility
Reads Restaurant	https://www.kentvenues.co.uk/venues/reads-restaurant	58	photos	warning	Only 2 photo(s) on the listing	"Add more photos — listings with 5+ images convert significantly better. Cover different spaces, angles, and event set-ups"
Reads Restaurant	https://www.kentvenues.co.uk/venues/reads-restaurant	58	facilities	warning	"Only 2 facilities listed (Accommodation, Restaurant)"	"Expand the amenities list to include everything guests would want to know — WiFi, AV, parking, catering options, accessibility features"
Reads Restaurant	https://www.kentvenues.co.uk/venues/reads-restaurant	58	parking	warning	No parking information on the listing	"Add parking details: number of spaces, on-site vs nearby, disabled bays, EV charging, and any charges"
Reads Restaurant	https://www.kentvenues.co.uk/venues/reads-restaurant	58	accessibility	warning	No accessibility information on the listing	"Add accessibility details: wheelchair access, step-free routes, accessible toilets, hearing loops, and accessible parking bays"
Reads Restaurant	https://www.kentvenues.co.uk/venues/reads-restaurant	58	contact	warning	No social media links — all three social icons are unfilled placeholders	"Add the venue's Facebook, Twitter/X and Instagram profile URLs"
Reads Restaurant	https://www.kentvenues.co.uk/venues/reads-restaurant	58	contact	suggestion	No phone number displayed	Add a direct phone number for enquirers who prefer to call
Reads Restaurant	https://www.kentvenues.co.uk/venues/reads-restaurant	58	description	suggestion	No guest reviews or testimonials displayed	Collect and display client testimonials to build trust and credibility
Red Lion Hotel	https://www.kentvenues.co.uk/venues/red-lion-hotel	58	capacity	critical	No capacity information anywhere on the listing	"Add clear capacity figures: seated capacity, standing/reception capacity, and cabaret/boardroom/theatre layouts for each space"
Red Lion Hotel	https://www.kentvenues.co.uk/venues/red-lion-hotel	58	parking	warning	No parking information on the listing	"Add parking details: number of spaces, on-site vs nearby, disabled bays, EV charging, and any charges"
Red Lion Hotel	https://www.kentvenues.co.uk/venues/red-lion-hotel	58	accessibility	warning	No accessibility information on the listing	"Add accessibility details: wheelchair access, step-free routes, accessible toilets, hearing loops, and accessible parking bays"
Red Lion Hotel	https://www.kentvenues.co.uk/venues/red-lion-hotel	58	contact	warning	No social media links — all three social icons are unfilled placeholders	"Add the venue's Facebook, Twitter/X and Instagram profile URLs"
Red Lion Hotel	https://www.kentvenues.co.uk/venues/red-lion-hotel	58	contact	suggestion	No phone number displayed	Add a direct phone number for enquirers who prefer to call
Red Lion Hotel	https://www.kentvenues.co.uk/venues/red-lion-hotel	58	description	suggestion	No guest reviews or testimonials displayed	Collect and display client testimonials to build trust and credibility
Redlibbets Golf & Country Club	https://www.kentvenues.co.uk/venues/redlibbets-golf-country-club	48	photos	suggestion	Only 4 photos — could add more	"Aim for 8-10 photos covering exterior, each main space, and example event set-ups"
Redlibbets Golf & Country Club	https://www.kentvenues.co.uk/venues/redlibbets-golf-country-club	48	facilities	critical	No facilities or amenities listed	"Add a complete amenities list: WiFi, AV equipment, heating, air conditioning, kitchen access, etc."
Redlibbets Golf & Country Club	https://www.kentvenues.co.uk/venues/redlibbets-golf-country-club	48	parking	warning	No parking information on the listing	"Add parking details: number of spaces, on-site vs nearby, disabled bays, EV charging, and any charges"
Redlibbets Golf & Country Club	https://www.kentvenues.co.uk/venues/redlibbets-golf-country-club	48	catering	warning	No catering or food/drink information on the listing	"Clarify catering options: in-house catering, approved caterers list, BYO alcohol policy, and dietary accommodations"
Redlibbets Golf & Country Club	https://www.kentvenues.co.uk/venues/redlibbets-golf-country-club	48	accessibility	warning	No accessibility information on the listing	"Add accessibility details: wheelchair access, step-free routes, accessible toilets, hearing loops, and accessible parking bays"
Redlibbets Golf & Country Club	https://www.kentvenues.co.uk/venues/redlibbets-golf-country-club	48	contact	suggestion	No phone number displayed	Add a direct phone number for enquirers who prefer to call
Redlibbets Golf & Country Club	https://www.kentvenues.co.uk/venues/redlibbets-golf-country-club	48	description	suggestion	No guest reviews or testimonials displayed	Collect and display client testimonials to build trust and credibility
Redlibbets Golf & Country Club	https://www.kentvenues.co.uk/venues/redlibbets-golf-country-club	48	facilities	suggestion	Large venue has no individual rooms/spaces listed	"Break the venue into bookable spaces with individual descriptions, capacities, and photos"
Regus Dartford	https://www.kentvenues.co.uk/venues/regus-dartford	13	capacity	critical	No capacity information anywhere on the listing	"Add clear capacity figures: seated capacity, standing/reception capacity, and cabaret/boardroom/theatre layouts for each space"
Regus Dartford	https://www.kentvenues.co.uk/venues/regus-dartford	13	photos	warning	Only 2 photo(s) on the listing	"Add more photos — listings with 5+ images convert significantly better. Cover different spaces, angles, and event set-ups"
Regus Dartford	https://www.kentvenues.co.uk/venues/regus-dartford	13	facilities	critical	No facilities or amenities listed	"Add a complete amenities list: WiFi, AV equipment, heating, air conditioning, kitchen access, etc."
Regus Dartford	https://www.kentvenues.co.uk/venues/regus-dartford	13	parking	warning	No parking information on the listing	"Add parking details: number of spaces, on-site vs nearby, disabled bays, EV charging, and any charges"
Regus Dartford	https://www.kentvenues.co.uk/venues/regus-dartford	13	catering	warning	No catering or food/drink information on the listing	"Clarify catering options: in-house catering, approved caterers list, BYO alcohol policy, and dietary accommodations"
Regus Dartford	https://www.kentvenues.co.uk/venues/regus-dartford	13	accommodation	info	No accommodation details on the listing	"If on-site accommodation exists, add room count, types and pricing. If not, mention nearby hotel options for wedding parties"
Regus Dartford	https://www.kentvenues.co.uk/venues/regus-dartford	13	accessibility	warning	No accessibility information on the listing	"Add accessibility details: wheelchair access, step-free routes, accessible toilets, hearing loops, and accessible parking bays"
Regus Dartford	https://www.kentvenues.co.uk/venues/regus-dartford	13	contact	warning	No contact email address behind the enquiry form	Set the venue's enquiry email so the contact form reaches the venue (currently enquirers can only use the site-wide form)
Regus Dartford	https://www.kentvenues.co.uk/venues/regus-dartford	13	contact	warning	"Missing social media link(s): Instagram (shown as a dead ""#"" link)"	"Add the venue's Instagram profile URL(s) — the placeholder ""#"" links look broken to visitors"
Regus Dartford	https://www.kentvenues.co.uk/venues/regus-dartford	13	contact	suggestion	No phone number displayed	Add a direct phone number for enquirers who prefer to call
Regus Dartford	https://www.kentvenues.co.uk/venues/regus-dartford	13	description	suggestion	No guest reviews or testimonials displayed	Collect and display client testimonials to build trust and credibility
Regus Express Clacket Lane	https://www.kentvenues.co.uk/venues/regus-express-clacket-lane	21	capacity	critical	No capacity information anywhere on the listing	"Add clear capacity figures: seated capacity, standing/reception capacity, and cabaret/boardroom/theatre layouts for each space"
Regus Express Clacket Lane	https://www.kentvenues.co.uk/venues/regus-express-clacket-lane	21	photos	critical	No photographs on the listing	"Add a minimum of 5 high-quality photographs showing the venue exterior, main spaces, and set-up examples"
Regus Express Clacket Lane	https://www.kentvenues.co.uk/venues/regus-express-clacket-lane	21	facilities	warning	"Only 2 facilities listed (Screen, Wifi)"	"Expand the amenities list to include everything guests would want to know — WiFi, AV, parking, catering options, accessibility features"
Regus Express Clacket Lane	https://www.kentvenues.co.uk/venues/regus-express-clacket-lane	21	parking	warning	No parking information on the listing	"Add parking details: number of spaces, on-site vs nearby, disabled bays, EV charging, and any charges"
Regus Express Clacket Lane	https://www.kentvenues.co.uk/venues/regus-express-clacket-lane	21	catering	warning	No catering or food/drink information on the listing	"Clarify catering options: in-house catering, approved caterers list, BYO alcohol policy, and dietary accommodations"
Regus Express Clacket Lane	https://www.kentvenues.co.uk/venues/regus-express-clacket-lane	21	accommodation	info	No accommodation details on the listing	"If on-site accommodation exists, add room count, types and pricing. If not, mention nearby hotel options for wedding parties"
Regus Express Clacket Lane	https://www.kentvenues.co.uk/venues/regus-express-clacket-lane	21	accessibility	warning	No accessibility information on the listing	"Add accessibility details: wheelchair access, step-free routes, accessible toilets, hearing loops, and accessible parking bays"
Regus Express Clacket Lane	https://www.kentvenues.co.uk/venues/regus-express-clacket-lane	21	contact	warning	No social media links — all three social icons are unfilled placeholders	"Add the venue's Facebook, Twitter/X and Instagram profile URLs"
Regus Express Clacket Lane	https://www.kentvenues.co.uk/venues/regus-express-clacket-lane	21	contact	suggestion	No phone number displayed	Add a direct phone number for enquirers who prefer to call
Regus Express Clacket Lane	https://www.kentvenues.co.uk/venues/regus-express-clacket-lane	21	description	suggestion	No guest reviews or testimonials displayed	Collect and display client testimonials to build trust and credibility
Rianos	https://www.kentvenues.co.uk/venues/rianos	86	contact	warning	No social media links — all three social icons are unfilled placeholders	"Add the venue's Facebook, Twitter/X and Instagram profile URLs"
Rianos	https://www.kentvenues.co.uk/venues/rianos	86	contact	suggestion	No venue website link on the listing	Embed or link the venue's own website so visitors can research further
Rianos	https://www.kentvenues.co.uk/venues/rianos	86	contact	suggestion	No phone number displayed	Add a direct phone number for enquirers who prefer to call
Rianos	https://www.kentvenues.co.uk/venues/rianos	86	description	suggestion	No guest reviews or testimonials displayed	Collect and display client testimonials to build trust and credibility
Ripley Arts Centre	https://www.kentvenues.co.uk/venues/ripley-arts-centre	23	capacity	critical	No capacity information anywhere on the listing	"Add clear capacity figures: seated capacity, standing/reception capacity, and cabaret/boardroom/theatre layouts for each space"
Ripley Arts Centre	https://www.kentvenues.co.uk/venues/ripley-arts-centre	23	photos	warning	Only 1 photo(s) on the listing	"Add more photos — listings with 5+ images convert significantly better. Cover different spaces, angles, and event set-ups"
Ripley Arts Centre	https://www.kentvenues.co.uk/venues/ripley-arts-centre	23	facilities	critical	No facilities or amenities listed	"Add a complete amenities list: WiFi, AV equipment, heating, air conditioning, kitchen access, etc."
Ripley Arts Centre	https://www.kentvenues.co.uk/venues/ripley-arts-centre	23	parking	warning	No parking information on the listing	"Add parking details: number of spaces, on-site vs nearby, disabled bays, EV charging, and any charges"
Ripley Arts Centre	https://www.kentvenues.co.uk/venues/ripley-arts-centre	23	catering	warning	No catering or food/drink information on the listing	"Clarify catering options: in-house catering, approved caterers list, BYO alcohol policy, and dietary accommodations"
Ripley Arts Centre	https://www.kentvenues.co.uk/venues/ripley-arts-centre	23	accommodation	info	No accommodation details on the listing	"If on-site accommodation exists, add room count, types and pricing. If not, mention nearby hotel options for wedding parties"
Ripley Arts Centre	https://www.kentvenues.co.uk/venues/ripley-arts-centre	23	accessibility	warning	No accessibility information on the listing	"Add accessibility details: wheelchair access, step-free routes, accessible toilets, hearing loops, and accessible parking bays"
Ripley Arts Centre	https://www.kentvenues.co.uk/venues/ripley-arts-centre	23	contact	warning	"Missing social media link(s): Twitter/X, Instagram (shown as a dead ""#"" link)"	"Add the venue's Twitter/X and Instagram profile URL(s) — the placeholder ""#"" links look broken to visitors"
Ripley Arts Centre	https://www.kentvenues.co.uk/venues/ripley-arts-centre	23	contact	suggestion	No phone number displayed	Add a direct phone number for enquirers who prefer to call
Ripley Arts Centre	https://www.kentvenues.co.uk/venues/ripley-arts-centre	23	description	suggestion	No guest reviews or testimonials displayed	Collect and display client testimonials to build trust and credibility
The River Centre	https://www.kentvenues.co.uk/venues/river-centre	28	photos	critical	No photographs on the listing	"Add a minimum of 5 high-quality photographs showing the venue exterior, main spaces, and set-up examples"
The River Centre	https://www.kentvenues.co.uk/venues/river-centre	28	facilities	critical	No facilities or amenities listed	"Add a complete amenities list: WiFi, AV equipment, heating, air conditioning, kitchen access, etc."
The River Centre	https://www.kentvenues.co.uk/venues/river-centre	28	parking	warning	No parking information on the listing	"Add parking details: number of spaces, on-site vs nearby, disabled bays, EV charging, and any charges"
The River Centre	https://www.kentvenues.co.uk/venues/river-centre	28	catering	warning	No catering or food/drink information on the listing	"Clarify catering options: in-house catering, approved caterers list, BYO alcohol policy, and dietary accommodations"
The River Centre	https://www.kentvenues.co.uk/venues/river-centre	28	contact	critical	"No contact information at all — no email, no social media, no website link"	Add at minimum a contact email and the venue's website and social media links so enquirers can reach the venue directly
The River Centre	https://www.kentvenues.co.uk/venues/river-centre	28	description	suggestion	No guest reviews or testimonials displayed	Collect and display client testimonials to build trust and credibility
The River Centre	https://www.kentvenues.co.uk/venues/river-centre	28	facilities	suggestion	Large venue has no individual rooms/spaces listed	"Break the venue into bookable spaces with individual descriptions, capacities, and photos"
Riverhill Himalayan Gardens	https://www.kentvenues.co.uk/venues/riverhill-himalayan-gardens	55	capacity	critical	No capacity information anywhere on the listing	"Add clear capacity figures: seated capacity, standing/reception capacity, and cabaret/boardroom/theatre layouts for each space"
Riverhill Himalayan Gardens	https://www.kentvenues.co.uk/venues/riverhill-himalayan-gardens	55	facilities	warning	Only 1 facilities listed (Parking)	"Expand the amenities list to include everything guests would want to know — WiFi, AV, parking, catering options, accessibility features"
Riverhill Himalayan Gardens	https://www.kentvenues.co.uk/venues/riverhill-himalayan-gardens	55	catering	warning	No catering or food/drink information on the listing	"Clarify catering options: in-house catering, approved caterers list, BYO alcohol policy, and dietary accommodations"
Riverhill Himalayan Gardens	https://www.kentvenues.co.uk/venues/riverhill-himalayan-gardens	55	accommodation	info	No accommodation details on the listing	"If on-site accommodation exists, add room count, types and pricing. If not, mention nearby hotel options for wedding parties"
Riverhill Himalayan Gardens	https://www.kentvenues.co.uk/venues/riverhill-himalayan-gardens	55	accessibility	warning	No accessibility information on the listing	"Add accessibility details: wheelchair access, step-free routes, accessible toilets, hearing loops, and accessible parking bays"
Riverhill Himalayan Gardens	https://www.kentvenues.co.uk/venues/riverhill-himalayan-gardens	55	contact	suggestion	No phone number displayed	Add a direct phone number for enquirers who prefer to call
Riverhill Himalayan Gardens	https://www.kentvenues.co.uk/venues/riverhill-himalayan-gardens	55	description	suggestion	No guest reviews or testimonials displayed	Collect and display client testimonials to build trust and credibility
Riverview Manor	https://www.kentvenues.co.uk/venues/riverview-manor	60	facilities	critical	No facilities or amenities listed	"Add a complete amenities list: WiFi, AV equipment, heating, air conditioning, kitchen access, etc."
Riverview Manor	https://www.kentvenues.co.uk/venues/riverview-manor	60	catering	warning	No catering or food/drink information on the listing	"Clarify catering options: in-house catering, approved caterers list, BYO alcohol policy, and dietary accommodations"
Riverview Manor	https://www.kentvenues.co.uk/venues/riverview-manor	60	accessibility	warning	No accessibility information on the listing	"Add accessibility details: wheelchair access, step-free routes, accessible toilets, hearing loops, and accessible parking bays"
Riverview Manor	https://www.kentvenues.co.uk/venues/riverview-manor	60	contact	warning	"Missing social media link(s): Instagram (shown as a dead ""#"" link)"	"Add the venue's Instagram profile URL(s) — the placeholder ""#"" links look broken to visitors"
Riverview Manor	https://www.kentvenues.co.uk/venues/riverview-manor	60	contact	suggestion	No phone number displayed	Add a direct phone number for enquirers who prefer to call
Riverview Manor	https://www.kentvenues.co.uk/venues/riverview-manor	60	description	suggestion	No guest reviews or testimonials displayed	Collect and display client testimonials to build trust and credibility
Rochester Cathedral	https://www.kentvenues.co.uk/venues/rochester-cathedral	32	capacity	critical	No capacity information anywhere on the listing	"Add clear capacity figures: seated capacity, standing/reception capacity, and cabaret/boardroom/theatre layouts for each space"
Rochester Cathedral	https://www.kentvenues.co.uk/venues/rochester-cathedral	32	photos	suggestion	Only 3 photos — could add more	"Aim for 8-10 photos covering exterior, each main space, and example event set-ups"
Rochester Cathedral	https://www.kentvenues.co.uk/venues/rochester-cathedral	32	facilities	critical	No facilities or amenities listed	"Add a complete amenities list: WiFi, AV equipment, heating, air conditioning, kitchen access, etc."
Rochester Cathedral	https://www.kentvenues.co.uk/venues/rochester-cathedral	32	parking	warning	No parking information on the listing	"Add parking details: number of spaces, on-site vs nearby, disabled bays, EV charging, and any charges"
Rochester Cathedral	https://www.kentvenues.co.uk/venues/rochester-cathedral	32	catering	warning	No catering or food/drink information on the listing	"Clarify catering options: in-house catering, approved caterers list, BYO alcohol policy, and dietary accommodations"
Rochester Cathedral	https://www.kentvenues.co.uk/venues/rochester-cathedral	32	accommodation	info	No accommodation details on the listing	"If on-site accommodation exists, add room count, types and pricing. If not, mention nearby hotel options for wedding parties"
Rochester Cathedral	https://www.kentvenues.co.uk/venues/rochester-cathedral	32	accessibility	warning	No accessibility information on the listing	"Add accessibility details: wheelchair access, step-free routes, accessible toilets, hearing loops, and accessible parking bays"
Rochester Cathedral	https://www.kentvenues.co.uk/venues/rochester-cathedral	32	contact	suggestion	No phone number displayed	Add a direct phone number for enquirers who prefer to call
Rochester Cathedral	https://www.kentvenues.co.uk/venues/rochester-cathedral	32	description	suggestion	No guest reviews or testimonials displayed	Collect and display client testimonials to build trust and credibility
Rocksalt Folkestone	https://www.kentvenues.co.uk/venues/rocksalt-folkestone	35	description	critical	Listing is unclaimed — the description is auto-generated boilerplate	"Claim the listing and replace the auto-generated text with a real description (200+ words) covering character, history, setting and unique selling points"
Rocksalt Folkestone	https://www.kentvenues.co.uk/venues/rocksalt-folkestone	35	description	warning	Description could be more detailed (113 characters)	"Consider adding more details about the venue's atmosphere, capacity ranges, and unique features"
Rocksalt Folkestone	https://www.kentvenues.co.uk/venues/rocksalt-folkestone	35	capacity	critical	No capacity information anywhere on the listing	"Add clear capacity figures: seated capacity, standing/reception capacity, and cabaret/boardroom/theatre layouts for each space"
Rocksalt Folkestone	https://www.kentvenues.co.uk/venues/rocksalt-folkestone	35	facilities	warning	"Only 2 facilities listed (Wifi, HD TV)"	"Expand the amenities list to include everything guests would want to know — WiFi, AV, parking, catering options, accessibility features"
Rocksalt Folkestone	https://www.kentvenues.co.uk/venues/rocksalt-folkestone	35	parking	warning	No parking information on the listing	"Add parking details: number of spaces, on-site vs nearby, disabled bays, EV charging, and any charges"
Rocksalt Folkestone	https://www.kentvenues.co.uk/venues/rocksalt-folkestone	35	accommodation	info	No accommodation details on the listing	"If on-site accommodation exists, add room count, types and pricing. If not, mention nearby hotel options for wedding parties"
Rocksalt Folkestone	https://www.kentvenues.co.uk/venues/rocksalt-folkestone	35	accessibility	warning	No accessibility information on the listing	"Add accessibility details: wheelchair access, step-free routes, accessible toilets, hearing loops, and accessible parking bays"
Rocksalt Folkestone	https://www.kentvenues.co.uk/venues/rocksalt-folkestone	35	contact	suggestion	No phone number displayed	Add a direct phone number for enquirers who prefer to call
Rocksalt Folkestone	https://www.kentvenues.co.uk/venues/rocksalt-folkestone	35	description	suggestion	No guest reviews or testimonials displayed	Collect and display client testimonials to build trust and credibility
Rodmersham Cricket Club	https://www.kentvenues.co.uk/venues/rodmersham-cricket-club	8	description	warning	Description could be more detailed (161 characters)	"Consider adding more details about the venue's atmosphere, capacity ranges, and unique features"
Rodmersham Cricket Club	https://www.kentvenues.co.uk/venues/rodmersham-cricket-club	8	capacity	critical	No capacity information anywhere on the listing	"Add clear capacity figures: seated capacity, standing/reception capacity, and cabaret/boardroom/theatre layouts for each space"
Rodmersham Cricket Club	https://www.kentvenues.co.uk/venues/rodmersham-cricket-club	8	photos	critical	No photographs on the listing	"Add a minimum of 5 high-quality photographs showing the venue exterior, main spaces, and set-up examples"
Rodmersham Cricket Club	https://www.kentvenues.co.uk/venues/rodmersham-cricket-club	8	facilities	critical	No facilities or amenities listed	"Add a complete amenities list: WiFi, AV equipment, heating, air conditioning, kitchen access, etc."
Rodmersham Cricket Club	https://www.kentvenues.co.uk/venues/rodmersham-cricket-club	8	parking	warning	No parking information on the listing	"Add parking details: number of spaces, on-site vs nearby, disabled bays, EV charging, and any charges"
Rodmersham Cricket Club	https://www.kentvenues.co.uk/venues/rodmersham-cricket-club	8	catering	warning	No catering or food/drink information on the listing	"Clarify catering options: in-house catering, approved caterers list, BYO alcohol policy, and dietary accommodations"
Rodmersham Cricket Club	https://www.kentvenues.co.uk/venues/rodmersham-cricket-club	8	accommodation	info	No accommodation details on the listing	"If on-site accommodation exists, add room count, types and pricing. If not, mention nearby hotel options for wedding parties"
Rodmersham Cricket Club	https://www.kentvenues.co.uk/venues/rodmersham-cricket-club	8	accessibility	warning	No accessibility information on the listing	"Add accessibility details: wheelchair access, step-free routes, accessible toilets, hearing loops, and accessible parking bays"
Rodmersham Cricket Club	https://www.kentvenues.co.uk/venues/rodmersham-cricket-club	8	contact	warning	"Missing social media link(s): Instagram (shown as a dead ""#"" link)"	"Add the venue's Instagram profile URL(s) — the placeholder ""#"" links look broken to visitors"
Rodmersham Cricket Club	https://www.kentvenues.co.uk/venues/rodmersham-cricket-club	8	contact	suggestion	No phone number displayed	Add a direct phone number for enquirers who prefer to call
Rodmersham Cricket Club	https://www.kentvenues.co.uk/venues/rodmersham-cricket-club	8	description	suggestion	No guest reviews or testimonials displayed	Collect and display client testimonials to build trust and credibility
Romney Bay House Hotel	https://www.kentvenues.co.uk/venues/romney-bay-house-hotel	58	capacity	critical	No capacity information anywhere on the listing	"Add clear capacity figures: seated capacity, standing/reception capacity, and cabaret/boardroom/theatre layouts for each space"
Romney Bay House Hotel	https://www.kentvenues.co.uk/venues/romney-bay-house-hotel	58	photos	warning	Only 2 photo(s) on the listing	"Add more photos — listings with 5+ images convert significantly better. Cover different spaces, angles, and event set-ups"
Romney Bay House Hotel	https://www.kentvenues.co.uk/venues/romney-bay-house-hotel	58	accessibility	warning	No accessibility information on the listing	"Add accessibility details: wheelchair access, step-free routes, accessible toilets, hearing loops, and accessible parking bays"
Romney Bay House Hotel	https://www.kentvenues.co.uk/venues/romney-bay-house-hotel	58	contact	warning	"Missing social media link(s): Twitter/X (shown as a dead ""#"" link)"	"Add the venue's Twitter/X profile URL(s) — the placeholder ""#"" links look broken to visitors"
Romney Bay House Hotel	https://www.kentvenues.co.uk/venues/romney-bay-house-hotel	58	contact	suggestion	No phone number displayed	Add a direct phone number for enquirers who prefer to call
Romney Bay House Hotel	https://www.kentvenues.co.uk/venues/romney-bay-house-hotel	58	description	suggestion	No guest reviews or testimonials displayed	Collect and display client testimonials to build trust and credibility
The Romney at Mote House	https://www.kentvenues.co.uk/venues/romney-mote-house	53	photos	suggestion	Only 4 photos — could add more	"Aim for 8-10 photos covering exterior, each main space, and example event set-ups"
The Romney at Mote House	https://www.kentvenues.co.uk/venues/romney-mote-house	53	facilities	critical	No facilities or amenities listed	"Add a complete amenities list: WiFi, AV equipment, heating, air conditioning, kitchen access, etc."
The Romney at Mote House	https://www.kentvenues.co.uk/venues/romney-mote-house	53	parking	warning	No parking information on the listing	"Add parking details: number of spaces, on-site vs nearby, disabled bays, EV charging, and any charges"
The Romney at Mote House	https://www.kentvenues.co.uk/venues/romney-mote-house	53	accommodation	info	No accommodation details on the listing	"If on-site accommodation exists, add room count, types and pricing. If not, mention nearby hotel options for wedding parties"
The Romney at Mote House	https://www.kentvenues.co.uk/venues/romney-mote-house	53	accessibility	warning	No accessibility information on the listing	"Add accessibility details: wheelchair access, step-free routes, accessible toilets, hearing loops, and accessible parking bays"
The Romney at Mote House	https://www.kentvenues.co.uk/venues/romney-mote-house	53	contact	warning	"Missing social media link(s): Twitter/X, Instagram (shown as a dead ""#"" link)"	"Add the venue's Twitter/X and Instagram profile URL(s) — the placeholder ""#"" links look broken to visitors"
The Romney at Mote House	https://www.kentvenues.co.uk/venues/romney-mote-house	53	description	suggestion	No guest reviews or testimonials displayed	Collect and display client testimonials to build trust and credibility
Rosemary Shrager's Cookery School	https://www.kentvenues.co.uk/venues/rosemary-shragers-cookery-school	29	capacity	critical	No capacity information anywhere on the listing	"Add clear capacity figures: seated capacity, standing/reception capacity, and cabaret/boardroom/theatre layouts for each space"
Rosemary Shrager's Cookery School	https://www.kentvenues.co.uk/venues/rosemary-shragers-cookery-school	29	photos	warning	Only 1 photo(s) on the listing	"Add more photos — listings with 5+ images convert significantly better. Cover different spaces, angles, and event set-ups"
Rosemary Shrager's Cookery School	https://www.kentvenues.co.uk/venues/rosemary-shragers-cookery-school	29	facilities	critical	No facilities or amenities listed	"Add a complete amenities list: WiFi, AV equipment, heating, air conditioning, kitchen access, etc."
Rosemary Shrager's Cookery School	https://www.kentvenues.co.uk/venues/rosemary-shragers-cookery-school	29	parking	warning	No parking information on the listing	"Add parking details: number of spaces, on-site vs nearby, disabled bays, EV charging, and any charges"
Rosemary Shrager's Cookery School	https://www.kentvenues.co.uk/venues/rosemary-shragers-cookery-school	29	accommodation	info	No accommodation details on the listing	"If on-site accommodation exists, add room count, types and pricing. If not, mention nearby hotel options for wedding parties"
Rosemary Shrager's Cookery School	https://www.kentvenues.co.uk/venues/rosemary-shragers-cookery-school	29	accessibility	warning	No accessibility information on the listing	"Add accessibility details: wheelchair access, step-free routes, accessible toilets, hearing loops, and accessible parking bays"
Rosemary Shrager's Cookery School	https://www.kentvenues.co.uk/venues/rosemary-shragers-cookery-school	29	contact	warning	No social media links — all three social icons are unfilled placeholders	"Add the venue's Facebook, Twitter/X and Instagram profile URLs"
Rosemary Shrager's Cookery School	https://www.kentvenues.co.uk/venues/rosemary-shragers-cookery-school	29	contact	suggestion	No phone number displayed	Add a direct phone number for enquirers who prefer to call
Rosemary Shrager's Cookery School	https://www.kentvenues.co.uk/venues/rosemary-shragers-cookery-school	29	description	suggestion	No guest reviews or testimonials displayed	Collect and display client testimonials to build trust and credibility
Rowhill Grange & Utopia Spa	https://www.kentvenues.co.uk/venues/rowhill-grange-utopia-spa	49	capacity	critical	No capacity information anywhere on the listing	"Add clear capacity figures: seated capacity, standing/reception capacity, and cabaret/boardroom/theatre layouts for each space"
Rowhill Grange & Utopia Spa	https://www.kentvenues.co.uk/venues/rowhill-grange-utopia-spa	49	facilities	critical	No facilities or amenities listed	"Add a complete amenities list: WiFi, AV equipment, heating, air conditioning, kitchen access, etc."
Rowhill Grange & Utopia Spa	https://www.kentvenues.co.uk/venues/rowhill-grange-utopia-spa	49	parking	warning	No parking information on the listing	"Add parking details: number of spaces, on-site vs nearby, disabled bays, EV charging, and any charges"
Rowhill Grange & Utopia Spa	https://www.kentvenues.co.uk/venues/rowhill-grange-utopia-spa	49	accessibility	warning	No accessibility information on the listing	"Add accessibility details: wheelchair access, step-free routes, accessible toilets, hearing loops, and accessible parking bays"
Rowhill Grange & Utopia Spa	https://www.kentvenues.co.uk/venues/rowhill-grange-utopia-spa	49	contact	suggestion	No phone number displayed	Add a direct phone number for enquirers who prefer to call
Rowhill Grange & Utopia Spa	https://www.kentvenues.co.uk/venues/rowhill-grange-utopia-spa	49	description	suggestion	No guest reviews or testimonials displayed	Collect and display client testimonials to build trust and credibility
Royal Albion Hotel	https://www.kentvenues.co.uk/venues/royal-albion-hotel	44	capacity	critical	No capacity information anywhere on the listing	"Add clear capacity figures: seated capacity, standing/reception capacity, and cabaret/boardroom/theatre layouts for each space"
Royal Albion Hotel	https://www.kentvenues.co.uk/venues/royal-albion-hotel	44	photos	suggestion	Only 3 photos — could add more	"Aim for 8-10 photos covering exterior, each main space, and example event set-ups"
Royal Albion Hotel	https://www.kentvenues.co.uk/venues/royal-albion-hotel	44	facilities	critical	No facilities or amenities listed	"Add a complete amenities list: WiFi, AV equipment, heating, air conditioning, kitchen access, etc."
Royal Albion Hotel	https://www.kentvenues.co.uk/venues/royal-albion-hotel	44	parking	warning	No parking information on the listing	"Add parking details: number of spaces, on-site vs nearby, disabled bays, EV charging, and any charges"
Royal Albion Hotel	https://www.kentvenues.co.uk/venues/royal-albion-hotel	44	accessibility	warning	No accessibility information on the listing	"Add accessibility details: wheelchair access, step-free routes, accessible toilets, hearing loops, and accessible parking bays"
Royal Albion Hotel	https://www.kentvenues.co.uk/venues/royal-albion-hotel	44	contact	suggestion	No phone number displayed	Add a direct phone number for enquirers who prefer to call
Royal Albion Hotel	https://www.kentvenues.co.uk/venues/royal-albion-hotel	44	description	suggestion	No guest reviews or testimonials displayed	Collect and display client testimonials to build trust and credibility
Royal Engineers Museum	https://www.kentvenues.co.uk/venues/royal-engineers-museum	43	capacity	critical	No capacity information anywhere on the listing	"Add clear capacity figures: seated capacity, standing/reception capacity, and cabaret/boardroom/theatre layouts for each space"
Royal Engineers Museum	https://www.kentvenues.co.uk/venues/royal-engineers-museum	43	photos	warning	Only 1 photo(s) on the listing	"Add more photos — listings with 5+ images convert significantly better. Cover different spaces, angles, and event set-ups"
Royal Engineers Museum	https://www.kentvenues.co.uk/venues/royal-engineers-museum	43	facilities	warning	"Only 2 facilities listed (Parking, Restaurant)"	"Expand the amenities list to include everything guests would want to know — WiFi, AV, parking, catering options, accessibility features"
Royal Engineers Museum	https://www.kentvenues.co.uk/venues/royal-engineers-museum	43	accommodation	info	No accommodation details on the listing	"If on-site accommodation exists, add room count, types and pricing. If not, mention nearby hotel options for wedding parties"
Royal Engineers Museum	https://www.kentvenues.co.uk/venues/royal-engineers-museum	43	accessibility	warning	No accessibility information on the listing	"Add accessibility details: wheelchair access, step-free routes, accessible toilets, hearing loops, and accessible parking bays"
Royal Engineers Museum	https://www.kentvenues.co.uk/venues/royal-engineers-museum	43	contact	warning	No contact email address behind the enquiry form	Set the venue's enquiry email so the contact form reaches the venue (currently enquirers can only use the site-wide form)
Royal Engineers Museum	https://www.kentvenues.co.uk/venues/royal-engineers-museum	43	contact	suggestion	No phone number displayed	Add a direct phone number for enquirers who prefer to call
Royal Engineers Museum	https://www.kentvenues.co.uk/venues/royal-engineers-museum	43	description	suggestion	No guest reviews or testimonials displayed	Collect and display client testimonials to build trust and credibility
Royal Hotel	https://www.kentvenues.co.uk/venues/royal-hotel	67	capacity	critical	No capacity information anywhere on the listing	"Add clear capacity figures: seated capacity, standing/reception capacity, and cabaret/boardroom/theatre layouts for each space"
Royal Hotel	https://www.kentvenues.co.uk/venues/royal-hotel	67	photos	suggestion	Only 3 photos — could add more	"Aim for 8-10 photos covering exterior, each main space, and example event set-ups"
Royal Hotel	https://www.kentvenues.co.uk/venues/royal-hotel	67	accessibility	warning	No accessibility information on the listing	"Add accessibility details: wheelchair access, step-free routes, accessible toilets, hearing loops, and accessible parking bays"
Royal Hotel	https://www.kentvenues.co.uk/venues/royal-hotel	67	contact	suggestion	No phone number displayed	Add a direct phone number for enquirers who prefer to call
Royal Hotel	https://www.kentvenues.co.uk/venues/royal-hotel	67	description	suggestion	No guest reviews or testimonials displayed	Collect and display client testimonials to build trust and credibility
Royal Wells Hotel	https://www.kentvenues.co.uk/venues/royal-wells-hotel	59	capacity	critical	No capacity information anywhere on the listing	"Add clear capacity figures: seated capacity, standing/reception capacity, and cabaret/boardroom/theatre layouts for each space"
Royal Wells Hotel	https://www.kentvenues.co.uk/venues/royal-wells-hotel	59	facilities	warning	"Only 2 facilities listed (Accommodation, Bar)"	"Expand the amenities list to include everything guests would want to know — WiFi, AV, parking, catering options, accessibility features"
Royal Wells Hotel	https://www.kentvenues.co.uk/venues/royal-wells-hotel	59	parking	warning	No parking information on the listing	"Add parking details: number of spaces, on-site vs nearby, disabled bays, EV charging, and any charges"
Royal Wells Hotel	https://www.kentvenues.co.uk/venues/royal-wells-hotel	59	accessibility	warning	No accessibility information on the listing	"Add accessibility details: wheelchair access, step-free routes, accessible toilets, hearing loops, and accessible parking bays"
Royal Wells Hotel	https://www.kentvenues.co.uk/venues/royal-wells-hotel	59	contact	suggestion	No phone number displayed	Add a direct phone number for enquirers who prefer to call
Royal Wells Hotel	https://www.kentvenues.co.uk/venues/royal-wells-hotel	59	description	suggestion	No guest reviews or testimonials displayed	Collect and display client testimonials to build trust and credibility
Ruffynes Barn	https://www.kentvenues.co.uk/venues/ruffynes-barn	32	capacity	critical	No capacity information anywhere on the listing	"Add clear capacity figures: seated capacity, standing/reception capacity, and cabaret/boardroom/theatre layouts for each space"
Ruffynes Barn	https://www.kentvenues.co.uk/venues/ruffynes-barn	32	photos	suggestion	Only 4 photos — could add more	"Aim for 8-10 photos covering exterior, each main space, and example event set-ups"
Ruffynes Barn	https://www.kentvenues.co.uk/venues/ruffynes-barn	32	facilities	critical	No facilities or amenities listed	"Add a complete amenities list: WiFi, AV equipment, heating, air conditioning, kitchen access, etc."
Ruffynes Barn	https://www.kentvenues.co.uk/venues/ruffynes-barn	32	parking	warning	No parking information on the listing	"Add parking details: number of spaces, on-site vs nearby, disabled bays, EV charging, and any charges"
Ruffynes Barn	https://www.kentvenues.co.uk/venues/ruffynes-barn	32	catering	warning	No catering or food/drink information on the listing	"Clarify catering options: in-house catering, approved caterers list, BYO alcohol policy, and dietary accommodations"
Ruffynes Barn	https://www.kentvenues.co.uk/venues/ruffynes-barn	32	accommodation	info	No accommodation details on the listing	"If on-site accommodation exists, add room count, types and pricing. If not, mention nearby hotel options for wedding parties"
Ruffynes Barn	https://www.kentvenues.co.uk/venues/ruffynes-barn	32	accessibility	warning	No accessibility information on the listing	"Add accessibility details: wheelchair access, step-free routes, accessible toilets, hearing loops, and accessible parking bays"
Ruffynes Barn	https://www.kentvenues.co.uk/venues/ruffynes-barn	32	contact	suggestion	No phone number displayed	Add a direct phone number for enquirers who prefer to call
Ruffynes Barn	https://www.kentvenues.co.uk/venues/ruffynes-barn	32	description	suggestion	No guest reviews or testimonials displayed	Collect and display client testimonials to build trust and credibility
Russell Hotel	https://www.kentvenues.co.uk/venues/russell-hotel	40	capacity	critical	No capacity information anywhere on the listing	"Add clear capacity figures: seated capacity, standing/reception capacity, and cabaret/boardroom/theatre layouts for each space"
Russell Hotel	https://www.kentvenues.co.uk/venues/russell-hotel	40	photos	suggestion	Only 3 photos — could add more	"Aim for 8-10 photos covering exterior, each main space, and example event set-ups"
Russell Hotel	https://www.kentvenues.co.uk/venues/russell-hotel	40	facilities	critical	No facilities or amenities listed	"Add a complete amenities list: WiFi, AV equipment, heating, air conditioning, kitchen access, etc."
Russell Hotel	https://www.kentvenues.co.uk/venues/russell-hotel	40	catering	warning	No catering or food/drink information on the listing	"Clarify catering options: in-house catering, approved caterers list, BYO alcohol policy, and dietary accommodations"
Russell Hotel	https://www.kentvenues.co.uk/venues/russell-hotel	40	accessibility	warning	No accessibility information on the listing	"Add accessibility details: wheelchair access, step-free routes, accessible toilets, hearing loops, and accessible parking bays"
Russell Hotel	https://www.kentvenues.co.uk/venues/russell-hotel	40	contact	warning	"Missing social media link(s): Twitter/X, Instagram (shown as a dead ""#"" link)"	"Add the venue's Twitter/X and Instagram profile URL(s) — the placeholder ""#"" links look broken to visitors"
Russell Hotel	https://www.kentvenues.co.uk/venues/russell-hotel	40	contact	suggestion	No phone number displayed	Add a direct phone number for enquirers who prefer to call
Russell Hotel	https://www.kentvenues.co.uk/venues/russell-hotel	40	description	suggestion	No guest reviews or testimonials displayed	Collect and display client testimonials to build trust and credibility
Saint Ronans	https://www.kentvenues.co.uk/venues/saint-ronans	1	description	critical	Missing or extremely short venue description	"Write a detailed description (200+ words) covering the venue's character, history, setting, and what makes it unique"
Saint Ronans	https://www.kentvenues.co.uk/venues/saint-ronans	1	capacity	critical	No capacity information anywhere on the listing	"Add clear capacity figures: seated capacity, standing/reception capacity, and cabaret/boardroom/theatre layouts for each space"
Saint Ronans	https://www.kentvenues.co.uk/venues/saint-ronans	1	photos	warning	Only 2 photo(s) on the listing	"Add more photos — listings with 5+ images convert significantly better. Cover different spaces, angles, and event set-ups"
Saint Ronans	https://www.kentvenues.co.uk/venues/saint-ronans	1	facilities	critical	No facilities or amenities listed	"Add a complete amenities list: WiFi, AV equipment, heating, air conditioning, kitchen access, etc."
Saint Ronans	https://www.kentvenues.co.uk/venues/saint-ronans	1	parking	warning	No parking information on the listing	"Add parking details: number of spaces, on-site vs nearby, disabled bays, EV charging, and any charges"
Saint Ronans	https://www.kentvenues.co.uk/venues/saint-ronans	1	catering	warning	No catering or food/drink information on the listing	"Clarify catering options: in-house catering, approved caterers list, BYO alcohol policy, and dietary accommodations"
Saint Ronans	https://www.kentvenues.co.uk/venues/saint-ronans	1	accommodation	info	No accommodation details on the listing	"If on-site accommodation exists, add room count, types and pricing. If not, mention nearby hotel options for wedding parties"
Saint Ronans	https://www.kentvenues.co.uk/venues/saint-ronans	1	accessibility	warning	No accessibility information on the listing	"Add accessibility details: wheelchair access, step-free routes, accessible toilets, hearing loops, and accessible parking bays"
Saint Ronans	https://www.kentvenues.co.uk/venues/saint-ronans	1	contact	warning	No social media links — all three social icons are unfilled placeholders	"Add the venue's Facebook, Twitter/X and Instagram profile URLs"
Saint Ronans	https://www.kentvenues.co.uk/venues/saint-ronans	1	contact	suggestion	No phone number displayed	Add a direct phone number for enquirers who prefer to call
Saint Ronans	https://www.kentvenues.co.uk/venues/saint-ronans	1	description	suggestion	No guest reviews or testimonials displayed	Collect and display client testimonials to build trust and credibility
Salomons Estate	https://www.kentvenues.co.uk/venues/salomons-estate-2	82	facilities	warning	"Only 2 facilities listed (Wifi, Parking)"	"Expand the amenities list to include everything guests would want to know — WiFi, AV, parking, catering options, accessibility features"
Salomons Estate	https://www.kentvenues.co.uk/venues/salomons-estate-2	82	accessibility	warning	No accessibility information on the listing	"Add accessibility details: wheelchair access, step-free routes, accessible toilets, hearing loops, and accessible parking bays"
Salomons Estate	https://www.kentvenues.co.uk/venues/salomons-estate-2	82	contact	suggestion	No phone number displayed	Add a direct phone number for enquirers who prefer to call
Salomons Estate	https://www.kentvenues.co.uk/venues/salomons-estate-2	82	description	suggestion	No guest reviews or testimonials displayed	Collect and display client testimonials to build trust and credibility
Salomons Pub & Dining Rooms	https://www.kentvenues.co.uk/venues/salomons-pub-dining-rooms	55	capacity	critical	No capacity information anywhere on the listing	"Add clear capacity figures: seated capacity, standing/reception capacity, and cabaret/boardroom/theatre layouts for each space"
Salomons Pub & Dining Rooms	https://www.kentvenues.co.uk/venues/salomons-pub-dining-rooms	55	photos	warning	Only 1 photo(s) on the listing	"Add more photos — listings with 5+ images convert significantly better. Cover different spaces, angles, and event set-ups"
Salomons Pub & Dining Rooms	https://www.kentvenues.co.uk/venues/salomons-pub-dining-rooms	55	facilities	warning	"Only 2 facilities listed (Wifi, Parking)"	"Expand the amenities list to include everything guests would want to know — WiFi, AV, parking, catering options, accessibility features"
Salomons Pub & Dining Rooms	https://www.kentvenues.co.uk/venues/salomons-pub-dining-rooms	55	accommodation	info	No accommodation details on the listing	"If on-site accommodation exists, add room count, types and pricing. If not, mention nearby hotel options for wedding parties"
Salomons Pub & Dining Rooms	https://www.kentvenues.co.uk/venues/salomons-pub-dining-rooms	55	accessibility	warning	No accessibility information on the listing	"Add accessibility details: wheelchair access, step-free routes, accessible toilets, hearing loops, and accessible parking bays"
Salomons Pub & Dining Rooms	https://www.kentvenues.co.uk/venues/salomons-pub-dining-rooms	55	description	suggestion	No guest reviews or testimonials displayed	Collect and display client testimonials to build trust and credibility
Sands Hotel Margate	https://www.kentvenues.co.uk/venues/sands-hotel-margate	59	capacity	critical	No capacity information anywhere on the listing	"Add clear capacity figures: seated capacity, standing/reception capacity, and cabaret/boardroom/theatre layouts for each space"
Sands Hotel Margate	https://www.kentvenues.co.uk/venues/sands-hotel-margate	59	photos	suggestion	Only 4 photos — could add more	"Aim for 8-10 photos covering exterior, each main space, and example event set-ups"
Sands Hotel Margate	https://www.kentvenues.co.uk/venues/sands-hotel-margate	59	parking	warning	No parking information on the listing	"Add parking details: number of spaces, on-site vs nearby, disabled bays, EV charging, and any charges"
Sands Hotel Margate	https://www.kentvenues.co.uk/venues/sands-hotel-margate	59	accessibility	warning	No accessibility information on the listing	"Add accessibility details: wheelchair access, step-free routes, accessible toilets, hearing loops, and accessible parking bays"
Sands Hotel Margate	https://www.kentvenues.co.uk/venues/sands-hotel-margate	59	contact	suggestion	No phone number displayed	Add a direct phone number for enquirers who prefer to call
Sands Hotel Margate	https://www.kentvenues.co.uk/venues/sands-hotel-margate	59	description	suggestion	No guest reviews or testimonials displayed	Collect and display client testimonials to build trust and credibility
Sandwich Guildhall	https://www.kentvenues.co.uk/venues/sandwich-guildhall	0	description	critical	Missing or extremely short venue description	"Write a detailed description (200+ words) covering the venue's character, history, setting, and what makes it unique"
Sandwich Guildhall	https://www.kentvenues.co.uk/venues/sandwich-guildhall	0	capacity	critical	No capacity information anywhere on the listing	"Add clear capacity figures: seated capacity, standing/reception capacity, and cabaret/boardroom/theatre layouts for each space"
Sandwich Guildhall	https://www.kentvenues.co.uk/venues/sandwich-guildhall	0	photos	warning	Only 2 photo(s) on the listing	"Add more photos — listings with 5+ images convert significantly better. Cover different spaces, angles, and event set-ups"
Sandwich Guildhall	https://www.kentvenues.co.uk/venues/sandwich-guildhall	0	facilities	critical	No facilities or amenities listed	"Add a complete amenities list: WiFi, AV equipment, heating, air conditioning, kitchen access, etc."
Sandwich Guildhall	https://www.kentvenues.co.uk/venues/sandwich-guildhall	0	parking	warning	No parking information on the listing	"Add parking details: number of spaces, on-site vs nearby, disabled bays, EV charging, and any charges"
Sandwich Guildhall	https://www.kentvenues.co.uk/venues/sandwich-guildhall	0	catering	warning	No catering or food/drink information on the listing	"Clarify catering options: in-house catering, approved caterers list, BYO alcohol policy, and dietary accommodations"
Sandwich Guildhall	https://www.kentvenues.co.uk/venues/sandwich-guildhall	0	accommodation	info	No accommodation details on the listing	"If on-site accommodation exists, add room count, types and pricing. If not, mention nearby hotel options for wedding parties"
Sandwich Guildhall	https://www.kentvenues.co.uk/venues/sandwich-guildhall	0	accessibility	warning	No accessibility information on the listing	"Add accessibility details: wheelchair access, step-free routes, accessible toilets, hearing loops, and accessible parking bays"
Sandwich Guildhall	https://www.kentvenues.co.uk/venues/sandwich-guildhall	0	contact	warning	"Missing social media link(s): Twitter/X, Instagram (shown as a dead ""#"" link)"	"Add the venue's Twitter/X and Instagram profile URL(s) — the placeholder ""#"" links look broken to visitors"
Sandwich Guildhall	https://www.kentvenues.co.uk/venues/sandwich-guildhall	0	contact	suggestion	No phone number displayed	Add a direct phone number for enquirers who prefer to call
Sandwich Guildhall	https://www.kentvenues.co.uk/venues/sandwich-guildhall	0	description	suggestion	No guest reviews or testimonials displayed	Collect and display client testimonials to build trust and credibility
Sandwich Guildhall	https://www.kentvenues.co.uk/venues/sandwich-guildhall	0	facilities	suggestion	Large venue has no individual rooms/spaces listed	"Break the venue into bookable spaces with individual descriptions, capacities, and photos"
SELT Leadership Centre	https://www.kentvenues.co.uk/venues/selt-leadership-centre	10	capacity	critical	No capacity information anywhere on the listing	"Add clear capacity figures: seated capacity, standing/reception capacity, and cabaret/boardroom/theatre layouts for each space"
SELT Leadership Centre	https://www.kentvenues.co.uk/venues/selt-leadership-centre	10	photos	critical	No photographs on the listing	"Add a minimum of 5 high-quality photographs showing the venue exterior, main spaces, and set-up examples"
SELT Leadership Centre	https://www.kentvenues.co.uk/venues/selt-leadership-centre	10	facilities	critical	No facilities or amenities listed	"Add a complete amenities list: WiFi, AV equipment, heating, air conditioning, kitchen access, etc."
SELT Leadership Centre	https://www.kentvenues.co.uk/venues/selt-leadership-centre	10	parking	warning	No parking information on the listing	"Add parking details: number of spaces, on-site vs nearby, disabled bays, EV charging, and any charges"
SELT Leadership Centre	https://www.kentvenues.co.uk/venues/selt-leadership-centre	10	catering	warning	No catering or food/drink information on the listing	"Clarify catering options: in-house catering, approved caterers list, BYO alcohol policy, and dietary accommodations"
SELT Leadership Centre	https://www.kentvenues.co.uk/venues/selt-leadership-centre	10	accommodation	info	No accommodation details on the listing	"If on-site accommodation exists, add room count, types and pricing. If not, mention nearby hotel options for wedding parties"
SELT Leadership Centre	https://www.kentvenues.co.uk/venues/selt-leadership-centre	10	accessibility	warning	No accessibility information on the listing	"Add accessibility details: wheelchair access, step-free routes, accessible toilets, hearing loops, and accessible parking bays"
SELT Leadership Centre	https://www.kentvenues.co.uk/venues/selt-leadership-centre	10	contact	warning	"Missing social media link(s): Twitter/X, Instagram (shown as a dead ""#"" link)"	"Add the venue's Twitter/X and Instagram profile URL(s) — the placeholder ""#"" links look broken to visitors"
SELT Leadership Centre	https://www.kentvenues.co.uk/venues/selt-leadership-centre	10	contact	suggestion	No phone number displayed	Add a direct phone number for enquirers who prefer to call
SELT Leadership Centre	https://www.kentvenues.co.uk/venues/selt-leadership-centre	10	description	suggestion	No guest reviews or testimonials displayed	Collect and display client testimonials to build trust and credibility
SELT Leadership Centre	https://www.kentvenues.co.uk/venues/selt-leadership-centre	10	facilities	suggestion	Large venue has no individual rooms/spaces listed	"Break the venue into bookable spaces with individual descriptions, capacities, and photos"
SEVENTEEN Restaurant	https://www.kentvenues.co.uk/venues/seventeen-restaurant	16	capacity	critical	No capacity information anywhere on the listing	"Add clear capacity figures: seated capacity, standing/reception capacity, and cabaret/boardroom/theatre layouts for each space"
SEVENTEEN Restaurant	https://www.kentvenues.co.uk/venues/seventeen-restaurant	16	photos	critical	No photographs on the listing	"Add a minimum of 5 high-quality photographs showing the venue exterior, main spaces, and set-up examples"
SEVENTEEN Restaurant	https://www.kentvenues.co.uk/venues/seventeen-restaurant	16	facilities	critical	No facilities or amenities listed	"Add a complete amenities list: WiFi, AV equipment, heating, air conditioning, kitchen access, etc."
SEVENTEEN Restaurant	https://www.kentvenues.co.uk/venues/seventeen-restaurant	16	parking	warning	No parking information on the listing	"Add parking details: number of spaces, on-site vs nearby, disabled bays, EV charging, and any charges"
SEVENTEEN Restaurant	https://www.kentvenues.co.uk/venues/seventeen-restaurant	16	accessibility	warning	No accessibility information on the listing	"Add accessibility details: wheelchair access, step-free routes, accessible toilets, hearing loops, and accessible parking bays"
SEVENTEEN Restaurant	https://www.kentvenues.co.uk/venues/seventeen-restaurant	16	contact	critical	"No contact information at all — no email, no social media, no website link"	Add at minimum a contact email and the venue's website and social media links so enquirers can reach the venue directly
SEVENTEEN Restaurant	https://www.kentvenues.co.uk/venues/seventeen-restaurant	16	description	suggestion	No guest reviews or testimonials displayed	Collect and display client testimonials to build trust and credibility
Shepherd Neame Brewery	https://www.kentvenues.co.uk/venues/shepherd-neame-brewery	32	capacity	critical	No capacity information anywhere on the listing	"Add clear capacity figures: seated capacity, standing/reception capacity, and cabaret/boardroom/theatre layouts for each space"
Shepherd Neame Brewery	https://www.kentvenues.co.uk/venues/shepherd-neame-brewery	32	photos	suggestion	Only 3 photos — could add more	"Aim for 8-10 photos covering exterior, each main space, and example event set-ups"
Shepherd Neame Brewery	https://www.kentvenues.co.uk/venues/shepherd-neame-brewery	32	facilities	critical	No facilities or amenities listed	"Add a complete amenities list: WiFi, AV equipment, heating, air conditioning, kitchen access, etc."
Shepherd Neame Brewery	https://www.kentvenues.co.uk/venues/shepherd-neame-brewery	32	parking	warning	No parking information on the listing	"Add parking details: number of spaces, on-site vs nearby, disabled bays, EV charging, and any charges"
Shepherd Neame Brewery	https://www.kentvenues.co.uk/venues/shepherd-neame-brewery	32	catering	warning	No catering or food/drink information on the listing	"Clarify catering options: in-house catering, approved caterers list, BYO alcohol policy, and dietary accommodations"
Shepherd Neame Brewery	https://www.kentvenues.co.uk/venues/shepherd-neame-brewery	32	accommodation	info	No accommodation details on the listing	"If on-site accommodation exists, add room count, types and pricing. If not, mention nearby hotel options for wedding parties"
Shepherd Neame Brewery	https://www.kentvenues.co.uk/venues/shepherd-neame-brewery	32	accessibility	warning	No accessibility information on the listing	"Add accessibility details: wheelchair access, step-free routes, accessible toilets, hearing loops, and accessible parking bays"
Shepherd Neame Brewery	https://www.kentvenues.co.uk/venues/shepherd-neame-brewery	32	contact	suggestion	No phone number displayed	Add a direct phone number for enquirers who prefer to call
Shepherd Neame Brewery	https://www.kentvenues.co.uk/venues/shepherd-neame-brewery	32	description	suggestion	No guest reviews or testimonials displayed	Collect and display client testimonials to build trust and credibility
Shires Oast @ The Hop Farm	https://www.kentvenues.co.uk/venues/shires-oast-the-hop-farm	65	capacity	critical	No capacity information anywhere on the listing	"Add clear capacity figures: seated capacity, standing/reception capacity, and cabaret/boardroom/theatre layouts for each space"
Shires Oast @ The Hop Farm	https://www.kentvenues.co.uk/venues/shires-oast-the-hop-farm	65	parking	warning	No parking information on the listing	"Add parking details: number of spaces, on-site vs nearby, disabled bays, EV charging, and any charges"
Shires Oast @ The Hop Farm	https://www.kentvenues.co.uk/venues/shires-oast-the-hop-farm	65	accommodation	info	No accommodation details on the listing	"If on-site accommodation exists, add room count, types and pricing. If not, mention nearby hotel options for wedding parties"
Shires Oast @ The Hop Farm	https://www.kentvenues.co.uk/venues/shires-oast-the-hop-farm	65	contact	warning	No social media links — all three social icons are unfilled placeholders	"Add the venue's Facebook, Twitter/X and Instagram profile URLs"
Shires Oast @ The Hop Farm	https://www.kentvenues.co.uk/venues/shires-oast-the-hop-farm	65	contact	suggestion	No phone number displayed	Add a direct phone number for enquirers who prefer to call
Shorne Village Hall	https://www.kentvenues.co.uk/venues/shorne-village-hall	59	photos	suggestion	Only 4 photos — could add more	"Aim for 8-10 photos covering exterior, each main space, and example event set-ups"
Shorne Village Hall	https://www.kentvenues.co.uk/venues/shorne-village-hall	59	facilities	critical	No facilities or amenities listed	"Add a complete amenities list: WiFi, AV equipment, heating, air conditioning, kitchen access, etc."
Shorne Village Hall	https://www.kentvenues.co.uk/venues/shorne-village-hall	59	accommodation	info	No accommodation details on the listing	"If on-site accommodation exists, add room count, types and pricing. If not, mention nearby hotel options for wedding parties"
Shorne Village Hall	https://www.kentvenues.co.uk/venues/shorne-village-hall	59	accessibility	warning	No accessibility information on the listing	"Add accessibility details: wheelchair access, step-free routes, accessible toilets, hearing loops, and accessible parking bays"
Shorne Village Hall	https://www.kentvenues.co.uk/venues/shorne-village-hall	59	contact	warning	"Missing social media link(s): Instagram (shown as a dead ""#"" link)"	"Add the venue's Instagram profile URL(s) — the placeholder ""#"" links look broken to visitors"
Shorne Village Hall	https://www.kentvenues.co.uk/venues/shorne-village-hall	59	contact	suggestion	No phone number displayed	Add a direct phone number for enquirers who prefer to call
Shorne Village Hall	https://www.kentvenues.co.uk/venues/shorne-village-hall	59	description	suggestion	No guest reviews or testimonials displayed	Collect and display client testimonials to build trust and credibility
Showcase Bluewater	https://www.kentvenues.co.uk/venues/showcase-bluewater	64	photos	warning	Only 2 photo(s) on the listing	"Add more photos — listings with 5+ images convert significantly better. Cover different spaces, angles, and event set-ups"
Showcase Bluewater	https://www.kentvenues.co.uk/venues/showcase-bluewater	64	facilities	warning	"Only 2 facilities listed (Parking, Bar)"	"Expand the amenities list to include everything guests would want to know — WiFi, AV, parking, catering options, accessibility features"
Showcase Bluewater	https://www.kentvenues.co.uk/venues/showcase-bluewater	64	accommodation	info	No accommodation details on the listing	"If on-site accommodation exists, add room count, types and pricing. If not, mention nearby hotel options for wedding parties"
Showcase Bluewater	https://www.kentvenues.co.uk/venues/showcase-bluewater	64	accessibility	warning	No accessibility information on the listing	"Add accessibility details: wheelchair access, step-free routes, accessible toilets, hearing loops, and accessible parking bays"
Showcase Bluewater	https://www.kentvenues.co.uk/venues/showcase-bluewater	64	contact	warning	"Missing social media link(s): Instagram (shown as a dead ""#"" link)"	"Add the venue's Instagram profile URL(s) — the placeholder ""#"" links look broken to visitors"
Showcase Bluewater	https://www.kentvenues.co.uk/venues/showcase-bluewater	64	contact	suggestion	No phone number displayed	Add a direct phone number for enquirers who prefer to call
Showcase Bluewater	https://www.kentvenues.co.uk/venues/showcase-bluewater	64	description	suggestion	No guest reviews or testimonials displayed	Collect and display client testimonials to build trust and credibility
Signature Flight Support Biggin Hill	https://www.kentvenues.co.uk/venues/signature-flight-support-biggin-hill	17	description	warning	Description is very short (65 characters)	"Expand the description to at least 200 characters covering key details like venue style, setting, and ideal event types"
Signature Flight Support Biggin Hill	https://www.kentvenues.co.uk/venues/signature-flight-support-biggin-hill	17	capacity	critical	No capacity information anywhere on the listing	"Add clear capacity figures: seated capacity, standing/reception capacity, and cabaret/boardroom/theatre layouts for each space"
Signature Flight Support Biggin Hill	https://www.kentvenues.co.uk/venues/signature-flight-support-biggin-hill	17	photos	warning	Only 1 photo(s) on the listing	"Add more photos — listings with 5+ images convert significantly better. Cover different spaces, angles, and event set-ups"
Signature Flight Support Biggin Hill	https://www.kentvenues.co.uk/venues/signature-flight-support-biggin-hill	17	facilities	critical	No facilities or amenities listed	"Add a complete amenities list: WiFi, AV equipment, heating, air conditioning, kitchen access, etc."
Signature Flight Support Biggin Hill	https://www.kentvenues.co.uk/venues/signature-flight-support-biggin-hill	17	parking	warning	No parking information on the listing	"Add parking details: number of spaces, on-site vs nearby, disabled bays, EV charging, and any charges"
Signature Flight Support Biggin Hill	https://www.kentvenues.co.uk/venues/signature-flight-support-biggin-hill	17	catering	warning	No catering or food/drink information on the listing	"Clarify catering options: in-house catering, approved caterers list, BYO alcohol policy, and dietary accommodations"
Signature Flight Support Biggin Hill	https://www.kentvenues.co.uk/venues/signature-flight-support-biggin-hill	17	accommodation	info	No accommodation details on the listing	"If on-site accommodation exists, add room count, types and pricing. If not, mention nearby hotel options for wedding parties"
Signature Flight Support Biggin Hill	https://www.kentvenues.co.uk/venues/signature-flight-support-biggin-hill	17	accessibility	warning	No accessibility information on the listing	"Add accessibility details: wheelchair access, step-free routes, accessible toilets, hearing loops, and accessible parking bays"
Signature Flight Support Biggin Hill	https://www.kentvenues.co.uk/venues/signature-flight-support-biggin-hill	17	contact	suggestion	No phone number displayed	Add a direct phone number for enquirers who prefer to call
Signature Flight Support Biggin Hill	https://www.kentvenues.co.uk/venues/signature-flight-support-biggin-hill	17	description	suggestion	No guest reviews or testimonials displayed	Collect and display client testimonials to build trust and credibility
Singleton Barn	https://www.kentvenues.co.uk/venues/singleton-barn-2	71	capacity	critical	No capacity information anywhere on the listing	"Add clear capacity figures: seated capacity, standing/reception capacity, and cabaret/boardroom/theatre layouts for each space"
Singleton Barn	https://www.kentvenues.co.uk/venues/singleton-barn-2	71	photos	suggestion	Only 4 photos — could add more	"Aim for 8-10 photos covering exterior, each main space, and example event set-ups"
Singleton Barn	https://www.kentvenues.co.uk/venues/singleton-barn-2	71	accommodation	info	No accommodation details on the listing	"If on-site accommodation exists, add room count, types and pricing. If not, mention nearby hotel options for wedding parties"
Singleton Barn	https://www.kentvenues.co.uk/venues/singleton-barn-2	71	contact	suggestion	No phone number displayed	Add a direct phone number for enquirers who prefer to call
Singleton Barn	https://www.kentvenues.co.uk/venues/singleton-barn-2	71	description	suggestion	No guest reviews or testimonials displayed	Collect and display client testimonials to build trust and credibility
Singleton Environment Centre	https://www.kentvenues.co.uk/venues/singleton-environment-centre	66	capacity	critical	No capacity information anywhere on the listing	"Add clear capacity figures: seated capacity, standing/reception capacity, and cabaret/boardroom/theatre layouts for each space"
Singleton Environment Centre	https://www.kentvenues.co.uk/venues/singleton-environment-centre	66	photos	warning	Only 2 photo(s) on the listing	"Add more photos — listings with 5+ images convert significantly better. Cover different spaces, angles, and event set-ups"
Singleton Environment Centre	https://www.kentvenues.co.uk/venues/singleton-environment-centre	66	accommodation	info	No accommodation details on the listing	"If on-site accommodation exists, add room count, types and pricing. If not, mention nearby hotel options for wedding parties"
Singleton Environment Centre	https://www.kentvenues.co.uk/venues/singleton-environment-centre	66	contact	suggestion	No phone number displayed	Add a direct phone number for enquirers who prefer to call
Singleton Environment Centre	https://www.kentvenues.co.uk/venues/singleton-environment-centre	66	description	suggestion	No guest reviews or testimonials displayed	Collect and display client testimonials to build trust and credibility
Smiths Court Hotel	https://www.kentvenues.co.uk/venues/smiths-court-hotel	57	capacity	critical	No capacity information anywhere on the listing	"Add clear capacity figures: seated capacity, standing/reception capacity, and cabaret/boardroom/theatre layouts for each space"
Smiths Court Hotel	https://www.kentvenues.co.uk/venues/smiths-court-hotel	57	photos	warning	Only 2 photo(s) on the listing	"Add more photos — listings with 5+ images convert significantly better. Cover different spaces, angles, and event set-ups"
Smiths Court Hotel	https://www.kentvenues.co.uk/venues/smiths-court-hotel	57	facilities	warning	"Only 2 facilities listed (Wifi, Parking)"	"Expand the amenities list to include everything guests would want to know — WiFi, AV, parking, catering options, accessibility features"
Smiths Court Hotel	https://www.kentvenues.co.uk/venues/smiths-court-hotel	57	accessibility	warning	No accessibility information on the listing	"Add accessibility details: wheelchair access, step-free routes, accessible toilets, hearing loops, and accessible parking bays"
Smiths Court Hotel	https://www.kentvenues.co.uk/venues/smiths-court-hotel	57	contact	suggestion	No phone number displayed	Add a direct phone number for enquirers who prefer to call
Smiths Court Hotel	https://www.kentvenues.co.uk/venues/smiths-court-hotel	57	description	suggestion	No guest reviews or testimonials displayed	Collect and display client testimonials to build trust and credibility
Solton Manor	https://www.kentvenues.co.uk/venues/solton-manor	65	photos	suggestion	Only 4 photos — could add more	"Aim for 8-10 photos covering exterior, each main space, and example event set-ups"
Solton Manor	https://www.kentvenues.co.uk/venues/solton-manor	65	facilities	warning	"Only 2 facilities listed (Accommodation, Restaurant)"	"Expand the amenities list to include everything guests would want to know — WiFi, AV, parking, catering options, accessibility features"
Solton Manor	https://www.kentvenues.co.uk/venues/solton-manor	65	parking	warning	No parking information on the listing	"Add parking details: number of spaces, on-site vs nearby, disabled bays, EV charging, and any charges"
Solton Manor	https://www.kentvenues.co.uk/venues/solton-manor	65	accessibility	warning	No accessibility information on the listing	"Add accessibility details: wheelchair access, step-free routes, accessible toilets, hearing loops, and accessible parking bays"
Solton Manor	https://www.kentvenues.co.uk/venues/solton-manor	65	contact	warning	"Missing social media link(s): Twitter/X (shown as a dead ""#"" link)"	"Add the venue's Twitter/X profile URL(s) — the placeholder ""#"" links look broken to visitors"
Solton Manor	https://www.kentvenues.co.uk/venues/solton-manor	65	contact	suggestion	No phone number displayed	Add a direct phone number for enquirers who prefer to call
Solton Manor	https://www.kentvenues.co.uk/venues/solton-manor	65	description	suggestion	No guest reviews or testimonials displayed	Collect and display client testimonials to build trust and credibility
Southcliff Hotel	https://www.kentvenues.co.uk/venues/southcliff-hotel	69	photos	suggestion	Only 3 photos — could add more	"Aim for 8-10 photos covering exterior, each main space, and example event set-ups"
Southcliff Hotel	https://www.kentvenues.co.uk/venues/southcliff-hotel	69	facilities	warning	Only 1 facilities listed (Wifi)	"Expand the amenities list to include everything guests would want to know — WiFi, AV, parking, catering options, accessibility features"
Southcliff Hotel	https://www.kentvenues.co.uk/venues/southcliff-hotel	69	parking	warning	No parking information on the listing	"Add parking details: number of spaces, on-site vs nearby, disabled bays, EV charging, and any charges"
Southcliff Hotel	https://www.kentvenues.co.uk/venues/southcliff-hotel	69	accessibility	warning	No accessibility information on the listing	"Add accessibility details: wheelchair access, step-free routes, accessible toilets, hearing loops, and accessible parking bays"
Southcliff Hotel	https://www.kentvenues.co.uk/venues/southcliff-hotel	69	contact	suggestion	No phone number displayed	Add a direct phone number for enquirers who prefer to call
Southcliff Hotel	https://www.kentvenues.co.uk/venues/southcliff-hotel	69	description	suggestion	No guest reviews or testimonials displayed	Collect and display client testimonials to build trust and credibility
Southern Valley Golf Club	https://www.kentvenues.co.uk/venues/southern-valley-golf-club	64	capacity	critical	No capacity information anywhere on the listing	"Add clear capacity figures: seated capacity, standing/reception capacity, and cabaret/boardroom/theatre layouts for each space"
Southern Valley Golf Club	https://www.kentvenues.co.uk/venues/southern-valley-golf-club	64	accommodation	info	No accommodation details on the listing	"If on-site accommodation exists, add room count, types and pricing. If not, mention nearby hotel options for wedding parties"
Southern Valley Golf Club	https://www.kentvenues.co.uk/venues/southern-valley-golf-club	64	accessibility	warning	No accessibility information on the listing	"Add accessibility details: wheelchair access, step-free routes, accessible toilets, hearing loops, and accessible parking bays"
Southern Valley Golf Club	https://www.kentvenues.co.uk/venues/southern-valley-golf-club	64	contact	warning	"Missing social media link(s): Instagram (shown as a dead ""#"" link)"	"Add the venue's Instagram profile URL(s) — the placeholder ""#"" links look broken to visitors"
Southern Valley Golf Club	https://www.kentvenues.co.uk/venues/southern-valley-golf-club	64	contact	suggestion	No phone number displayed	Add a direct phone number for enquirers who prefer to call
Southern Valley Golf Club	https://www.kentvenues.co.uk/venues/southern-valley-golf-club	64	description	suggestion	No guest reviews or testimonials displayed	Collect and display client testimonials to build trust and credibility
Sprivers Mansion	https://www.kentvenues.co.uk/venues/sprivers-mansion	59	capacity	critical	No capacity information anywhere on the listing	"Add clear capacity figures: seated capacity, standing/reception capacity, and cabaret/boardroom/theatre layouts for each space"
Sprivers Mansion	https://www.kentvenues.co.uk/venues/sprivers-mansion	59	facilities	warning	"Only 2 facilities listed (Wifi, Parking)"	"Expand the amenities list to include everything guests would want to know — WiFi, AV, parking, catering options, accessibility features"
Sprivers Mansion	https://www.kentvenues.co.uk/venues/sprivers-mansion	59	accommodation	info	No accommodation details on the listing	"If on-site accommodation exists, add room count, types and pricing. If not, mention nearby hotel options for wedding parties"
Sprivers Mansion	https://www.kentvenues.co.uk/venues/sprivers-mansion	59	accessibility	warning	No accessibility information on the listing	"Add accessibility details: wheelchair access, step-free routes, accessible toilets, hearing loops, and accessible parking bays"
Sprivers Mansion	https://www.kentvenues.co.uk/venues/sprivers-mansion	59	contact	warning	"Missing social media link(s): Twitter/X (shown as a dead ""#"" link)"	"Add the venue's Twitter/X profile URL(s) — the placeholder ""#"" links look broken to visitors"
Sprivers Mansion	https://www.kentvenues.co.uk/venues/sprivers-mansion	59	contact	suggestion	No phone number displayed	Add a direct phone number for enquirers who prefer to call
Sprivers Mansion	https://www.kentvenues.co.uk/venues/sprivers-mansion	59	description	suggestion	No guest reviews or testimonials displayed	Collect and display client testimonials to build trust and credibility
Squerryes Court	https://www.kentvenues.co.uk/venues/squerryes-court	46	capacity	critical	No capacity information anywhere on the listing	"Add clear capacity figures: seated capacity, standing/reception capacity, and cabaret/boardroom/theatre layouts for each space"
Squerryes Court	https://www.kentvenues.co.uk/venues/squerryes-court	46	photos	suggestion	Only 3 photos — could add more	"Aim for 8-10 photos covering exterior, each main space, and example event set-ups"
Squerryes Court	https://www.kentvenues.co.uk/venues/squerryes-court	46	facilities	warning	"Only 2 facilities listed (Restaurant, Bar)"	"Expand the amenities list to include everything guests would want to know — WiFi, AV, parking, catering options, accessibility features"
Squerryes Court	https://www.kentvenues.co.uk/venues/squerryes-court	46	parking	warning	No parking information on the listing	"Add parking details: number of spaces, on-site vs nearby, disabled bays, EV charging, and any charges"
Squerryes Court	https://www.kentvenues.co.uk/venues/squerryes-court	46	accommodation	info	No accommodation details on the listing	"If on-site accommodation exists, add room count, types and pricing. If not, mention nearby hotel options for wedding parties"
Squerryes Court	https://www.kentvenues.co.uk/venues/squerryes-court	46	accessibility	warning	No accessibility information on the listing	"Add accessibility details: wheelchair access, step-free routes, accessible toilets, hearing loops, and accessible parking bays"
Squerryes Court	https://www.kentvenues.co.uk/venues/squerryes-court	46	contact	warning	"Missing social media link(s): Twitter/X, Instagram (shown as a dead ""#"" link)"	"Add the venue's Twitter/X and Instagram profile URL(s) — the placeholder ""#"" links look broken to visitors"
Squerryes Court	https://www.kentvenues.co.uk/venues/squerryes-court	46	contact	suggestion	No phone number displayed	Add a direct phone number for enquirers who prefer to call
Squerryes Court	https://www.kentvenues.co.uk/venues/squerryes-court	46	description	suggestion	No guest reviews or testimonials displayed	Collect and display client testimonials to build trust and credibility
St Augustines	https://www.kentvenues.co.uk/venues/st-augustines	40	capacity	critical	No capacity information anywhere on the listing	"Add clear capacity figures: seated capacity, standing/reception capacity, and cabaret/boardroom/theatre layouts for each space"
St Augustines	https://www.kentvenues.co.uk/venues/st-augustines	40	photos	suggestion	Only 4 photos — could add more	"Aim for 8-10 photos covering exterior, each main space, and example event set-ups"
St Augustines	https://www.kentvenues.co.uk/venues/st-augustines	40	facilities	critical	No facilities or amenities listed	"Add a complete amenities list: WiFi, AV equipment, heating, air conditioning, kitchen access, etc."
St Augustines	https://www.kentvenues.co.uk/venues/st-augustines	40	parking	warning	No parking information on the listing	"Add parking details: number of spaces, on-site vs nearby, disabled bays, EV charging, and any charges"
St Augustines	https://www.kentvenues.co.uk/venues/st-augustines	40	accommodation	info	No accommodation details on the listing	"If on-site accommodation exists, add room count, types and pricing. If not, mention nearby hotel options for wedding parties"
St Augustines	https://www.kentvenues.co.uk/venues/st-augustines	40	accessibility	warning	No accessibility information on the listing	"Add accessibility details: wheelchair access, step-free routes, accessible toilets, hearing loops, and accessible parking bays"
St Augustines	https://www.kentvenues.co.uk/venues/st-augustines	40	contact	suggestion	No phone number displayed	Add a direct phone number for enquirers who prefer to call
St Augustines	https://www.kentvenues.co.uk/venues/st-augustines	40	description	suggestion	No guest reviews or testimonials displayed	Collect and display client testimonials to build trust and credibility
St Augustine's Priory	https://www.kentvenues.co.uk/venues/st-augustines-priory	53	photos	warning	Only 2 photo(s) on the listing	"Add more photos — listings with 5+ images convert significantly better. Cover different spaces, angles, and event set-ups"
St Augustine's Priory	https://www.kentvenues.co.uk/venues/st-augustines-priory	53	facilities	critical	No facilities or amenities listed	"Add a complete amenities list: WiFi, AV equipment, heating, air conditioning, kitchen access, etc."
St Augustine's Priory	https://www.kentvenues.co.uk/venues/st-augustines-priory	53	parking	warning	No parking information on the listing	"Add parking details: number of spaces, on-site vs nearby, disabled bays, EV charging, and any charges"
St Augustine's Priory	https://www.kentvenues.co.uk/venues/st-augustines-priory	53	contact	warning	No social media links — all three social icons are unfilled placeholders	"Add the venue's Facebook, Twitter/X and Instagram profile URLs"
St Augustine's Priory	https://www.kentvenues.co.uk/venues/st-augustines-priory	53	contact	suggestion	No venue website link on the listing	Embed or link the venue's own website so visitors can research further
St Augustine's Priory	https://www.kentvenues.co.uk/venues/st-augustines-priory	53	contact	suggestion	No phone number displayed	Add a direct phone number for enquirers who prefer to call
St Augustine's Priory	https://www.kentvenues.co.uk/venues/st-augustines-priory	53	description	suggestion	No guest reviews or testimonials displayed	Collect and display client testimonials to build trust and credibility
St Barnabas Church Hall	https://www.kentvenues.co.uk/venues/st-barnabas-church-hall	69	capacity	critical	No capacity information anywhere on the listing	"Add clear capacity figures: seated capacity, standing/reception capacity, and cabaret/boardroom/theatre layouts for each space"
St Barnabas Church Hall	https://www.kentvenues.co.uk/venues/st-barnabas-church-hall	69	catering	warning	No catering or food/drink information on the listing	"Clarify catering options: in-house catering, approved caterers list, BYO alcohol policy, and dietary accommodations"
St Barnabas Church Hall	https://www.kentvenues.co.uk/venues/st-barnabas-church-hall	69	contact	suggestion	No phone number displayed	Add a direct phone number for enquirers who prefer to call
St Barnabas Church Hall	https://www.kentvenues.co.uk/venues/st-barnabas-church-hall	69	description	suggestion	No guest reviews or testimonials displayed	Collect and display client testimonials to build trust and credibility
St Barnabas Church Hall	https://www.kentvenues.co.uk/venues/st-barnabas-church-hall	69	facilities	suggestion	Large venue has no individual rooms/spaces listed	"Break the venue into bookable spaces with individual descriptions, capacities, and photos"
St Clere Estate	https://www.kentvenues.co.uk/venues/st-clere-estate	28	capacity	critical	No capacity information anywhere on the listing	"Add clear capacity figures: seated capacity, standing/reception capacity, and cabaret/boardroom/theatre layouts for each space"
St Clere Estate	https://www.kentvenues.co.uk/venues/st-clere-estate	28	photos	suggestion	Only 4 photos — could add more	"Aim for 8-10 photos covering exterior, each main space, and example event set-ups"
St Clere Estate	https://www.kentvenues.co.uk/venues/st-clere-estate	28	facilities	critical	No facilities or amenities listed	"Add a complete amenities list: WiFi, AV equipment, heating, air conditioning, kitchen access, etc."
St Clere Estate	https://www.kentvenues.co.uk/venues/st-clere-estate	28	parking	warning	No parking information on the listing	"Add parking details: number of spaces, on-site vs nearby, disabled bays, EV charging, and any charges"
St Clere Estate	https://www.kentvenues.co.uk/venues/st-clere-estate	28	catering	warning	No catering or food/drink information on the listing	"Clarify catering options: in-house catering, approved caterers list, BYO alcohol policy, and dietary accommodations"
St Clere Estate	https://www.kentvenues.co.uk/venues/st-clere-estate	28	accommodation	info	No accommodation details on the listing	"If on-site accommodation exists, add room count, types and pricing. If not, mention nearby hotel options for wedding parties"
St Clere Estate	https://www.kentvenues.co.uk/venues/st-clere-estate	28	accessibility	warning	No accessibility information on the listing	"Add accessibility details: wheelchair access, step-free routes, accessible toilets, hearing loops, and accessible parking bays"
St Clere Estate	https://www.kentvenues.co.uk/venues/st-clere-estate	28	contact	warning	"Missing social media link(s): Instagram (shown as a dead ""#"" link)"	"Add the venue's Instagram profile URL(s) — the placeholder ""#"" links look broken to visitors"
St Clere Estate	https://www.kentvenues.co.uk/venues/st-clere-estate	28	contact	suggestion	No phone number displayed	Add a direct phone number for enquirers who prefer to call
St Clere Estate	https://www.kentvenues.co.uk/venues/st-clere-estate	28	description	suggestion	No guest reviews or testimonials displayed	Collect and display client testimonials to build trust and credibility
St Edmund’s School	https://www.kentvenues.co.uk/venues/st-edmunds-school	58	capacity	critical	No capacity information anywhere on the listing	"Add clear capacity figures: seated capacity, standing/reception capacity, and cabaret/boardroom/theatre layouts for each space"
St Edmund’s School	https://www.kentvenues.co.uk/venues/st-edmunds-school	58	photos	suggestion	Only 3 photos — could add more	"Aim for 8-10 photos covering exterior, each main space, and example event set-ups"
St Edmund’s School	https://www.kentvenues.co.uk/venues/st-edmunds-school	58	facilities	warning	Only 1 facilities listed (Parking)	"Expand the amenities list to include everything guests would want to know — WiFi, AV, parking, catering options, accessibility features"
St Edmund’s School	https://www.kentvenues.co.uk/venues/st-edmunds-school	58	accommodation	info	No accommodation details on the listing	"If on-site accommodation exists, add room count, types and pricing. If not, mention nearby hotel options for wedding parties"
St Edmund’s School	https://www.kentvenues.co.uk/venues/st-edmunds-school	58	accessibility	warning	No accessibility information on the listing	"Add accessibility details: wheelchair access, step-free routes, accessible toilets, hearing loops, and accessible parking bays"
St Edmund’s School	https://www.kentvenues.co.uk/venues/st-edmunds-school	58	contact	suggestion	No phone number displayed	Add a direct phone number for enquirers who prefer to call
St Edmund’s School	https://www.kentvenues.co.uk/venues/st-edmunds-school	58	description	suggestion	No guest reviews or testimonials displayed	Collect and display client testimonials to build trust and credibility
St George Hotel	https://www.kentvenues.co.uk/venues/st-george-hotel	76	capacity	critical	No capacity information anywhere on the listing	"Add clear capacity figures: seated capacity, standing/reception capacity, and cabaret/boardroom/theatre layouts for each space"
St George Hotel	https://www.kentvenues.co.uk/venues/st-george-hotel	76	contact	warning	"Missing social media link(s): Twitter/X, Instagram (shown as a dead ""#"" link)"	"Add the venue's Twitter/X and Instagram profile URL(s) — the placeholder ""#"" links look broken to visitors"
St George Hotel	https://www.kentvenues.co.uk/venues/st-george-hotel	76	contact	suggestion	No phone number displayed	Add a direct phone number for enquirers who prefer to call
St George Hotel	https://www.kentvenues.co.uk/venues/st-george-hotel	76	description	suggestion	No guest reviews or testimonials displayed	Collect and display client testimonials to build trust and credibility
St George's Business Park	https://www.kentvenues.co.uk/venues/st-georges-business-park	49	capacity	critical	No capacity information anywhere on the listing	"Add clear capacity figures: seated capacity, standing/reception capacity, and cabaret/boardroom/theatre layouts for each space"
St George's Business Park	https://www.kentvenues.co.uk/venues/st-georges-business-park	49	photos	warning	Only 2 photo(s) on the listing	"Add more photos — listings with 5+ images convert significantly better. Cover different spaces, angles, and event set-ups"
St George's Business Park	https://www.kentvenues.co.uk/venues/st-georges-business-park	49	facilities	warning	"Only 2 facilities listed (Wifi, Parking)"	"Expand the amenities list to include everything guests would want to know — WiFi, AV, parking, catering options, accessibility features"
St George's Business Park	https://www.kentvenues.co.uk/venues/st-georges-business-park	49	accommodation	info	No accommodation details on the listing	"If on-site accommodation exists, add room count, types and pricing. If not, mention nearby hotel options for wedding parties"
St George's Business Park	https://www.kentvenues.co.uk/venues/st-georges-business-park	49	accessibility	warning	No accessibility information on the listing	"Add accessibility details: wheelchair access, step-free routes, accessible toilets, hearing loops, and accessible parking bays"
St George's Business Park	https://www.kentvenues.co.uk/venues/st-georges-business-park	49	contact	warning	"Missing social media link(s): Twitter/X, Instagram (shown as a dead ""#"" link)"	"Add the venue's Twitter/X and Instagram profile URL(s) — the placeholder ""#"" links look broken to visitors"
St George's Business Park	https://www.kentvenues.co.uk/venues/st-georges-business-park	49	contact	suggestion	No phone number displayed	Add a direct phone number for enquirers who prefer to call
St George's Business Park	https://www.kentvenues.co.uk/venues/st-georges-business-park	49	description	suggestion	No guest reviews or testimonials displayed	Collect and display client testimonials to build trust and credibility
St Julians Club	https://www.kentvenues.co.uk/venues/st-julians-club	45	capacity	critical	No capacity information anywhere on the listing	"Add clear capacity figures: seated capacity, standing/reception capacity, and cabaret/boardroom/theatre layouts for each space"
St Julians Club	https://www.kentvenues.co.uk/venues/st-julians-club	45	facilities	critical	No facilities or amenities listed	"Add a complete amenities list: WiFi, AV equipment, heating, air conditioning, kitchen access, etc."
St Julians Club	https://www.kentvenues.co.uk/venues/st-julians-club	45	parking	warning	No parking information on the listing	"Add parking details: number of spaces, on-site vs nearby, disabled bays, EV charging, and any charges"
St Julians Club	https://www.kentvenues.co.uk/venues/st-julians-club	45	accommodation	info	No accommodation details on the listing	"If on-site accommodation exists, add room count, types and pricing. If not, mention nearby hotel options for wedding parties"
St Julians Club	https://www.kentvenues.co.uk/venues/st-julians-club	45	accessibility	warning	No accessibility information on the listing	"Add accessibility details: wheelchair access, step-free routes, accessible toilets, hearing loops, and accessible parking bays"
St Julians Club	https://www.kentvenues.co.uk/venues/st-julians-club	45	contact	suggestion	No phone number displayed	Add a direct phone number for enquirers who prefer to call
St Julians Club	https://www.kentvenues.co.uk/venues/st-julians-club	45	description	suggestion	No guest reviews or testimonials displayed	Collect and display client testimonials to build trust and credibility
St Martin's Priory	https://www.kentvenues.co.uk/venues/st-martins-priory	41	capacity	critical	No capacity information anywhere on the listing	"Add clear capacity figures: seated capacity, standing/reception capacity, and cabaret/boardroom/theatre layouts for each space"
St Martin's Priory	https://www.kentvenues.co.uk/venues/st-martins-priory	41	facilities	critical	No facilities or amenities listed	"Add a complete amenities list: WiFi, AV equipment, heating, air conditioning, kitchen access, etc."
St Martin's Priory	https://www.kentvenues.co.uk/venues/st-martins-priory	41	parking	warning	No parking information on the listing	"Add parking details: number of spaces, on-site vs nearby, disabled bays, EV charging, and any charges"
St Martin's Priory	https://www.kentvenues.co.uk/venues/st-martins-priory	41	accommodation	info	No accommodation details on the listing	"If on-site accommodation exists, add room count, types and pricing. If not, mention nearby hotel options for wedding parties"
St Martin's Priory	https://www.kentvenues.co.uk/venues/st-martins-priory	41	accessibility	warning	No accessibility information on the listing	"Add accessibility details: wheelchair access, step-free routes, accessible toilets, hearing loops, and accessible parking bays"
St Martin's Priory	https://www.kentvenues.co.uk/venues/st-martins-priory	41	contact	warning	"Missing social media link(s): Facebook, Instagram (shown as a dead ""#"" link)"	"Add the venue's Facebook and Instagram profile URL(s) — the placeholder ""#"" links look broken to visitors"
St Martin's Priory	https://www.kentvenues.co.uk/venues/st-martins-priory	41	contact	suggestion	No phone number displayed	Add a direct phone number for enquirers who prefer to call
St Martin's Priory	https://www.kentvenues.co.uk/venues/st-martins-priory	41	description	suggestion	No guest reviews or testimonials displayed	Collect and display client testimonials to build trust and credibility
St Peters Hall	https://www.kentvenues.co.uk/venues/st-peters-hall	0	description	critical	Missing or extremely short venue description	"Write a detailed description (200+ words) covering the venue's character, history, setting, and what makes it unique"
St Peters Hall	https://www.kentvenues.co.uk/venues/st-peters-hall	0	capacity	critical	No capacity information anywhere on the listing	"Add clear capacity figures: seated capacity, standing/reception capacity, and cabaret/boardroom/theatre layouts for each space"
St Peters Hall	https://www.kentvenues.co.uk/venues/st-peters-hall	0	photos	critical	No photographs on the listing	"Add a minimum of 5 high-quality photographs showing the venue exterior, main spaces, and set-up examples"
St Peters Hall	https://www.kentvenues.co.uk/venues/st-peters-hall	0	facilities	critical	No facilities or amenities listed	"Add a complete amenities list: WiFi, AV equipment, heating, air conditioning, kitchen access, etc."
St Peters Hall	https://www.kentvenues.co.uk/venues/st-peters-hall	0	parking	warning	No parking information on the listing	"Add parking details: number of spaces, on-site vs nearby, disabled bays, EV charging, and any charges"
St Peters Hall	https://www.kentvenues.co.uk/venues/st-peters-hall	0	catering	warning	No catering or food/drink information on the listing	"Clarify catering options: in-house catering, approved caterers list, BYO alcohol policy, and dietary accommodations"
St Peters Hall	https://www.kentvenues.co.uk/venues/st-peters-hall	0	accommodation	info	No accommodation details on the listing	"If on-site accommodation exists, add room count, types and pricing. If not, mention nearby hotel options for wedding parties"
St Peters Hall	https://www.kentvenues.co.uk/venues/st-peters-hall	0	accessibility	warning	No accessibility information on the listing	"Add accessibility details: wheelchair access, step-free routes, accessible toilets, hearing loops, and accessible parking bays"
St Peters Hall	https://www.kentvenues.co.uk/venues/st-peters-hall	0	contact	critical	"No contact information at all — no email, no social media, no website link"	Add at minimum a contact email and the venue's website and social media links so enquirers can reach the venue directly
St Peters Hall	https://www.kentvenues.co.uk/venues/st-peters-hall	0	description	suggestion	No guest reviews or testimonials displayed	Collect and display client testimonials to build trust and credibility
St Peters Hall	https://www.kentvenues.co.uk/venues/st-peters-hall	0	facilities	suggestion	Large venue has no individual rooms/spaces listed	"Break the venue into bookable spaces with individual descriptions, capacities, and photos"
Stone Lodge B&B	https://www.kentvenues.co.uk/venues/stone-lodge-b-b	28	capacity	critical	No capacity information anywhere on the listing	"Add clear capacity figures: seated capacity, standing/reception capacity, and cabaret/boardroom/theatre layouts for each space"
Stone Lodge B&B	https://www.kentvenues.co.uk/venues/stone-lodge-b-b	28	photos	suggestion	Only 3 photos — could add more	"Aim for 8-10 photos covering exterior, each main space, and example event set-ups"
Stone Lodge B&B	https://www.kentvenues.co.uk/venues/stone-lodge-b-b	28	facilities	critical	No facilities or amenities listed	"Add a complete amenities list: WiFi, AV equipment, heating, air conditioning, kitchen access, etc."
Stone Lodge B&B	https://www.kentvenues.co.uk/venues/stone-lodge-b-b	28	parking	warning	No parking information on the listing	"Add parking details: number of spaces, on-site vs nearby, disabled bays, EV charging, and any charges"
Stone Lodge B&B	https://www.kentvenues.co.uk/venues/stone-lodge-b-b	28	accessibility	warning	No accessibility information on the listing	"Add accessibility details: wheelchair access, step-free routes, accessible toilets, hearing loops, and accessible parking bays"
Stone Lodge B&B	https://www.kentvenues.co.uk/venues/stone-lodge-b-b	28	contact	warning	No contact email address behind the enquiry form	Set the venue's enquiry email so the contact form reaches the venue (currently enquirers can only use the site-wide form)
Stone Lodge B&B	https://www.kentvenues.co.uk/venues/stone-lodge-b-b	28	contact	warning	No social media links — all three social icons are unfilled placeholders	"Add the venue's Facebook, Twitter/X and Instagram profile URLs"
Stone Lodge B&B	https://www.kentvenues.co.uk/venues/stone-lodge-b-b	28	contact	suggestion	No phone number displayed	Add a direct phone number for enquirers who prefer to call
Stone Lodge B&B	https://www.kentvenues.co.uk/venues/stone-lodge-b-b	28	description	suggestion	No guest reviews or testimonials displayed	Collect and display client testimonials to build trust and credibility
Stonelees Golf Centre	https://www.kentvenues.co.uk/venues/stonelees-golf-centre	83	accessibility	warning	No accessibility information on the listing	"Add accessibility details: wheelchair access, step-free routes, accessible toilets, hearing loops, and accessible parking bays"
Stonelees Golf Centre	https://www.kentvenues.co.uk/venues/stonelees-golf-centre	83	contact	warning	"Missing social media link(s): Instagram (shown as a dead ""#"" link)"	"Add the venue's Instagram profile URL(s) — the placeholder ""#"" links look broken to visitors"
Stonelees Golf Centre	https://www.kentvenues.co.uk/venues/stonelees-golf-centre	83	contact	suggestion	No phone number displayed	Add a direct phone number for enquirers who prefer to call
Stonelees Golf Centre	https://www.kentvenues.co.uk/venues/stonelees-golf-centre	83	description	suggestion	No guest reviews or testimonials displayed	Collect and display client testimonials to build trust and credibility
Stour Centre	https://www.kentvenues.co.uk/venues/stour-centre	23	description	warning	Description is very short (72 characters)	"Expand the description to at least 200 characters covering key details like venue style, setting, and ideal event types"
Stour Centre	https://www.kentvenues.co.uk/venues/stour-centre	23	capacity	critical	No capacity information anywhere on the listing	"Add clear capacity figures: seated capacity, standing/reception capacity, and cabaret/boardroom/theatre layouts for each space"
Stour Centre	https://www.kentvenues.co.uk/venues/stour-centre	23	photos	warning	Only 1 photo(s) on the listing	"Add more photos — listings with 5+ images convert significantly better. Cover different spaces, angles, and event set-ups"
Stour Centre	https://www.kentvenues.co.uk/venues/stour-centre	23	facilities	warning	Only 1 facilities listed (Swimming Pool)	"Expand the amenities list to include everything guests would want to know — WiFi, AV, parking, catering options, accessibility features"
Stour Centre	https://www.kentvenues.co.uk/venues/stour-centre	23	parking	warning	No parking information on the listing	"Add parking details: number of spaces, on-site vs nearby, disabled bays, EV charging, and any charges"
Stour Centre	https://www.kentvenues.co.uk/venues/stour-centre	23	catering	warning	No catering or food/drink information on the listing	"Clarify catering options: in-house catering, approved caterers list, BYO alcohol policy, and dietary accommodations"
Stour Centre	https://www.kentvenues.co.uk/venues/stour-centre	23	accommodation	info	No accommodation details on the listing	"If on-site accommodation exists, add room count, types and pricing. If not, mention nearby hotel options for wedding parties"
Stour Centre	https://www.kentvenues.co.uk/venues/stour-centre	23	accessibility	warning	No accessibility information on the listing	"Add accessibility details: wheelchair access, step-free routes, accessible toilets, hearing loops, and accessible parking bays"
Stour Centre	https://www.kentvenues.co.uk/venues/stour-centre	23	contact	warning	"Missing social media link(s): Twitter/X (shown as a dead ""#"" link)"	"Add the venue's Twitter/X profile URL(s) — the placeholder ""#"" links look broken to visitors"
Stour Centre	https://www.kentvenues.co.uk/venues/stour-centre	23	contact	suggestion	No phone number displayed	Add a direct phone number for enquirers who prefer to call
Stour Centre	https://www.kentvenues.co.uk/venues/stour-centre	23	description	suggestion	No guest reviews or testimonials displayed	Collect and display client testimonials to build trust and credibility
Sun Pier House	https://www.kentvenues.co.uk/venues/sun-pier-house	36	capacity	critical	No capacity information anywhere on the listing	"Add clear capacity figures: seated capacity, standing/reception capacity, and cabaret/boardroom/theatre layouts for each space"
Sun Pier House	https://www.kentvenues.co.uk/venues/sun-pier-house	36	photos	suggestion	Only 4 photos — could add more	"Aim for 8-10 photos covering exterior, each main space, and example event set-ups"
Sun Pier House	https://www.kentvenues.co.uk/venues/sun-pier-house	36	facilities	critical	No facilities or amenities listed	"Add a complete amenities list: WiFi, AV equipment, heating, air conditioning, kitchen access, etc."
Sun Pier House	https://www.kentvenues.co.uk/venues/sun-pier-house	36	parking	warning	No parking information on the listing	"Add parking details: number of spaces, on-site vs nearby, disabled bays, EV charging, and any charges"
Sun Pier House	https://www.kentvenues.co.uk/venues/sun-pier-house	36	catering	warning	No catering or food/drink information on the listing	"Clarify catering options: in-house catering, approved caterers list, BYO alcohol policy, and dietary accommodations"
Sun Pier House	https://www.kentvenues.co.uk/venues/sun-pier-house	36	accessibility	warning	No accessibility information on the listing	"Add accessibility details: wheelchair access, step-free routes, accessible toilets, hearing loops, and accessible parking bays"
Sun Pier House	https://www.kentvenues.co.uk/venues/sun-pier-house	36	contact	suggestion	No phone number displayed	Add a direct phone number for enquirers who prefer to call
Sun Pier House	https://www.kentvenues.co.uk/venues/sun-pier-house	36	description	suggestion	No guest reviews or testimonials displayed	Collect and display client testimonials to build trust and credibility
Sundridge Park Manor	https://www.kentvenues.co.uk/venues/sundridge-park-manor	28	capacity	critical	No capacity information anywhere on the listing	"Add clear capacity figures: seated capacity, standing/reception capacity, and cabaret/boardroom/theatre layouts for each space"
Sundridge Park Manor	https://www.kentvenues.co.uk/venues/sundridge-park-manor	28	photos	suggestion	Only 3 photos — could add more	"Aim for 8-10 photos covering exterior, each main space, and example event set-ups"
Sundridge Park Manor	https://www.kentvenues.co.uk/venues/sundridge-park-manor	28	facilities	critical	No facilities or amenities listed	"Add a complete amenities list: WiFi, AV equipment, heating, air conditioning, kitchen access, etc."
Sundridge Park Manor	https://www.kentvenues.co.uk/venues/sundridge-park-manor	28	parking	warning	No parking information on the listing	"Add parking details: number of spaces, on-site vs nearby, disabled bays, EV charging, and any charges"
Sundridge Park Manor	https://www.kentvenues.co.uk/venues/sundridge-park-manor	28	catering	warning	No catering or food/drink information on the listing	"Clarify catering options: in-house catering, approved caterers list, BYO alcohol policy, and dietary accommodations"
Sundridge Park Manor	https://www.kentvenues.co.uk/venues/sundridge-park-manor	28	accommodation	info	No accommodation details on the listing	"If on-site accommodation exists, add room count, types and pricing. If not, mention nearby hotel options for wedding parties"
Sundridge Park Manor	https://www.kentvenues.co.uk/venues/sundridge-park-manor	28	accessibility	warning	No accessibility information on the listing	"Add accessibility details: wheelchair access, step-free routes, accessible toilets, hearing loops, and accessible parking bays"
Sundridge Park Manor	https://www.kentvenues.co.uk/venues/sundridge-park-manor	28	contact	warning	"Missing social media link(s): Twitter/X (shown as a dead ""#"" link)"	"Add the venue's Twitter/X profile URL(s) — the placeholder ""#"" links look broken to visitors"
Sundridge Park Manor	https://www.kentvenues.co.uk/venues/sundridge-park-manor	28	contact	suggestion	No phone number displayed	Add a direct phone number for enquirers who prefer to call
Sundridge Park Manor	https://www.kentvenues.co.uk/venues/sundridge-park-manor	28	description	suggestion	No guest reviews or testimonials displayed	Collect and display client testimonials to build trust and credibility
Swarling Manor	https://www.kentvenues.co.uk/venues/swarling-manor	32	capacity	critical	No capacity information anywhere on the listing	"Add clear capacity figures: seated capacity, standing/reception capacity, and cabaret/boardroom/theatre layouts for each space"
Swarling Manor	https://www.kentvenues.co.uk/venues/swarling-manor	32	photos	suggestion	Only 4 photos — could add more	"Aim for 8-10 photos covering exterior, each main space, and example event set-ups"
Swarling Manor	https://www.kentvenues.co.uk/venues/swarling-manor	32	facilities	critical	No facilities or amenities listed	"Add a complete amenities list: WiFi, AV equipment, heating, air conditioning, kitchen access, etc."
Swarling Manor	https://www.kentvenues.co.uk/venues/swarling-manor	32	parking	warning	No parking information on the listing	"Add parking details: number of spaces, on-site vs nearby, disabled bays, EV charging, and any charges"
Swarling Manor	https://www.kentvenues.co.uk/venues/swarling-manor	32	catering	warning	No catering or food/drink information on the listing	"Clarify catering options: in-house catering, approved caterers list, BYO alcohol policy, and dietary accommodations"
Swarling Manor	https://www.kentvenues.co.uk/venues/swarling-manor	32	accommodation	info	No accommodation details on the listing	"If on-site accommodation exists, add room count, types and pricing. If not, mention nearby hotel options for wedding parties"
Swarling Manor	https://www.kentvenues.co.uk/venues/swarling-manor	32	accessibility	warning	No accessibility information on the listing	"Add accessibility details: wheelchair access, step-free routes, accessible toilets, hearing loops, and accessible parking bays"
Swarling Manor	https://www.kentvenues.co.uk/venues/swarling-manor	32	contact	suggestion	No phone number displayed	Add a direct phone number for enquirers who prefer to call
Swarling Manor	https://www.kentvenues.co.uk/venues/swarling-manor	32	description	suggestion	No guest reviews or testimonials displayed	Collect and display client testimonials to build trust and credibility
Tacos Locos	https://www.kentvenues.co.uk/venues/tacos-locos	36	capacity	critical	No capacity information anywhere on the listing	"Add clear capacity figures: seated capacity, standing/reception capacity, and cabaret/boardroom/theatre layouts for each space"
Tacos Locos	https://www.kentvenues.co.uk/venues/tacos-locos	36	photos	suggestion	Only 4 photos — could add more	"Aim for 8-10 photos covering exterior, each main space, and example event set-ups"
Tacos Locos	https://www.kentvenues.co.uk/venues/tacos-locos	36	facilities	critical	No facilities or amenities listed	"Add a complete amenities list: WiFi, AV equipment, heating, air conditioning, kitchen access, etc."
Tacos Locos	https://www.kentvenues.co.uk/venues/tacos-locos	36	parking	warning	No parking information on the listing	"Add parking details: number of spaces, on-site vs nearby, disabled bays, EV charging, and any charges"
Tacos Locos	https://www.kentvenues.co.uk/venues/tacos-locos	36	accommodation	info	No accommodation details on the listing	"If on-site accommodation exists, add room count, types and pricing. If not, mention nearby hotel options for wedding parties"
Tacos Locos	https://www.kentvenues.co.uk/venues/tacos-locos	36	accessibility	warning	No accessibility information on the listing	"Add accessibility details: wheelchair access, step-free routes, accessible toilets, hearing loops, and accessible parking bays"
Tacos Locos	https://www.kentvenues.co.uk/venues/tacos-locos	36	contact	warning	"Missing social media link(s): Instagram (shown as a dead ""#"" link)"	"Add the venue's Instagram profile URL(s) — the placeholder ""#"" links look broken to visitors"
Tacos Locos	https://www.kentvenues.co.uk/venues/tacos-locos	36	contact	suggestion	No phone number displayed	Add a direct phone number for enquirers who prefer to call
Tacos Locos	https://www.kentvenues.co.uk/venues/tacos-locos	36	description	suggestion	No guest reviews or testimonials displayed	Collect and display client testimonials to build trust and credibility
Taproom Ashford	https://www.kentvenues.co.uk/venues/taproom-ashford	10	capacity	critical	No capacity information anywhere on the listing	"Add clear capacity figures: seated capacity, standing/reception capacity, and cabaret/boardroom/theatre layouts for each space"
Taproom Ashford	https://www.kentvenues.co.uk/venues/taproom-ashford	10	photos	critical	No photographs on the listing	"Add a minimum of 5 high-quality photographs showing the venue exterior, main spaces, and set-up examples"
Taproom Ashford	https://www.kentvenues.co.uk/venues/taproom-ashford	10	facilities	critical	No facilities or amenities listed	"Add a complete amenities list: WiFi, AV equipment, heating, air conditioning, kitchen access, etc."
Taproom Ashford	https://www.kentvenues.co.uk/venues/taproom-ashford	10	parking	warning	No parking information on the listing	"Add parking details: number of spaces, on-site vs nearby, disabled bays, EV charging, and any charges"
Taproom Ashford	https://www.kentvenues.co.uk/venues/taproom-ashford	10	catering	warning	No catering or food/drink information on the listing	"Clarify catering options: in-house catering, approved caterers list, BYO alcohol policy, and dietary accommodations"
Taproom Ashford	https://www.kentvenues.co.uk/venues/taproom-ashford	10	accommodation	info	No accommodation details on the listing	"If on-site accommodation exists, add room count, types and pricing. If not, mention nearby hotel options for wedding parties"
Taproom Ashford	https://www.kentvenues.co.uk/venues/taproom-ashford	10	accessibility	warning	No accessibility information on the listing	"Add accessibility details: wheelchair access, step-free routes, accessible toilets, hearing loops, and accessible parking bays"
Taproom Ashford	https://www.kentvenues.co.uk/venues/taproom-ashford	10	contact	warning	"Missing social media link(s): Twitter/X, Instagram (shown as a dead ""#"" link)"	"Add the venue's Twitter/X and Instagram profile URL(s) — the placeholder ""#"" links look broken to visitors"
Taproom Ashford	https://www.kentvenues.co.uk/venues/taproom-ashford	10	contact	suggestion	No venue website link on the listing	Embed or link the venue's own website so visitors can research further
Taproom Ashford	https://www.kentvenues.co.uk/venues/taproom-ashford	10	contact	suggestion	No phone number displayed	Add a direct phone number for enquirers who prefer to call
Taproom Ashford	https://www.kentvenues.co.uk/venues/taproom-ashford	10	description	suggestion	No guest reviews or testimonials displayed	Collect and display client testimonials to build trust and credibility
Tenterden Town Hall	https://www.kentvenues.co.uk/venues/tenterden-town-hall	0	description	critical	Missing or extremely short venue description	"Write a detailed description (200+ words) covering the venue's character, history, setting, and what makes it unique"
Tenterden Town Hall	https://www.kentvenues.co.uk/venues/tenterden-town-hall	0	capacity	critical	No capacity information anywhere on the listing	"Add clear capacity figures: seated capacity, standing/reception capacity, and cabaret/boardroom/theatre layouts for each space"
Tenterden Town Hall	https://www.kentvenues.co.uk/venues/tenterden-town-hall	0	photos	critical	No photographs on the listing	"Add a minimum of 5 high-quality photographs showing the venue exterior, main spaces, and set-up examples"
Tenterden Town Hall	https://www.kentvenues.co.uk/venues/tenterden-town-hall	0	facilities	critical	No facilities or amenities listed	"Add a complete amenities list: WiFi, AV equipment, heating, air conditioning, kitchen access, etc."
Tenterden Town Hall	https://www.kentvenues.co.uk/venues/tenterden-town-hall	0	parking	warning	No parking information on the listing	"Add parking details: number of spaces, on-site vs nearby, disabled bays, EV charging, and any charges"
Tenterden Town Hall	https://www.kentvenues.co.uk/venues/tenterden-town-hall	0	catering	warning	No catering or food/drink information on the listing	"Clarify catering options: in-house catering, approved caterers list, BYO alcohol policy, and dietary accommodations"
Tenterden Town Hall	https://www.kentvenues.co.uk/venues/tenterden-town-hall	0	accommodation	info	No accommodation details on the listing	"If on-site accommodation exists, add room count, types and pricing. If not, mention nearby hotel options for wedding parties"
Tenterden Town Hall	https://www.kentvenues.co.uk/venues/tenterden-town-hall	0	accessibility	warning	No accessibility information on the listing	"Add accessibility details: wheelchair access, step-free routes, accessible toilets, hearing loops, and accessible parking bays"
Tenterden Town Hall	https://www.kentvenues.co.uk/venues/tenterden-town-hall	0	contact	warning	No social media links — all three social icons are unfilled placeholders	"Add the venue's Facebook, Twitter/X and Instagram profile URLs"
Tenterden Town Hall	https://www.kentvenues.co.uk/venues/tenterden-town-hall	0	contact	suggestion	No phone number displayed	Add a direct phone number for enquirers who prefer to call
Tenterden Town Hall	https://www.kentvenues.co.uk/venues/tenterden-town-hall	0	description	suggestion	No guest reviews or testimonials displayed	Collect and display client testimonials to build trust and credibility
Tenterden Town Hall	https://www.kentvenues.co.uk/venues/tenterden-town-hall	0	facilities	suggestion	Large venue has no individual rooms/spaces listed	"Break the venue into bookable spaces with individual descriptions, capacities, and photos"
Tenterden Trout Waters Coombe Farm	https://www.kentvenues.co.uk/venues/tenterden-trout-waters-coombe-farm	41	capacity	critical	No capacity information anywhere on the listing	"Add clear capacity figures: seated capacity, standing/reception capacity, and cabaret/boardroom/theatre layouts for each space"
Tenterden Trout Waters Coombe Farm	https://www.kentvenues.co.uk/venues/tenterden-trout-waters-coombe-farm	41	photos	warning	Only 2 photo(s) on the listing	"Add more photos — listings with 5+ images convert significantly better. Cover different spaces, angles, and event set-ups"
Tenterden Trout Waters Coombe Farm	https://www.kentvenues.co.uk/venues/tenterden-trout-waters-coombe-farm	41	facilities	warning	Only 1 facilities listed (Parking)	"Expand the amenities list to include everything guests would want to know — WiFi, AV, parking, catering options, accessibility features"
Tenterden Trout Waters Coombe Farm	https://www.kentvenues.co.uk/venues/tenterden-trout-waters-coombe-farm	41	catering	warning	No catering or food/drink information on the listing	"Clarify catering options: in-house catering, approved caterers list, BYO alcohol policy, and dietary accommodations"
Tenterden Trout Waters Coombe Farm	https://www.kentvenues.co.uk/venues/tenterden-trout-waters-coombe-farm	41	accommodation	info	No accommodation details on the listing	"If on-site accommodation exists, add room count, types and pricing. If not, mention nearby hotel options for wedding parties"
Tenterden Trout Waters Coombe Farm	https://www.kentvenues.co.uk/venues/tenterden-trout-waters-coombe-farm	41	accessibility	warning	No accessibility information on the listing	"Add accessibility details: wheelchair access, step-free routes, accessible toilets, hearing loops, and accessible parking bays"
Tenterden Trout Waters Coombe Farm	https://www.kentvenues.co.uk/venues/tenterden-trout-waters-coombe-farm	41	contact	warning	"Missing social media link(s): Twitter/X (shown as a dead ""#"" link)"	"Add the venue's Twitter/X profile URL(s) — the placeholder ""#"" links look broken to visitors"
Tenterden Trout Waters Coombe Farm	https://www.kentvenues.co.uk/venues/tenterden-trout-waters-coombe-farm	41	contact	suggestion	No phone number displayed	Add a direct phone number for enquirers who prefer to call
Tenterden Trout Waters Coombe Farm	https://www.kentvenues.co.uk/venues/tenterden-trout-waters-coombe-farm	41	description	suggestion	No guest reviews or testimonials displayed	Collect and display client testimonials to build trust and credibility
Thanet Training Centre	https://www.kentvenues.co.uk/venues/thanet-training-centre	0	description	warning	Description is very short (65 characters)	"Expand the description to at least 200 characters covering key details like venue style, setting, and ideal event types"
Thanet Training Centre	https://www.kentvenues.co.uk/venues/thanet-training-centre	0	capacity	critical	No capacity information anywhere on the listing	"Add clear capacity figures: seated capacity, standing/reception capacity, and cabaret/boardroom/theatre layouts for each space"
Thanet Training Centre	https://www.kentvenues.co.uk/venues/thanet-training-centre	0	photos	critical	No photographs on the listing	"Add a minimum of 5 high-quality photographs showing the venue exterior, main spaces, and set-up examples"
Thanet Training Centre	https://www.kentvenues.co.uk/venues/thanet-training-centre	0	facilities	critical	No facilities or amenities listed	"Add a complete amenities list: WiFi, AV equipment, heating, air conditioning, kitchen access, etc."
Thanet Training Centre	https://www.kentvenues.co.uk/venues/thanet-training-centre	0	parking	warning	No parking information on the listing	"Add parking details: number of spaces, on-site vs nearby, disabled bays, EV charging, and any charges"
Thanet Training Centre	https://www.kentvenues.co.uk/venues/thanet-training-centre	0	catering	warning	No catering or food/drink information on the listing	"Clarify catering options: in-house catering, approved caterers list, BYO alcohol policy, and dietary accommodations"
Thanet Training Centre	https://www.kentvenues.co.uk/venues/thanet-training-centre	0	accommodation	info	No accommodation details on the listing	"If on-site accommodation exists, add room count, types and pricing. If not, mention nearby hotel options for wedding parties"
Thanet Training Centre	https://www.kentvenues.co.uk/venues/thanet-training-centre	0	accessibility	warning	No accessibility information on the listing	"Add accessibility details: wheelchair access, step-free routes, accessible toilets, hearing loops, and accessible parking bays"
Thanet Training Centre	https://www.kentvenues.co.uk/venues/thanet-training-centre	0	contact	warning	"Missing social media link(s): Twitter/X, Instagram (shown as a dead ""#"" link)"	"Add the venue's Twitter/X and Instagram profile URL(s) — the placeholder ""#"" links look broken to visitors"
Thanet Training Centre	https://www.kentvenues.co.uk/venues/thanet-training-centre	0	contact	suggestion	No venue website link on the listing	Embed or link the venue's own website so visitors can research further
Thanet Training Centre	https://www.kentvenues.co.uk/venues/thanet-training-centre	0	contact	suggestion	No phone number displayed	Add a direct phone number for enquirers who prefer to call
Thanet Training Centre	https://www.kentvenues.co.uk/venues/thanet-training-centre	0	description	suggestion	No guest reviews or testimonials displayed	Collect and display client testimonials to build trust and credibility
The Abbey Hotel	https://www.kentvenues.co.uk/venues/the-abbey-hotel	22	capacity	critical	No capacity information anywhere on the listing	"Add clear capacity figures: seated capacity, standing/reception capacity, and cabaret/boardroom/theatre layouts for each space"
The Abbey Hotel	https://www.kentvenues.co.uk/venues/the-abbey-hotel	22	photos	warning	Only 2 photo(s) on the listing	"Add more photos — listings with 5+ images convert significantly better. Cover different spaces, angles, and event set-ups"
The Abbey Hotel	https://www.kentvenues.co.uk/venues/the-abbey-hotel	22	facilities	critical	No facilities or amenities listed	"Add a complete amenities list: WiFi, AV equipment, heating, air conditioning, kitchen access, etc."
The Abbey Hotel	https://www.kentvenues.co.uk/venues/the-abbey-hotel	22	parking	warning	No parking information on the listing	"Add parking details: number of spaces, on-site vs nearby, disabled bays, EV charging, and any charges"
The Abbey Hotel	https://www.kentvenues.co.uk/venues/the-abbey-hotel	22	catering	warning	No catering or food/drink information on the listing	"Clarify catering options: in-house catering, approved caterers list, BYO alcohol policy, and dietary accommodations"
The Abbey Hotel	https://www.kentvenues.co.uk/venues/the-abbey-hotel	22	accessibility	warning	No accessibility information on the listing	"Add accessibility details: wheelchair access, step-free routes, accessible toilets, hearing loops, and accessible parking bays"
The Abbey Hotel	https://www.kentvenues.co.uk/venues/the-abbey-hotel	22	contact	warning	No social media links — all three social icons are unfilled placeholders	"Add the venue's Facebook, Twitter/X and Instagram profile URLs"
The Abbey Hotel	https://www.kentvenues.co.uk/venues/the-abbey-hotel	22	contact	suggestion	No phone number displayed	Add a direct phone number for enquirers who prefer to call
The Abbey Hotel	https://www.kentvenues.co.uk/venues/the-abbey-hotel	22	description	suggestion	No guest reviews or testimonials displayed	Collect and display client testimonials to build trust and credibility
The Abbey Hotel	https://www.kentvenues.co.uk/venues/the-abbey-hotel	22	facilities	suggestion	Large venue has no individual rooms/spaces listed	"Break the venue into bookable spaces with individual descriptions, capacities, and photos"
Annex @ The Grange	https://www.kentvenues.co.uk/venues/the-annex-the-grange	56	capacity	critical	No capacity information anywhere on the listing	"Add clear capacity figures: seated capacity, standing/reception capacity, and cabaret/boardroom/theatre layouts for each space"
Annex @ The Grange	https://www.kentvenues.co.uk/venues/the-annex-the-grange	56	accessibility	warning	No accessibility information on the listing	"Add accessibility details: wheelchair access, step-free routes, accessible toilets, hearing loops, and accessible parking bays"
Annex @ The Grange	https://www.kentvenues.co.uk/venues/the-annex-the-grange	56	contact	warning	No contact email address behind the enquiry form	Set the venue's enquiry email so the contact form reaches the venue (currently enquirers can only use the site-wide form)
Annex @ The Grange	https://www.kentvenues.co.uk/venues/the-annex-the-grange	56	contact	warning	No social media links — all three social icons are unfilled placeholders	"Add the venue's Facebook, Twitter/X and Instagram profile URLs"
Annex @ The Grange	https://www.kentvenues.co.uk/venues/the-annex-the-grange	56	contact	suggestion	No phone number displayed	Add a direct phone number for enquirers who prefer to call
Annex @ The Grange	https://www.kentvenues.co.uk/venues/the-annex-the-grange	56	description	suggestion	No guest reviews or testimonials displayed	Collect and display client testimonials to build trust and credibility
The Appleyard	https://www.kentvenues.co.uk/venues/the-appleyard	29	capacity	critical	No capacity information anywhere on the listing	"Add clear capacity figures: seated capacity, standing/reception capacity, and cabaret/boardroom/theatre layouts for each space"
The Appleyard	https://www.kentvenues.co.uk/venues/the-appleyard	29	photos	critical	No photographs on the listing	"Add a minimum of 5 high-quality photographs showing the venue exterior, main spaces, and set-up examples"
The Appleyard	https://www.kentvenues.co.uk/venues/the-appleyard	29	facilities	warning	Only 1 facilities listed (Bar)	"Expand the amenities list to include everything guests would want to know — WiFi, AV, parking, catering options, accessibility features"
The Appleyard	https://www.kentvenues.co.uk/venues/the-appleyard	29	parking	warning	No parking information on the listing	"Add parking details: number of spaces, on-site vs nearby, disabled bays, EV charging, and any charges"
The Appleyard	https://www.kentvenues.co.uk/venues/the-appleyard	29	accommodation	info	No accommodation details on the listing	"If on-site accommodation exists, add room count, types and pricing. If not, mention nearby hotel options for wedding parties"
The Appleyard	https://www.kentvenues.co.uk/venues/the-appleyard	29	accessibility	warning	No accessibility information on the listing	"Add accessibility details: wheelchair access, step-free routes, accessible toilets, hearing loops, and accessible parking bays"
The Appleyard	https://www.kentvenues.co.uk/venues/the-appleyard	29	contact	warning	No social media links — all three social icons are unfilled placeholders	"Add the venue's Facebook, Twitter/X and Instagram profile URLs"
The Appleyard	https://www.kentvenues.co.uk/venues/the-appleyard	29	contact	suggestion	No phone number displayed	Add a direct phone number for enquirers who prefer to call
The Appleyard	https://www.kentvenues.co.uk/venues/the-appleyard	29	description	suggestion	No guest reviews or testimonials displayed	Collect and display client testimonials to build trust and credibility
The Artist's beach House	https://www.kentvenues.co.uk/venues/the-artists-beach-house	63	photos	suggestion	Only 3 photos — could add more	"Aim for 8-10 photos covering exterior, each main space, and example event set-ups"
The Artist's beach House	https://www.kentvenues.co.uk/venues/the-artists-beach-house	63	facilities	warning	"Only 2 facilities listed (Accommodation, Wedding Licence)"	"Expand the amenities list to include everything guests would want to know — WiFi, AV, parking, catering options, accessibility features"
The Artist's beach House	https://www.kentvenues.co.uk/venues/the-artists-beach-house	63	parking	warning	No parking information on the listing	"Add parking details: number of spaces, on-site vs nearby, disabled bays, EV charging, and any charges"
The Artist's beach House	https://www.kentvenues.co.uk/venues/the-artists-beach-house	63	accessibility	warning	No accessibility information on the listing	"Add accessibility details: wheelchair access, step-free routes, accessible toilets, hearing loops, and accessible parking bays"
The Artist's beach House	https://www.kentvenues.co.uk/venues/the-artists-beach-house	63	contact	warning	No social media links — all three social icons are unfilled placeholders	"Add the venue's Facebook, Twitter/X and Instagram profile URLs"
The Artist's beach House	https://www.kentvenues.co.uk/venues/the-artists-beach-house	63	contact	suggestion	No phone number displayed	Add a direct phone number for enquirers who prefer to call
The Artist's beach House	https://www.kentvenues.co.uk/venues/the-artists-beach-house	63	description	suggestion	No guest reviews or testimonials displayed	Collect and display client testimonials to build trust and credibility
The Barn Yard	https://www.kentvenues.co.uk/venues/the-barn-yard	60	facilities	critical	No facilities or amenities listed	"Add a complete amenities list: WiFi, AV equipment, heating, air conditioning, kitchen access, etc."
The Barn Yard	https://www.kentvenues.co.uk/venues/the-barn-yard	60	parking	warning	No parking information on the listing	"Add parking details: number of spaces, on-site vs nearby, disabled bays, EV charging, and any charges"
The Barn Yard	https://www.kentvenues.co.uk/venues/the-barn-yard	60	accommodation	info	No accommodation details on the listing	"If on-site accommodation exists, add room count, types and pricing. If not, mention nearby hotel options for wedding parties"
The Barn Yard	https://www.kentvenues.co.uk/venues/the-barn-yard	60	accessibility	warning	No accessibility information on the listing	"Add accessibility details: wheelchair access, step-free routes, accessible toilets, hearing loops, and accessible parking bays"
The Barn Yard	https://www.kentvenues.co.uk/venues/the-barn-yard	60	contact	suggestion	No phone number displayed	Add a direct phone number for enquirers who prefer to call
The Barn Yard	https://www.kentvenues.co.uk/venues/the-barn-yard	60	description	suggestion	No guest reviews or testimonials displayed	Collect and display client testimonials to build trust and credibility
The Beaverwood	https://www.kentvenues.co.uk/venues/the-beaverwood	2	description	critical	Listing is unclaimed — the description is auto-generated boilerplate	"Claim the listing and replace the auto-generated text with a real description (200+ words) covering character, history, setting and unique selling points"
The Beaverwood	https://www.kentvenues.co.uk/venues/the-beaverwood	2	description	warning	Description is very short (81 characters)	"Expand the description to at least 200 characters covering key details like venue style, setting, and ideal event types"
The Beaverwood	https://www.kentvenues.co.uk/venues/the-beaverwood	2	capacity	critical	No capacity information anywhere on the listing	"Add clear capacity figures: seated capacity, standing/reception capacity, and cabaret/boardroom/theatre layouts for each space"
The Beaverwood	https://www.kentvenues.co.uk/venues/the-beaverwood	2	photos	warning	Only 2 photo(s) on the listing	"Add more photos — listings with 5+ images convert significantly better. Cover different spaces, angles, and event set-ups"
The Beaverwood	https://www.kentvenues.co.uk/venues/the-beaverwood	2	facilities	critical	No facilities or amenities listed	"Add a complete amenities list: WiFi, AV equipment, heating, air conditioning, kitchen access, etc."
The Beaverwood	https://www.kentvenues.co.uk/venues/the-beaverwood	2	parking	warning	No parking information on the listing	"Add parking details: number of spaces, on-site vs nearby, disabled bays, EV charging, and any charges"
The Beaverwood	https://www.kentvenues.co.uk/venues/the-beaverwood	2	catering	warning	No catering or food/drink information on the listing	"Clarify catering options: in-house catering, approved caterers list, BYO alcohol policy, and dietary accommodations"
The Beaverwood	https://www.kentvenues.co.uk/venues/the-beaverwood	2	accommodation	info	No accommodation details on the listing	"If on-site accommodation exists, add room count, types and pricing. If not, mention nearby hotel options for wedding parties"
The Beaverwood	https://www.kentvenues.co.uk/venues/the-beaverwood	2	accessibility	warning	No accessibility information on the listing	"Add accessibility details: wheelchair access, step-free routes, accessible toilets, hearing loops, and accessible parking bays"
The Beaverwood	https://www.kentvenues.co.uk/venues/the-beaverwood	2	contact	suggestion	No phone number displayed	Add a direct phone number for enquirers who prefer to call
The Beaverwood	https://www.kentvenues.co.uk/venues/the-beaverwood	2	description	suggestion	No guest reviews or testimonials displayed	Collect and display client testimonials to build trust and credibility
The Bell Hotel	https://www.kentvenues.co.uk/venues/the-bell-hotel	39	description	critical	Listing is unclaimed — the description is auto-generated boilerplate	"Claim the listing and replace the auto-generated text with a real description (200+ words) covering character, history, setting and unique selling points"
The Bell Hotel	https://www.kentvenues.co.uk/venues/the-bell-hotel	39	description	warning	Description is very short (70 characters)	"Expand the description to at least 200 characters covering key details like venue style, setting, and ideal event types"
The Bell Hotel	https://www.kentvenues.co.uk/venues/the-bell-hotel	39	capacity	critical	No capacity information anywhere on the listing	"Add clear capacity figures: seated capacity, standing/reception capacity, and cabaret/boardroom/theatre layouts for each space"
The Bell Hotel	https://www.kentvenues.co.uk/venues/the-bell-hotel	39	parking	warning	No parking information on the listing	"Add parking details: number of spaces, on-site vs nearby, disabled bays, EV charging, and any charges"
The Bell Hotel	https://www.kentvenues.co.uk/venues/the-bell-hotel	39	accessibility	warning	No accessibility information on the listing	"Add accessibility details: wheelchair access, step-free routes, accessible toilets, hearing loops, and accessible parking bays"
The Bell Hotel	https://www.kentvenues.co.uk/venues/the-bell-hotel	39	contact	suggestion	No phone number displayed	Add a direct phone number for enquirers who prefer to call
The Bell Hotel	https://www.kentvenues.co.uk/venues/the-bell-hotel	39	description	suggestion	No guest reviews or testimonials displayed	Collect and display client testimonials to build trust and credibility
The Bistro at Lympne Castle	https://www.kentvenues.co.uk/venues/the-bistro-at-lympne-castle	57	capacity	critical	No capacity information anywhere on the listing	"Add clear capacity figures: seated capacity, standing/reception capacity, and cabaret/boardroom/theatre layouts for each space"
The Bistro at Lympne Castle	https://www.kentvenues.co.uk/venues/the-bistro-at-lympne-castle	57	facilities	critical	No facilities or amenities listed	"Add a complete amenities list: WiFi, AV equipment, heating, air conditioning, kitchen access, etc."
The Bistro at Lympne Castle	https://www.kentvenues.co.uk/venues/the-bistro-at-lympne-castle	57	accommodation	info	No accommodation details on the listing	"If on-site accommodation exists, add room count, types and pricing. If not, mention nearby hotel options for wedding parties"
The Bistro at Lympne Castle	https://www.kentvenues.co.uk/venues/the-bistro-at-lympne-castle	57	contact	warning	"Missing social media link(s): Instagram (shown as a dead ""#"" link)"	"Add the venue's Instagram profile URL(s) — the placeholder ""#"" links look broken to visitors"
The Bistro at Lympne Castle	https://www.kentvenues.co.uk/venues/the-bistro-at-lympne-castle	57	contact	suggestion	No phone number displayed	Add a direct phone number for enquirers who prefer to call
The Bistro at Lympne Castle	https://www.kentvenues.co.uk/venues/the-bistro-at-lympne-castle	57	description	suggestion	No guest reviews or testimonials displayed	Collect and display client testimonials to build trust and credibility
The Black Horse Inn	https://www.kentvenues.co.uk/venues/the-black-horse-inn	55	capacity	critical	No capacity information anywhere on the listing	"Add clear capacity figures: seated capacity, standing/reception capacity, and cabaret/boardroom/theatre layouts for each space"
The Black Horse Inn	https://www.kentvenues.co.uk/venues/the-black-horse-inn	55	facilities	warning	"Only 2 facilities listed (Wifi, HD TV)"	"Expand the amenities list to include everything guests would want to know — WiFi, AV, parking, catering options, accessibility features"
The Black Horse Inn	https://www.kentvenues.co.uk/venues/the-black-horse-inn	55	parking	warning	No parking information on the listing	"Add parking details: number of spaces, on-site vs nearby, disabled bays, EV charging, and any charges"
The Black Horse Inn	https://www.kentvenues.co.uk/venues/the-black-horse-inn	55	accessibility	warning	No accessibility information on the listing	"Add accessibility details: wheelchair access, step-free routes, accessible toilets, hearing loops, and accessible parking bays"
The Black Horse Inn	https://www.kentvenues.co.uk/venues/the-black-horse-inn	55	contact	warning	"Missing social media link(s): Instagram (shown as a dead ""#"" link)"	"Add the venue's Instagram profile URL(s) — the placeholder ""#"" links look broken to visitors"
The Black Horse Inn	https://www.kentvenues.co.uk/venues/the-black-horse-inn	55	contact	suggestion	No phone number displayed	Add a direct phone number for enquirers who prefer to call
The Black Horse Inn	https://www.kentvenues.co.uk/venues/the-black-horse-inn	55	description	suggestion	No guest reviews or testimonials displayed	Collect and display client testimonials to build trust and credibility
The Blazing Donkey Country Hotel	https://www.kentvenues.co.uk/venues/the-blazing-donkey-country-hotel	30	capacity	critical	No capacity information anywhere on the listing	"Add clear capacity figures: seated capacity, standing/reception capacity, and cabaret/boardroom/theatre layouts for each space"
The Blazing Donkey Country Hotel	https://www.kentvenues.co.uk/venues/the-blazing-donkey-country-hotel	30	facilities	critical	No facilities or amenities listed	"Add a complete amenities list: WiFi, AV equipment, heating, air conditioning, kitchen access, etc."
The Blazing Donkey Country Hotel	https://www.kentvenues.co.uk/venues/the-blazing-donkey-country-hotel	30	parking	warning	No parking information on the listing	"Add parking details: number of spaces, on-site vs nearby, disabled bays, EV charging, and any charges"
The Blazing Donkey Country Hotel	https://www.kentvenues.co.uk/venues/the-blazing-donkey-country-hotel	30	catering	warning	No catering or food/drink information on the listing	"Clarify catering options: in-house catering, approved caterers list, BYO alcohol policy, and dietary accommodations"
The Blazing Donkey Country Hotel	https://www.kentvenues.co.uk/venues/the-blazing-donkey-country-hotel	30	accommodation	info	No accommodation details on the listing	"If on-site accommodation exists, add room count, types and pricing. If not, mention nearby hotel options for wedding parties"
The Blazing Donkey Country Hotel	https://www.kentvenues.co.uk/venues/the-blazing-donkey-country-hotel	30	accessibility	warning	No accessibility information on the listing	"Add accessibility details: wheelchair access, step-free routes, accessible toilets, hearing loops, and accessible parking bays"
The Blazing Donkey Country Hotel	https://www.kentvenues.co.uk/venues/the-blazing-donkey-country-hotel	30	contact	warning	"Missing social media link(s): Twitter/X, Instagram (shown as a dead ""#"" link)"	"Add the venue's Twitter/X and Instagram profile URL(s) — the placeholder ""#"" links look broken to visitors"
The Blazing Donkey Country Hotel	https://www.kentvenues.co.uk/venues/the-blazing-donkey-country-hotel	30	contact	suggestion	No phone number displayed	Add a direct phone number for enquirers who prefer to call
The Blazing Donkey Country Hotel	https://www.kentvenues.co.uk/venues/the-blazing-donkey-country-hotel	30	description	suggestion	No guest reviews or testimonials displayed	Collect and display client testimonials to build trust and credibility
The Blazing Donkey Country Hotel	https://www.kentvenues.co.uk/venues/the-blazing-donkey-country-hotel	30	facilities	suggestion	Large venue has no individual rooms/spaces listed	"Break the venue into bookable spaces with individual descriptions, capacities, and photos"
The Bridge Nucleus	https://www.kentvenues.co.uk/venues/the-bridge-nucleus	32	capacity	critical	No capacity information anywhere on the listing	"Add clear capacity figures: seated capacity, standing/reception capacity, and cabaret/boardroom/theatre layouts for each space"
The Bridge Nucleus	https://www.kentvenues.co.uk/venues/the-bridge-nucleus	32	photos	suggestion	Only 4 photos — could add more	"Aim for 8-10 photos covering exterior, each main space, and example event set-ups"
The Bridge Nucleus	https://www.kentvenues.co.uk/venues/the-bridge-nucleus	32	facilities	critical	No facilities or amenities listed	"Add a complete amenities list: WiFi, AV equipment, heating, air conditioning, kitchen access, etc."
The Bridge Nucleus	https://www.kentvenues.co.uk/venues/the-bridge-nucleus	32	parking	warning	No parking information on the listing	"Add parking details: number of spaces, on-site vs nearby, disabled bays, EV charging, and any charges"
The Bridge Nucleus	https://www.kentvenues.co.uk/venues/the-bridge-nucleus	32	catering	warning	No catering or food/drink information on the listing	"Clarify catering options: in-house catering, approved caterers list, BYO alcohol policy, and dietary accommodations"
The Bridge Nucleus	https://www.kentvenues.co.uk/venues/the-bridge-nucleus	32	accommodation	info	No accommodation details on the listing	"If on-site accommodation exists, add room count, types and pricing. If not, mention nearby hotel options for wedding parties"
The Bridge Nucleus	https://www.kentvenues.co.uk/venues/the-bridge-nucleus	32	accessibility	warning	No accessibility information on the listing	"Add accessibility details: wheelchair access, step-free routes, accessible toilets, hearing loops, and accessible parking bays"
The Bridge Nucleus	https://www.kentvenues.co.uk/venues/the-bridge-nucleus	32	contact	suggestion	No phone number displayed	Add a direct phone number for enquirers who prefer to call
The Bridge Nucleus	https://www.kentvenues.co.uk/venues/the-bridge-nucleus	32	description	suggestion	No guest reviews or testimonials displayed	Collect and display client testimonials to build trust and credibility
The Brook Theatre	https://www.kentvenues.co.uk/venues/the-brook-theatre	3	description	critical	Listing is unclaimed — the description is auto-generated boilerplate	"Claim the listing and replace the auto-generated text with a real description (200+ words) covering character, history, setting and unique selling points"
The Brook Theatre	https://www.kentvenues.co.uk/venues/the-brook-theatre	3	description	warning	Description is very short (78 characters)	"Expand the description to at least 200 characters covering key details like venue style, setting, and ideal event types"
The Brook Theatre	https://www.kentvenues.co.uk/venues/the-brook-theatre	3	capacity	critical	No capacity information anywhere on the listing	"Add clear capacity figures: seated capacity, standing/reception capacity, and cabaret/boardroom/theatre layouts for each space"
The Brook Theatre	https://www.kentvenues.co.uk/venues/the-brook-theatre	3	photos	suggestion	Only 3 photos — could add more	"Aim for 8-10 photos covering exterior, each main space, and example event set-ups"
The Brook Theatre	https://www.kentvenues.co.uk/venues/the-brook-theatre	3	facilities	critical	No facilities or amenities listed	"Add a complete amenities list: WiFi, AV equipment, heating, air conditioning, kitchen access, etc."
The Brook Theatre	https://www.kentvenues.co.uk/venues/the-brook-theatre	3	parking	warning	No parking information on the listing	"Add parking details: number of spaces, on-site vs nearby, disabled bays, EV charging, and any charges"
The Brook Theatre	https://www.kentvenues.co.uk/venues/the-brook-theatre	3	catering	warning	No catering or food/drink information on the listing	"Clarify catering options: in-house catering, approved caterers list, BYO alcohol policy, and dietary accommodations"
The Brook Theatre	https://www.kentvenues.co.uk/venues/the-brook-theatre	3	accommodation	info	No accommodation details on the listing	"If on-site accommodation exists, add room count, types and pricing. If not, mention nearby hotel options for wedding parties"
The Brook Theatre	https://www.kentvenues.co.uk/venues/the-brook-theatre	3	accessibility	warning	No accessibility information on the listing	"Add accessibility details: wheelchair access, step-free routes, accessible toilets, hearing loops, and accessible parking bays"
The Brook Theatre	https://www.kentvenues.co.uk/venues/the-brook-theatre	3	contact	warning	"Missing social media link(s): Instagram (shown as a dead ""#"" link)"	"Add the venue's Instagram profile URL(s) — the placeholder ""#"" links look broken to visitors"
The Brook Theatre	https://www.kentvenues.co.uk/venues/the-brook-theatre	3	contact	suggestion	No phone number displayed	Add a direct phone number for enquirers who prefer to call
The Brook Theatre	https://www.kentvenues.co.uk/venues/the-brook-theatre	3	description	suggestion	No guest reviews or testimonials displayed	Collect and display client testimonials to build trust and credibility
The Bull Hotel	https://www.kentvenues.co.uk/venues/the-bull-hotel	17	description	critical	Missing or extremely short venue description	"Write a detailed description (200+ words) covering the venue's character, history, setting, and what makes it unique"
The Bull Hotel	https://www.kentvenues.co.uk/venues/the-bull-hotel	17	capacity	critical	No capacity information anywhere on the listing	"Add clear capacity figures: seated capacity, standing/reception capacity, and cabaret/boardroom/theatre layouts for each space"
The Bull Hotel	https://www.kentvenues.co.uk/venues/the-bull-hotel	17	photos	suggestion	Only 3 photos — could add more	"Aim for 8-10 photos covering exterior, each main space, and example event set-ups"
The Bull Hotel	https://www.kentvenues.co.uk/venues/the-bull-hotel	17	facilities	warning	"Only 2 facilities listed (Wedding Licence, Accommodation)"	"Expand the amenities list to include everything guests would want to know — WiFi, AV, parking, catering options, accessibility features"
The Bull Hotel	https://www.kentvenues.co.uk/venues/the-bull-hotel	17	parking	warning	No parking information on the listing	"Add parking details: number of spaces, on-site vs nearby, disabled bays, EV charging, and any charges"
The Bull Hotel	https://www.kentvenues.co.uk/venues/the-bull-hotel	17	catering	warning	No catering or food/drink information on the listing	"Clarify catering options: in-house catering, approved caterers list, BYO alcohol policy, and dietary accommodations"
The Bull Hotel	https://www.kentvenues.co.uk/venues/the-bull-hotel	17	accessibility	warning	No accessibility information on the listing	"Add accessibility details: wheelchair access, step-free routes, accessible toilets, hearing loops, and accessible parking bays"
The Bull Hotel	https://www.kentvenues.co.uk/venues/the-bull-hotel	17	contact	warning	No social media links — all three social icons are unfilled placeholders	"Add the venue's Facebook, Twitter/X and Instagram profile URLs"
The Bull Hotel	https://www.kentvenues.co.uk/venues/the-bull-hotel	17	contact	suggestion	No phone number displayed	Add a direct phone number for enquirers who prefer to call
The Bull Hotel	https://www.kentvenues.co.uk/venues/the-bull-hotel	17	description	suggestion	No guest reviews or testimonials displayed	Collect and display client testimonials to build trust and credibility
The Bull Hotel	https://www.kentvenues.co.uk/venues/the-bull-hotel	17	facilities	suggestion	Large venue has no individual rooms/spaces listed	"Break the venue into bookable spaces with individual descriptions, capacities, and photos"
The Bull's Head Hotel	https://www.kentvenues.co.uk/venues/the-bulls-head-hotel	46	description	warning	Description could be more detailed (150 characters)	"Consider adding more details about the venue's atmosphere, capacity ranges, and unique features"
The Bull's Head Hotel	https://www.kentvenues.co.uk/venues/the-bulls-head-hotel	46	capacity	critical	No capacity information anywhere on the listing	"Add clear capacity figures: seated capacity, standing/reception capacity, and cabaret/boardroom/theatre layouts for each space"
The Bull's Head Hotel	https://www.kentvenues.co.uk/venues/the-bulls-head-hotel	46	photos	suggestion	Only 4 photos — could add more	"Aim for 8-10 photos covering exterior, each main space, and example event set-ups"
The Bull's Head Hotel	https://www.kentvenues.co.uk/venues/the-bulls-head-hotel	46	facilities	warning	"Only 2 facilities listed (Restaurant, Bar)"	"Expand the amenities list to include everything guests would want to know — WiFi, AV, parking, catering options, accessibility features"
The Bull's Head Hotel	https://www.kentvenues.co.uk/venues/the-bulls-head-hotel	46	parking	warning	No parking information on the listing	"Add parking details: number of spaces, on-site vs nearby, disabled bays, EV charging, and any charges"
The Bull's Head Hotel	https://www.kentvenues.co.uk/venues/the-bulls-head-hotel	46	accessibility	warning	No accessibility information on the listing	"Add accessibility details: wheelchair access, step-free routes, accessible toilets, hearing loops, and accessible parking bays"
The Bull's Head Hotel	https://www.kentvenues.co.uk/venues/the-bulls-head-hotel	46	contact	suggestion	No phone number displayed	Add a direct phone number for enquirers who prefer to call
The Bull's Head Hotel	https://www.kentvenues.co.uk/venues/the-bulls-head-hotel	46	description	suggestion	No guest reviews or testimonials displayed	Collect and display client testimonials to build trust and credibility
The Bull's Head Hotel	https://www.kentvenues.co.uk/venues/the-bulls-head-hotel	46	facilities	suggestion	Large venue has no individual rooms/spaces listed	"Break the venue into bookable spaces with individual descriptions, capacities, and photos"
The Burlington Hotel	https://www.kentvenues.co.uk/venues/the-burlington-hotel	82	facilities	warning	"Only 2 facilities listed (Wifi, Parking)"	"Expand the amenities list to include everything guests would want to know — WiFi, AV, parking, catering options, accessibility features"
The Burlington Hotel	https://www.kentvenues.co.uk/venues/the-burlington-hotel	82	accessibility	warning	No accessibility information on the listing	"Add accessibility details: wheelchair access, step-free routes, accessible toilets, hearing loops, and accessible parking bays"
The Burlington Hotel	https://www.kentvenues.co.uk/venues/the-burlington-hotel	82	contact	suggestion	No phone number displayed	Add a direct phone number for enquirers who prefer to call
The Burlington Hotel	https://www.kentvenues.co.uk/venues/the-burlington-hotel	82	description	suggestion	No guest reviews or testimonials displayed	Collect and display client testimonials to build trust and credibility
The Camden Centre	https://www.kentvenues.co.uk/venues/the-camden-centre	0	description	critical	Listing is unclaimed — the description is auto-generated boilerplate	"Claim the listing and replace the auto-generated text with a real description (200+ words) covering character, history, setting and unique selling points"
The Camden Centre	https://www.kentvenues.co.uk/venues/the-camden-centre	0	description	warning	Description is very short (84 characters)	"Expand the description to at least 200 characters covering key details like venue style, setting, and ideal event types"
The Camden Centre	https://www.kentvenues.co.uk/venues/the-camden-centre	0	capacity	critical	No capacity information anywhere on the listing	"Add clear capacity figures: seated capacity, standing/reception capacity, and cabaret/boardroom/theatre layouts for each space"
The Camden Centre	https://www.kentvenues.co.uk/venues/the-camden-centre	0	photos	warning	Only 2 photo(s) on the listing	"Add more photos — listings with 5+ images convert significantly better. Cover different spaces, angles, and event set-ups"
The Camden Centre	https://www.kentvenues.co.uk/venues/the-camden-centre	0	facilities	critical	No facilities or amenities listed	"Add a complete amenities list: WiFi, AV equipment, heating, air conditioning, kitchen access, etc."
The Camden Centre	https://www.kentvenues.co.uk/venues/the-camden-centre	0	parking	warning	No parking information on the listing	"Add parking details: number of spaces, on-site vs nearby, disabled bays, EV charging, and any charges"
The Camden Centre	https://www.kentvenues.co.uk/venues/the-camden-centre	0	catering	warning	No catering or food/drink information on the listing	"Clarify catering options: in-house catering, approved caterers list, BYO alcohol policy, and dietary accommodations"
The Camden Centre	https://www.kentvenues.co.uk/venues/the-camden-centre	0	accommodation	info	No accommodation details on the listing	"If on-site accommodation exists, add room count, types and pricing. If not, mention nearby hotel options for wedding parties"
The Camden Centre	https://www.kentvenues.co.uk/venues/the-camden-centre	0	accessibility	warning	No accessibility information on the listing	"Add accessibility details: wheelchair access, step-free routes, accessible toilets, hearing loops, and accessible parking bays"
The Camden Centre	https://www.kentvenues.co.uk/venues/the-camden-centre	0	contact	warning	"Missing social media link(s): Instagram (shown as a dead ""#"" link)"	"Add the venue's Instagram profile URL(s) — the placeholder ""#"" links look broken to visitors"
The Camden Centre	https://www.kentvenues.co.uk/venues/the-camden-centre	0	contact	suggestion	No phone number displayed	Add a direct phone number for enquirers who prefer to call
The Camden Centre	https://www.kentvenues.co.uk/venues/the-camden-centre	0	description	suggestion	No guest reviews or testimonials displayed	Collect and display client testimonials to build trust and credibility
The Causeway Hall	https://www.kentvenues.co.uk/venues/the-causeway-hall	3	description	critical	Listing is unclaimed — the description is auto-generated boilerplate	"Claim the listing and replace the auto-generated text with a real description (200+ words) covering character, history, setting and unique selling points"
The Causeway Hall	https://www.kentvenues.co.uk/venues/the-causeway-hall	3	description	warning	Description is very short (89 characters)	"Expand the description to at least 200 characters covering key details like venue style, setting, and ideal event types"
The Causeway Hall	https://www.kentvenues.co.uk/venues/the-causeway-hall	3	capacity	critical	No capacity information anywhere on the listing	"Add clear capacity figures: seated capacity, standing/reception capacity, and cabaret/boardroom/theatre layouts for each space"
The Causeway Hall	https://www.kentvenues.co.uk/venues/the-causeway-hall	3	photos	suggestion	Only 3 photos — could add more	"Aim for 8-10 photos covering exterior, each main space, and example event set-ups"
The Causeway Hall	https://www.kentvenues.co.uk/venues/the-causeway-hall	3	facilities	critical	No facilities or amenities listed	"Add a complete amenities list: WiFi, AV equipment, heating, air conditioning, kitchen access, etc."
The Causeway Hall	https://www.kentvenues.co.uk/venues/the-causeway-hall	3	parking	warning	No parking information on the listing	"Add parking details: number of spaces, on-site vs nearby, disabled bays, EV charging, and any charges"
The Causeway Hall	https://www.kentvenues.co.uk/venues/the-causeway-hall	3	catering	warning	No catering or food/drink information on the listing	"Clarify catering options: in-house catering, approved caterers list, BYO alcohol policy, and dietary accommodations"
The Causeway Hall	https://www.kentvenues.co.uk/venues/the-causeway-hall	3	accommodation	info	No accommodation details on the listing	"If on-site accommodation exists, add room count, types and pricing. If not, mention nearby hotel options for wedding parties"
The Causeway Hall	https://www.kentvenues.co.uk/venues/the-causeway-hall	3	accessibility	warning	No accessibility information on the listing	"Add accessibility details: wheelchair access, step-free routes, accessible toilets, hearing loops, and accessible parking bays"
The Causeway Hall	https://www.kentvenues.co.uk/venues/the-causeway-hall	3	contact	warning	"Missing social media link(s): Instagram (shown as a dead ""#"" link)"	"Add the venue's Instagram profile URL(s) — the placeholder ""#"" links look broken to visitors"
The Causeway Hall	https://www.kentvenues.co.uk/venues/the-causeway-hall	3	contact	suggestion	No phone number displayed	Add a direct phone number for enquirers who prefer to call
The Causeway Hall	https://www.kentvenues.co.uk/venues/the-causeway-hall	3	description	suggestion	No guest reviews or testimonials displayed	Collect and display client testimonials to build trust and credibility
The Clarendon Royal Hotel	https://www.kentvenues.co.uk/venues/the-clarendon-royal-hotel	60	capacity	critical	No capacity information anywhere on the listing	"Add clear capacity figures: seated capacity, standing/reception capacity, and cabaret/boardroom/theatre layouts for each space"
The Clarendon Royal Hotel	https://www.kentvenues.co.uk/venues/the-clarendon-royal-hotel	60	photos	suggestion	Only 4 photos — could add more	"Aim for 8-10 photos covering exterior, each main space, and example event set-ups"
The Clarendon Royal Hotel	https://www.kentvenues.co.uk/venues/the-clarendon-royal-hotel	60	accessibility	warning	No accessibility information on the listing	"Add accessibility details: wheelchair access, step-free routes, accessible toilets, hearing loops, and accessible parking bays"
The Clarendon Royal Hotel	https://www.kentvenues.co.uk/venues/the-clarendon-royal-hotel	60	contact	warning	"Missing social media link(s): Twitter/X, Instagram (shown as a dead ""#"" link)"	"Add the venue's Twitter/X and Instagram profile URL(s) — the placeholder ""#"" links look broken to visitors"
The Clarendon Royal Hotel	https://www.kentvenues.co.uk/venues/the-clarendon-royal-hotel	60	contact	suggestion	No phone number displayed	Add a direct phone number for enquirers who prefer to call
The Clarendon Royal Hotel	https://www.kentvenues.co.uk/venues/the-clarendon-royal-hotel	60	description	suggestion	No guest reviews or testimonials displayed	Collect and display client testimonials to build trust and credibility
The Clarendon Royal Hotel	https://www.kentvenues.co.uk/venues/the-clarendon-royal-hotel	60	facilities	suggestion	Large venue has no individual rooms/spaces listed	"Break the venue into bookable spaces with individual descriptions, capacities, and photos"
The Climbing Experience	https://www.kentvenues.co.uk/venues/the-climbing-experience	79	accommodation	info	No accommodation details on the listing	"If on-site accommodation exists, add room count, types and pricing. If not, mention nearby hotel options for wedding parties"
The Climbing Experience	https://www.kentvenues.co.uk/venues/the-climbing-experience	79	accessibility	warning	No accessibility information on the listing	"Add accessibility details: wheelchair access, step-free routes, accessible toilets, hearing loops, and accessible parking bays"
The Climbing Experience	https://www.kentvenues.co.uk/venues/the-climbing-experience	79	contact	warning	"Missing social media link(s): Twitter/X (shown as a dead ""#"" link)"	"Add the venue's Twitter/X profile URL(s) — the placeholder ""#"" links look broken to visitors"
The Climbing Experience	https://www.kentvenues.co.uk/venues/the-climbing-experience	79	contact	suggestion	No phone number displayed	Add a direct phone number for enquirers who prefer to call
The Climbing Experience	https://www.kentvenues.co.uk/venues/the-climbing-experience	79	description	suggestion	No guest reviews or testimonials displayed	Collect and display client testimonials to build trust and credibility
The Conningbrook Hotel	https://www.kentvenues.co.uk/venues/the-conningbrook-hotel	55	capacity	critical	No capacity information anywhere on the listing	"Add clear capacity figures: seated capacity, standing/reception capacity, and cabaret/boardroom/theatre layouts for each space"
The Conningbrook Hotel	https://www.kentvenues.co.uk/venues/the-conningbrook-hotel	55	facilities	warning	"Only 2 facilities listed (Bar, Restaurant)"	"Expand the amenities list to include everything guests would want to know — WiFi, AV, parking, catering options, accessibility features"
The Conningbrook Hotel	https://www.kentvenues.co.uk/venues/the-conningbrook-hotel	55	parking	warning	No parking information on the listing	"Add parking details: number of spaces, on-site vs nearby, disabled bays, EV charging, and any charges"
The Conningbrook Hotel	https://www.kentvenues.co.uk/venues/the-conningbrook-hotel	55	accessibility	warning	No accessibility information on the listing	"Add accessibility details: wheelchair access, step-free routes, accessible toilets, hearing loops, and accessible parking bays"
The Conningbrook Hotel	https://www.kentvenues.co.uk/venues/the-conningbrook-hotel	55	contact	warning	"Missing social media link(s): Twitter/X (shown as a dead ""#"" link)"	"Add the venue's Twitter/X profile URL(s) — the placeholder ""#"" links look broken to visitors"
The Conningbrook Hotel	https://www.kentvenues.co.uk/venues/the-conningbrook-hotel	55	contact	suggestion	No phone number displayed	Add a direct phone number for enquirers who prefer to call
The Conningbrook Hotel	https://www.kentvenues.co.uk/venues/the-conningbrook-hotel	55	description	suggestion	No guest reviews or testimonials displayed	Collect and display client testimonials to build trust and credibility
The Crescent Turner Hotel	https://www.kentvenues.co.uk/venues/the-crescent-turner-hotel	73	photos	suggestion	Only 4 photos — could add more	"Aim for 8-10 photos covering exterior, each main space, and example event set-ups"
The Crescent Turner Hotel	https://www.kentvenues.co.uk/venues/the-crescent-turner-hotel	73	parking	warning	No parking information on the listing	"Add parking details: number of spaces, on-site vs nearby, disabled bays, EV charging, and any charges"
The Crescent Turner Hotel	https://www.kentvenues.co.uk/venues/the-crescent-turner-hotel	73	contact	warning	No social media links — all three social icons are unfilled placeholders	"Add the venue's Facebook, Twitter/X and Instagram profile URLs"
The Crescent Turner Hotel	https://www.kentvenues.co.uk/venues/the-crescent-turner-hotel	73	contact	suggestion	No phone number displayed	Add a direct phone number for enquirers who prefer to call
The Crescent Turner Hotel	https://www.kentvenues.co.uk/venues/the-crescent-turner-hotel	73	description	suggestion	No guest reviews or testimonials displayed	Collect and display client testimonials to build trust and credibility
The Crescent Turner Hotel	https://www.kentvenues.co.uk/venues/the-crescent-turner-hotel	73	facilities	suggestion	Large venue has no individual rooms/spaces listed	"Break the venue into bookable spaces with individual descriptions, capacities, and photos"
The Crown Inn Chislehurst	https://www.kentvenues.co.uk/venues/the-crown-inn	76	capacity	critical	No capacity information anywhere on the listing	"Add clear capacity figures: seated capacity, standing/reception capacity, and cabaret/boardroom/theatre layouts for each space"
The Crown Inn Chislehurst	https://www.kentvenues.co.uk/venues/the-crown-inn	76	contact	warning	"Missing social media link(s): Instagram (shown as a dead ""#"" link)"	"Add the venue's Instagram profile URL(s) — the placeholder ""#"" links look broken to visitors"
The Crown Inn Chislehurst	https://www.kentvenues.co.uk/venues/the-crown-inn	76	contact	suggestion	No phone number displayed	Add a direct phone number for enquirers who prefer to call
The Crown Inn Chislehurst	https://www.kentvenues.co.uk/venues/the-crown-inn	76	description	suggestion	No guest reviews or testimonials displayed	Collect and display client testimonials to build trust and credibility
The Cue Club	https://www.kentvenues.co.uk/venues/the-cue-club	0	description	critical	Missing or extremely short venue description	"Write a detailed description (200+ words) covering the venue's character, history, setting, and what makes it unique"
The Cue Club	https://www.kentvenues.co.uk/venues/the-cue-club	0	capacity	critical	No capacity information anywhere on the listing	"Add clear capacity figures: seated capacity, standing/reception capacity, and cabaret/boardroom/theatre layouts for each space"
The Cue Club	https://www.kentvenues.co.uk/venues/the-cue-club	0	photos	critical	No photographs on the listing	"Add a minimum of 5 high-quality photographs showing the venue exterior, main spaces, and set-up examples"
The Cue Club	https://www.kentvenues.co.uk/venues/the-cue-club	0	facilities	critical	No facilities or amenities listed	"Add a complete amenities list: WiFi, AV equipment, heating, air conditioning, kitchen access, etc."
The Cue Club	https://www.kentvenues.co.uk/venues/the-cue-club	0	parking	warning	No parking information on the listing	"Add parking details: number of spaces, on-site vs nearby, disabled bays, EV charging, and any charges"
The Cue Club	https://www.kentvenues.co.uk/venues/the-cue-club	0	catering	warning	No catering or food/drink information on the listing	"Clarify catering options: in-house catering, approved caterers list, BYO alcohol policy, and dietary accommodations"
The Cue Club	https://www.kentvenues.co.uk/venues/the-cue-club	0	accommodation	info	No accommodation details on the listing	"If on-site accommodation exists, add room count, types and pricing. If not, mention nearby hotel options for wedding parties"
The Cue Club	https://www.kentvenues.co.uk/venues/the-cue-club	0	accessibility	warning	No accessibility information on the listing	"Add accessibility details: wheelchair access, step-free routes, accessible toilets, hearing loops, and accessible parking bays"
The Cue Club	https://www.kentvenues.co.uk/venues/the-cue-club	0	contact	critical	"No contact information at all — no email, no social media, no website link"	Add at minimum a contact email and the venue's website and social media links so enquirers can reach the venue directly
The Cue Club	https://www.kentvenues.co.uk/venues/the-cue-club	0	description	suggestion	No guest reviews or testimonials displayed	Collect and display client testimonials to build trust and credibility
The Darenth	https://www.kentvenues.co.uk/venues/the-darenth	65	photos	suggestion	Only 4 photos — could add more	"Aim for 8-10 photos covering exterior, each main space, and example event set-ups"
The Darenth	https://www.kentvenues.co.uk/venues/the-darenth	65	facilities	warning	"Only 2 facilities listed (Golf courses, Accommodation)"	"Expand the amenities list to include everything guests would want to know — WiFi, AV, parking, catering options, accessibility features"
The Darenth	https://www.kentvenues.co.uk/venues/the-darenth	65	parking	warning	No parking information on the listing	"Add parking details: number of spaces, on-site vs nearby, disabled bays, EV charging, and any charges"
The Darenth	https://www.kentvenues.co.uk/venues/the-darenth	65	accessibility	warning	No accessibility information on the listing	"Add accessibility details: wheelchair access, step-free routes, accessible toilets, hearing loops, and accessible parking bays"
The Darenth	https://www.kentvenues.co.uk/venues/the-darenth	65	contact	warning	"Missing social media link(s): Instagram (shown as a dead ""#"" link)"	"Add the venue's Instagram profile URL(s) — the placeholder ""#"" links look broken to visitors"
The Darenth	https://www.kentvenues.co.uk/venues/the-darenth	65	contact	suggestion	No phone number displayed	Add a direct phone number for enquirers who prefer to call
The Darenth	https://www.kentvenues.co.uk/venues/the-darenth	65	description	suggestion	No guest reviews or testimonials displayed	Collect and display client testimonials to build trust and credibility
The Dering Arms	https://www.kentvenues.co.uk/venues/the-dering-arms	63	photos	suggestion	Only 3 photos — could add more	"Aim for 8-10 photos covering exterior, each main space, and example event set-ups"
The Dering Arms	https://www.kentvenues.co.uk/venues/the-dering-arms	63	facilities	critical	No facilities or amenities listed	"Add a complete amenities list: WiFi, AV equipment, heating, air conditioning, kitchen access, etc."
The Dering Arms	https://www.kentvenues.co.uk/venues/the-dering-arms	63	parking	warning	No parking information on the listing	"Add parking details: number of spaces, on-site vs nearby, disabled bays, EV charging, and any charges"
The Dering Arms	https://www.kentvenues.co.uk/venues/the-dering-arms	63	contact	warning	"Missing social media link(s): Twitter/X, Instagram (shown as a dead ""#"" link)"	"Add the venue's Twitter/X and Instagram profile URL(s) — the placeholder ""#"" links look broken to visitors"
The Dering Arms	https://www.kentvenues.co.uk/venues/the-dering-arms	63	contact	suggestion	No phone number displayed	Add a direct phone number for enquirers who prefer to call
The Dering Arms	https://www.kentvenues.co.uk/venues/the-dering-arms	63	description	suggestion	No guest reviews or testimonials displayed	Collect and display client testimonials to build trust and credibility
The Drapers Arms	https://www.kentvenues.co.uk/venues/the-drapers-arms	50	photos	warning	Only 1 photo(s) on the listing	"Add more photos — listings with 5+ images convert significantly better. Cover different spaces, angles, and event set-ups"
The Drapers Arms	https://www.kentvenues.co.uk/venues/the-drapers-arms	50	facilities	critical	No facilities or amenities listed	"Add a complete amenities list: WiFi, AV equipment, heating, air conditioning, kitchen access, etc."
The Drapers Arms	https://www.kentvenues.co.uk/venues/the-drapers-arms	50	parking	warning	No parking information on the listing	"Add parking details: number of spaces, on-site vs nearby, disabled bays, EV charging, and any charges"
The Drapers Arms	https://www.kentvenues.co.uk/venues/the-drapers-arms	50	accommodation	info	No accommodation details on the listing	"If on-site accommodation exists, add room count, types and pricing. If not, mention nearby hotel options for wedding parties"
The Drapers Arms	https://www.kentvenues.co.uk/venues/the-drapers-arms	50	accessibility	warning	No accessibility information on the listing	"Add accessibility details: wheelchair access, step-free routes, accessible toilets, hearing loops, and accessible parking bays"
The Drapers Arms	https://www.kentvenues.co.uk/venues/the-drapers-arms	50	contact	suggestion	No phone number displayed	Add a direct phone number for enquirers who prefer to call
The Drapers Arms	https://www.kentvenues.co.uk/venues/the-drapers-arms	50	description	suggestion	No guest reviews or testimonials displayed	Collect and display client testimonials to build trust and credibility
The Dreys	https://www.kentvenues.co.uk/venues/the-dreys	40	capacity	critical	No capacity information anywhere on the listing	"Add clear capacity figures: seated capacity, standing/reception capacity, and cabaret/boardroom/theatre layouts for each space"
The Dreys	https://www.kentvenues.co.uk/venues/the-dreys	40	photos	suggestion	Only 4 photos — could add more	"Aim for 8-10 photos covering exterior, each main space, and example event set-ups"
The Dreys	https://www.kentvenues.co.uk/venues/the-dreys	40	facilities	critical	No facilities or amenities listed	"Add a complete amenities list: WiFi, AV equipment, heating, air conditioning, kitchen access, etc."
The Dreys	https://www.kentvenues.co.uk/venues/the-dreys	40	parking	warning	No parking information on the listing	"Add parking details: number of spaces, on-site vs nearby, disabled bays, EV charging, and any charges"
The Dreys	https://www.kentvenues.co.uk/venues/the-dreys	40	accommodation	info	No accommodation details on the listing	"If on-site accommodation exists, add room count, types and pricing. If not, mention nearby hotel options for wedding parties"
The Dreys	https://www.kentvenues.co.uk/venues/the-dreys	40	accessibility	warning	No accessibility information on the listing	"Add accessibility details: wheelchair access, step-free routes, accessible toilets, hearing loops, and accessible parking bays"
The Dreys	https://www.kentvenues.co.uk/venues/the-dreys	40	contact	suggestion	No phone number displayed	Add a direct phone number for enquirers who prefer to call
The Dreys	https://www.kentvenues.co.uk/venues/the-dreys	40	description	suggestion	No guest reviews or testimonials displayed	Collect and display client testimonials to build trust and credibility
The Eight Bells Canterbury	https://www.kentvenues.co.uk/venues/the-eight-bells-canterbury	8	capacity	critical	No capacity information anywhere on the listing	"Add clear capacity figures: seated capacity, standing/reception capacity, and cabaret/boardroom/theatre layouts for each space"
The Eight Bells Canterbury	https://www.kentvenues.co.uk/venues/the-eight-bells-canterbury	8	photos	critical	No photographs on the listing	"Add a minimum of 5 high-quality photographs showing the venue exterior, main spaces, and set-up examples"
The Eight Bells Canterbury	https://www.kentvenues.co.uk/venues/the-eight-bells-canterbury	8	facilities	critical	No facilities or amenities listed	"Add a complete amenities list: WiFi, AV equipment, heating, air conditioning, kitchen access, etc."
The Eight Bells Canterbury	https://www.kentvenues.co.uk/venues/the-eight-bells-canterbury	8	parking	warning	No parking information on the listing	"Add parking details: number of spaces, on-site vs nearby, disabled bays, EV charging, and any charges"
The Eight Bells Canterbury	https://www.kentvenues.co.uk/venues/the-eight-bells-canterbury	8	catering	warning	No catering or food/drink information on the listing	"Clarify catering options: in-house catering, approved caterers list, BYO alcohol policy, and dietary accommodations"
The Eight Bells Canterbury	https://www.kentvenues.co.uk/venues/the-eight-bells-canterbury	8	accommodation	info	No accommodation details on the listing	"If on-site accommodation exists, add room count, types and pricing. If not, mention nearby hotel options for wedding parties"
The Eight Bells Canterbury	https://www.kentvenues.co.uk/venues/the-eight-bells-canterbury	8	accessibility	warning	No accessibility information on the listing	"Add accessibility details: wheelchair access, step-free routes, accessible toilets, hearing loops, and accessible parking bays"
The Eight Bells Canterbury	https://www.kentvenues.co.uk/venues/the-eight-bells-canterbury	8	contact	warning	No social media links — all three social icons are unfilled placeholders	"Add the venue's Facebook, Twitter/X and Instagram profile URLs"
The Eight Bells Canterbury	https://www.kentvenues.co.uk/venues/the-eight-bells-canterbury	8	contact	suggestion	No venue website link on the listing	Embed or link the venue's own website so visitors can research further
The Eight Bells Canterbury	https://www.kentvenues.co.uk/venues/the-eight-bells-canterbury	8	contact	suggestion	No phone number displayed	Add a direct phone number for enquirers who prefer to call
The Eight Bells Canterbury	https://www.kentvenues.co.uk/venues/the-eight-bells-canterbury	8	description	suggestion	No guest reviews or testimonials displayed	Collect and display client testimonials to build trust and credibility
The Engine House Bexley	https://www.kentvenues.co.uk/venues/the-engine-house-bexley	45	capacity	critical	No capacity information anywhere on the listing	"Add clear capacity figures: seated capacity, standing/reception capacity, and cabaret/boardroom/theatre layouts for each space"
The Engine House Bexley	https://www.kentvenues.co.uk/venues/the-engine-house-bexley	45	photos	warning	Only 2 photo(s) on the listing	"Add more photos — listings with 5+ images convert significantly better. Cover different spaces, angles, and event set-ups"
The Engine House Bexley	https://www.kentvenues.co.uk/venues/the-engine-house-bexley	45	facilities	warning	"Only 2 facilities listed (Wifi, Parking)"	"Expand the amenities list to include everything guests would want to know — WiFi, AV, parking, catering options, accessibility features"
The Engine House Bexley	https://www.kentvenues.co.uk/venues/the-engine-house-bexley	45	catering	warning	No catering or food/drink information on the listing	"Clarify catering options: in-house catering, approved caterers list, BYO alcohol policy, and dietary accommodations"
The Engine House Bexley	https://www.kentvenues.co.uk/venues/the-engine-house-bexley	45	accommodation	info	No accommodation details on the listing	"If on-site accommodation exists, add room count, types and pricing. If not, mention nearby hotel options for wedding parties"
The Engine House Bexley	https://www.kentvenues.co.uk/venues/the-engine-house-bexley	45	accessibility	warning	No accessibility information on the listing	"Add accessibility details: wheelchair access, step-free routes, accessible toilets, hearing loops, and accessible parking bays"
The Engine House Bexley	https://www.kentvenues.co.uk/venues/the-engine-house-bexley	45	contact	suggestion	No phone number displayed	Add a direct phone number for enquirers who prefer to call
The Engine House Bexley	https://www.kentvenues.co.uk/venues/the-engine-house-bexley	45	description	suggestion	No guest reviews or testimonials displayed	Collect and display client testimonials to build trust and credibility
The Fox Inn	https://www.kentvenues.co.uk/venues/the-fox-inn	35	description	warning	Description could be more detailed (192 characters)	"Consider adding more details about the venue's atmosphere, capacity ranges, and unique features"
The Fox Inn	https://www.kentvenues.co.uk/venues/the-fox-inn	35	capacity	critical	No capacity information anywhere on the listing	"Add clear capacity figures: seated capacity, standing/reception capacity, and cabaret/boardroom/theatre layouts for each space"
The Fox Inn	https://www.kentvenues.co.uk/venues/the-fox-inn	35	photos	suggestion	Only 3 photos — could add more	"Aim for 8-10 photos covering exterior, each main space, and example event set-ups"
The Fox Inn	https://www.kentvenues.co.uk/venues/the-fox-inn	35	facilities	critical	No facilities or amenities listed	"Add a complete amenities list: WiFi, AV equipment, heating, air conditioning, kitchen access, etc."
The Fox Inn	https://www.kentvenues.co.uk/venues/the-fox-inn	35	parking	warning	No parking information on the listing	"Add parking details: number of spaces, on-site vs nearby, disabled bays, EV charging, and any charges"
The Fox Inn	https://www.kentvenues.co.uk/venues/the-fox-inn	35	accommodation	info	No accommodation details on the listing	"If on-site accommodation exists, add room count, types and pricing. If not, mention nearby hotel options for wedding parties"
The Fox Inn	https://www.kentvenues.co.uk/venues/the-fox-inn	35	accessibility	warning	No accessibility information on the listing	"Add accessibility details: wheelchair access, step-free routes, accessible toilets, hearing loops, and accessible parking bays"
The Fox Inn	https://www.kentvenues.co.uk/venues/the-fox-inn	35	contact	suggestion	No phone number displayed	Add a direct phone number for enquirers who prefer to call
The Fox Inn	https://www.kentvenues.co.uk/venues/the-fox-inn	35	description	suggestion	No guest reviews or testimonials displayed	Collect and display client testimonials to build trust and credibility
The Friars	https://www.kentvenues.co.uk/venues/the-friars	60	capacity	critical	No capacity information anywhere on the listing	"Add clear capacity figures: seated capacity, standing/reception capacity, and cabaret/boardroom/theatre layouts for each space"
The Friars	https://www.kentvenues.co.uk/venues/the-friars	60	catering	warning	No catering or food/drink information on the listing	"Clarify catering options: in-house catering, approved caterers list, BYO alcohol policy, and dietary accommodations"
The Friars	https://www.kentvenues.co.uk/venues/the-friars	60	accessibility	warning	No accessibility information on the listing	"Add accessibility details: wheelchair access, step-free routes, accessible toilets, hearing loops, and accessible parking bays"
The Friars	https://www.kentvenues.co.uk/venues/the-friars	60	contact	warning	"Missing social media link(s): Twitter/X, Instagram (shown as a dead ""#"" link)"	"Add the venue's Twitter/X and Instagram profile URL(s) — the placeholder ""#"" links look broken to visitors"
The Friars	https://www.kentvenues.co.uk/venues/the-friars	60	contact	suggestion	No phone number displayed	Add a direct phone number for enquirers who prefer to call
The Friars	https://www.kentvenues.co.uk/venues/the-friars	60	description	suggestion	No guest reviews or testimonials displayed	Collect and display client testimonials to build trust and credibility
The Gardens Yalding	https://www.kentvenues.co.uk/venues/the-gardens-yalding	74	facilities	warning	Only 1 facilities listed (Wedding Licence)	"Expand the amenities list to include everything guests would want to know — WiFi, AV, parking, catering options, accessibility features"
The Gardens Yalding	https://www.kentvenues.co.uk/venues/the-gardens-yalding	74	parking	warning	No parking information on the listing	"Add parking details: number of spaces, on-site vs nearby, disabled bays, EV charging, and any charges"
The Gardens Yalding	https://www.kentvenues.co.uk/venues/the-gardens-yalding	74	accessibility	warning	No accessibility information on the listing	"Add accessibility details: wheelchair access, step-free routes, accessible toilets, hearing loops, and accessible parking bays"
The Gardens Yalding	https://www.kentvenues.co.uk/venues/the-gardens-yalding	74	contact	suggestion	No phone number displayed	Add a direct phone number for enquirers who prefer to call
The Gardens Yalding	https://www.kentvenues.co.uk/venues/the-gardens-yalding	74	description	suggestion	No guest reviews or testimonials displayed	Collect and display client testimonials to build trust and credibility
The George Vaults	https://www.kentvenues.co.uk/venues/the-george-vaults	56	photos	warning	Only 2 photo(s) on the listing	"Add more photos — listings with 5+ images convert significantly better. Cover different spaces, angles, and event set-ups"
The George Vaults	https://www.kentvenues.co.uk/venues/the-george-vaults	56	facilities	warning	"Only 2 facilities listed (Restaurant, Bar)"	"Expand the amenities list to include everything guests would want to know — WiFi, AV, parking, catering options, accessibility features"
The George Vaults	https://www.kentvenues.co.uk/venues/the-george-vaults	56	parking	warning	No parking information on the listing	"Add parking details: number of spaces, on-site vs nearby, disabled bays, EV charging, and any charges"
The George Vaults	https://www.kentvenues.co.uk/venues/the-george-vaults	56	accommodation	info	No accommodation details on the listing	"If on-site accommodation exists, add room count, types and pricing. If not, mention nearby hotel options for wedding parties"
The George Vaults	https://www.kentvenues.co.uk/venues/the-george-vaults	56	accessibility	warning	No accessibility information on the listing	"Add accessibility details: wheelchair access, step-free routes, accessible toilets, hearing loops, and accessible parking bays"
The George Vaults	https://www.kentvenues.co.uk/venues/the-george-vaults	56	contact	warning	"Missing social media link(s): Twitter/X, Instagram (shown as a dead ""#"" link)"	"Add the venue's Twitter/X and Instagram profile URL(s) — the placeholder ""#"" links look broken to visitors"
The George Vaults	https://www.kentvenues.co.uk/venues/the-george-vaults	56	contact	suggestion	No phone number displayed	Add a direct phone number for enquirers who prefer to call
The George Vaults	https://www.kentvenues.co.uk/venues/the-george-vaults	56	description	suggestion	No guest reviews or testimonials displayed	Collect and display client testimonials to build trust and credibility
The Grand Burstin Hotel Folkestone	https://www.kentvenues.co.uk/venues/the-grand-burstin-hotel-folkestone	81	contact	warning	No contact email address behind the enquiry form	Set the venue's enquiry email so the contact form reaches the venue (currently enquirers can only use the site-wide form)
The Grand Burstin Hotel Folkestone	https://www.kentvenues.co.uk/venues/the-grand-burstin-hotel-folkestone	81	contact	warning	"Missing social media link(s): Instagram (shown as a dead ""#"" link)"	"Add the venue's Instagram profile URL(s) — the placeholder ""#"" links look broken to visitors"
The Grand Burstin Hotel Folkestone	https://www.kentvenues.co.uk/venues/the-grand-burstin-hotel-folkestone	81	contact	suggestion	No phone number displayed	Add a direct phone number for enquirers who prefer to call
The Grand Burstin Hotel Folkestone	https://www.kentvenues.co.uk/venues/the-grand-burstin-hotel-folkestone	81	description	suggestion	No guest reviews or testimonials displayed	Collect and display client testimonials to build trust and credibility
The Grasshooper Inn	https://www.kentvenues.co.uk/venues/the-grasshooper-inn	68	capacity	critical	No capacity information anywhere on the listing	"Add clear capacity figures: seated capacity, standing/reception capacity, and cabaret/boardroom/theatre layouts for each space"
The Grasshooper Inn	https://www.kentvenues.co.uk/venues/the-grasshooper-inn	68	accessibility	warning	No accessibility information on the listing	"Add accessibility details: wheelchair access, step-free routes, accessible toilets, hearing loops, and accessible parking bays"
The Grasshooper Inn	https://www.kentvenues.co.uk/venues/the-grasshooper-inn	68	contact	warning	"Missing social media link(s): Twitter/X (shown as a dead ""#"" link)"	"Add the venue's Twitter/X profile URL(s) — the placeholder ""#"" links look broken to visitors"
The Grasshooper Inn	https://www.kentvenues.co.uk/venues/the-grasshooper-inn	68	contact	suggestion	No phone number displayed	Add a direct phone number for enquirers who prefer to call
The Grasshooper Inn	https://www.kentvenues.co.uk/venues/the-grasshooper-inn	68	description	suggestion	No guest reviews or testimonials displayed	Collect and display client testimonials to build trust and credibility
The Great Hall Barn	https://www.kentvenues.co.uk/venues/the-great-hall-barn	45	capacity	critical	No capacity information anywhere on the listing	"Add clear capacity figures: seated capacity, standing/reception capacity, and cabaret/boardroom/theatre layouts for each space"
The Great Hall Barn	https://www.kentvenues.co.uk/venues/the-great-hall-barn	45	photos	warning	Only 2 photo(s) on the listing	"Add more photos — listings with 5+ images convert significantly better. Cover different spaces, angles, and event set-ups"
The Great Hall Barn	https://www.kentvenues.co.uk/venues/the-great-hall-barn	45	parking	warning	No parking information on the listing	"Add parking details: number of spaces, on-site vs nearby, disabled bays, EV charging, and any charges"
The Great Hall Barn	https://www.kentvenues.co.uk/venues/the-great-hall-barn	45	accessibility	warning	No accessibility information on the listing	"Add accessibility details: wheelchair access, step-free routes, accessible toilets, hearing loops, and accessible parking bays"
The Great Hall Barn	https://www.kentvenues.co.uk/venues/the-great-hall-barn	45	contact	warning	No social media links — all three social icons are unfilled placeholders	"Add the venue's Facebook, Twitter/X and Instagram profile URLs"
The Great Hall Barn	https://www.kentvenues.co.uk/venues/the-great-hall-barn	45	contact	suggestion	No phone number displayed	Add a direct phone number for enquirers who prefer to call
The Great Hall Barn	https://www.kentvenues.co.uk/venues/the-great-hall-barn	45	description	suggestion	No guest reviews or testimonials displayed	Collect and display client testimonials to build trust and credibility
The Great Hall Barn	https://www.kentvenues.co.uk/venues/the-great-hall-barn	45	facilities	suggestion	Large venue has no individual rooms/spaces listed	"Break the venue into bookable spaces with individual descriptions, capacities, and photos"
The Harrow	https://www.kentvenues.co.uk/venues/the-harrow	72	capacity	critical	No capacity information anywhere on the listing	"Add clear capacity figures: seated capacity, standing/reception capacity, and cabaret/boardroom/theatre layouts for each space"
The Harrow	https://www.kentvenues.co.uk/venues/the-harrow	72	accommodation	info	No accommodation details on the listing	"If on-site accommodation exists, add room count, types and pricing. If not, mention nearby hotel options for wedding parties"
The Harrow	https://www.kentvenues.co.uk/venues/the-harrow	72	contact	warning	"Missing social media link(s): Facebook, Twitter/X (shown as a dead ""#"" link)"	"Add the venue's Facebook and Twitter/X profile URL(s) — the placeholder ""#"" links look broken to visitors"
The Harrow	https://www.kentvenues.co.uk/venues/the-harrow	72	contact	suggestion	No phone number displayed	Add a direct phone number for enquirers who prefer to call
The Harrow	https://www.kentvenues.co.uk/venues/the-harrow	72	description	suggestion	No guest reviews or testimonials displayed	Collect and display client testimonials to build trust and credibility
The Hilltop Hotel	https://www.kentvenues.co.uk/venues/the-hilltop-hotel	17	description	critical	Missing or extremely short venue description	"Write a detailed description (200+ words) covering the venue's character, history, setting, and what makes it unique"
The Hilltop Hotel	https://www.kentvenues.co.uk/venues/the-hilltop-hotel	17	capacity	critical	No capacity information anywhere on the listing	"Add clear capacity figures: seated capacity, standing/reception capacity, and cabaret/boardroom/theatre layouts for each space"
The Hilltop Hotel	https://www.kentvenues.co.uk/venues/the-hilltop-hotel	17	photos	warning	Only 2 photo(s) on the listing	"Add more photos — listings with 5+ images convert significantly better. Cover different spaces, angles, and event set-ups"
The Hilltop Hotel	https://www.kentvenues.co.uk/venues/the-hilltop-hotel	17	parking	warning	No parking information on the listing	"Add parking details: number of spaces, on-site vs nearby, disabled bays, EV charging, and any charges"
The Hilltop Hotel	https://www.kentvenues.co.uk/venues/the-hilltop-hotel	17	catering	warning	No catering or food/drink information on the listing	"Clarify catering options: in-house catering, approved caterers list, BYO alcohol policy, and dietary accommodations"
The Hilltop Hotel	https://www.kentvenues.co.uk/venues/the-hilltop-hotel	17	accessibility	warning	No accessibility information on the listing	"Add accessibility details: wheelchair access, step-free routes, accessible toilets, hearing loops, and accessible parking bays"
The Hilltop Hotel	https://www.kentvenues.co.uk/venues/the-hilltop-hotel	17	contact	warning	No social media links — all three social icons are unfilled placeholders	"Add the venue's Facebook, Twitter/X and Instagram profile URLs"
The Hilltop Hotel	https://www.kentvenues.co.uk/venues/the-hilltop-hotel	17	contact	suggestion	No phone number displayed	Add a direct phone number for enquirers who prefer to call
The Hilltop Hotel	https://www.kentvenues.co.uk/venues/the-hilltop-hotel	17	description	suggestion	No guest reviews or testimonials displayed	Collect and display client testimonials to build trust and credibility
The Hilltop Hotel	https://www.kentvenues.co.uk/venues/the-hilltop-hotel	17	facilities	suggestion	Large venue has no individual rooms/spaces listed	"Break the venue into bookable spaces with individual descriptions, capacities, and photos"
The Historic Dockyard Chatham	https://www.kentvenues.co.uk/venues/the-historic-dockyard-chatham	98	contact	suggestion	No phone number displayed	Add a direct phone number for enquirers who prefer to call
Hop Farm	https://www.kentvenues.co.uk/venues/the-hop-farm	82	contact	warning	No contact email address behind the enquiry form	Set the venue's enquiry email so the contact form reaches the venue (currently enquirers can only use the site-wide form)
Hop Farm	https://www.kentvenues.co.uk/venues/the-hop-farm	82	contact	suggestion	No venue website link on the listing	Embed or link the venue's own website so visitors can research further
Hop Farm	https://www.kentvenues.co.uk/venues/the-hop-farm	82	contact	suggestion	No phone number displayed	Add a direct phone number for enquirers who prefer to call
Hop Farm	https://www.kentvenues.co.uk/venues/the-hop-farm	82	description	suggestion	No guest reviews or testimonials displayed	Collect and display client testimonials to build trust and credibility
The House Meadow	https://www.kentvenues.co.uk/venues/the-house-meadow	71	capacity	critical	No capacity information anywhere on the listing	"Add clear capacity figures: seated capacity, standing/reception capacity, and cabaret/boardroom/theatre layouts for each space"
The House Meadow	https://www.kentvenues.co.uk/venues/the-house-meadow	71	facilities	warning	"Only 2 facilities listed (Wifi, Parking)"	"Expand the amenities list to include everything guests would want to know — WiFi, AV, parking, catering options, accessibility features"
The House Meadow	https://www.kentvenues.co.uk/venues/the-house-meadow	71	accommodation	info	No accommodation details on the listing	"If on-site accommodation exists, add room count, types and pricing. If not, mention nearby hotel options for wedding parties"
The House Meadow	https://www.kentvenues.co.uk/venues/the-house-meadow	71	contact	suggestion	No phone number displayed	Add a direct phone number for enquirers who prefer to call
The House Meadow	https://www.kentvenues.co.uk/venues/the-house-meadow	71	description	suggestion	No guest reviews or testimonials displayed	Collect and display client testimonials to build trust and credibility
The Howard Venue	https://www.kentvenues.co.uk/venues/the-howard-venue	41	capacity	critical	No capacity information anywhere on the listing	"Add clear capacity figures: seated capacity, standing/reception capacity, and cabaret/boardroom/theatre layouts for each space"
The Howard Venue	https://www.kentvenues.co.uk/venues/the-howard-venue	41	photos	warning	Only 2 photo(s) on the listing	"Add more photos — listings with 5+ images convert significantly better. Cover different spaces, angles, and event set-ups"
The Howard Venue	https://www.kentvenues.co.uk/venues/the-howard-venue	41	facilities	warning	"Only 2 facilities listed (Wifi, Dressing rooms)"	"Expand the amenities list to include everything guests would want to know — WiFi, AV, parking, catering options, accessibility features"
The Howard Venue	https://www.kentvenues.co.uk/venues/the-howard-venue	41	parking	warning	No parking information on the listing	"Add parking details: number of spaces, on-site vs nearby, disabled bays, EV charging, and any charges"
The Howard Venue	https://www.kentvenues.co.uk/venues/the-howard-venue	41	accommodation	info	No accommodation details on the listing	"If on-site accommodation exists, add room count, types and pricing. If not, mention nearby hotel options for wedding parties"
The Howard Venue	https://www.kentvenues.co.uk/venues/the-howard-venue	41	accessibility	warning	No accessibility information on the listing	"Add accessibility details: wheelchair access, step-free routes, accessible toilets, hearing loops, and accessible parking bays"
The Howard Venue	https://www.kentvenues.co.uk/venues/the-howard-venue	41	contact	warning	"Missing social media link(s): Instagram (shown as a dead ""#"" link)"	"Add the venue's Instagram profile URL(s) — the placeholder ""#"" links look broken to visitors"
The Howard Venue	https://www.kentvenues.co.uk/venues/the-howard-venue	41	contact	suggestion	No phone number displayed	Add a direct phone number for enquirers who prefer to call
The Howard Venue	https://www.kentvenues.co.uk/venues/the-howard-venue	41	description	suggestion	No guest reviews or testimonials displayed	Collect and display client testimonials to build trust and credibility
The Hub Canterbury	https://www.kentvenues.co.uk/venues/the-hub-canterbury	36	photos	warning	Only 1 photo(s) on the listing	"Add more photos — listings with 5+ images convert significantly better. Cover different spaces, angles, and event set-ups"
The Hub Canterbury	https://www.kentvenues.co.uk/venues/the-hub-canterbury	36	facilities	critical	No facilities or amenities listed	"Add a complete amenities list: WiFi, AV equipment, heating, air conditioning, kitchen access, etc."
The Hub Canterbury	https://www.kentvenues.co.uk/venues/the-hub-canterbury	36	parking	warning	No parking information on the listing	"Add parking details: number of spaces, on-site vs nearby, disabled bays, EV charging, and any charges"
The Hub Canterbury	https://www.kentvenues.co.uk/venues/the-hub-canterbury	36	catering	warning	No catering or food/drink information on the listing	"Clarify catering options: in-house catering, approved caterers list, BYO alcohol policy, and dietary accommodations"
The Hub Canterbury	https://www.kentvenues.co.uk/venues/the-hub-canterbury	36	accessibility	warning	No accessibility information on the listing	"Add accessibility details: wheelchair access, step-free routes, accessible toilets, hearing loops, and accessible parking bays"
The Hub Canterbury	https://www.kentvenues.co.uk/venues/the-hub-canterbury	36	contact	warning	No contact email address behind the enquiry form	Set the venue's enquiry email so the contact form reaches the venue (currently enquirers can only use the site-wide form)
The Hub Canterbury	https://www.kentvenues.co.uk/venues/the-hub-canterbury	36	contact	suggestion	No phone number displayed	Add a direct phone number for enquirers who prefer to call
The Hub Canterbury	https://www.kentvenues.co.uk/venues/the-hub-canterbury	36	description	suggestion	No guest reviews or testimonials displayed	Collect and display client testimonials to build trust and credibility
The Huddle Workspace	https://www.kentvenues.co.uk/venues/the-huddle-workspace	40	capacity	critical	No capacity information anywhere on the listing	"Add clear capacity figures: seated capacity, standing/reception capacity, and cabaret/boardroom/theatre layouts for each space"
The Huddle Workspace	https://www.kentvenues.co.uk/venues/the-huddle-workspace	40	photos	critical	No photographs on the listing	"Add a minimum of 5 high-quality photographs showing the venue exterior, main spaces, and set-up examples"
The Huddle Workspace	https://www.kentvenues.co.uk/venues/the-huddle-workspace	40	catering	warning	No catering or food/drink information on the listing	"Clarify catering options: in-house catering, approved caterers list, BYO alcohol policy, and dietary accommodations"
The Huddle Workspace	https://www.kentvenues.co.uk/venues/the-huddle-workspace	40	accommodation	info	No accommodation details on the listing	"If on-site accommodation exists, add room count, types and pricing. If not, mention nearby hotel options for wedding parties"
The Huddle Workspace	https://www.kentvenues.co.uk/venues/the-huddle-workspace	40	accessibility	warning	No accessibility information on the listing	"Add accessibility details: wheelchair access, step-free routes, accessible toilets, hearing loops, and accessible parking bays"
The Huddle Workspace	https://www.kentvenues.co.uk/venues/the-huddle-workspace	40	contact	suggestion	No phone number displayed	Add a direct phone number for enquirers who prefer to call
The Huddle Workspace	https://www.kentvenues.co.uk/venues/the-huddle-workspace	40	description	suggestion	No guest reviews or testimonials displayed	Collect and display client testimonials to build trust and credibility
The Ian Wright Organisation	https://www.kentvenues.co.uk/venues/the-ian-wright-organisation	51	capacity	critical	No capacity information anywhere on the listing	"Add clear capacity figures: seated capacity, standing/reception capacity, and cabaret/boardroom/theatre layouts for each space"
The Ian Wright Organisation	https://www.kentvenues.co.uk/venues/the-ian-wright-organisation	51	facilities	warning	"Only 2 facilities listed (Wifi, Parking)"	"Expand the amenities list to include everything guests would want to know — WiFi, AV, parking, catering options, accessibility features"
The Ian Wright Organisation	https://www.kentvenues.co.uk/venues/the-ian-wright-organisation	51	catering	warning	No catering or food/drink information on the listing	"Clarify catering options: in-house catering, approved caterers list, BYO alcohol policy, and dietary accommodations"
The Ian Wright Organisation	https://www.kentvenues.co.uk/venues/the-ian-wright-organisation	51	accommodation	info	No accommodation details on the listing	"If on-site accommodation exists, add room count, types and pricing. If not, mention nearby hotel options for wedding parties"
The Ian Wright Organisation	https://www.kentvenues.co.uk/venues/the-ian-wright-organisation	51	accessibility	warning	No accessibility information on the listing	"Add accessibility details: wheelchair access, step-free routes, accessible toilets, hearing loops, and accessible parking bays"
The Ian Wright Organisation	https://www.kentvenues.co.uk/venues/the-ian-wright-organisation	51	contact	warning	"Missing social media link(s): Instagram (shown as a dead ""#"" link)"	"Add the venue's Instagram profile URL(s) — the placeholder ""#"" links look broken to visitors"
The Ian Wright Organisation	https://www.kentvenues.co.uk/venues/the-ian-wright-organisation	51	contact	suggestion	No phone number displayed	Add a direct phone number for enquirers who prefer to call
The Ian Wright Organisation	https://www.kentvenues.co.uk/venues/the-ian-wright-organisation	51	description	suggestion	No guest reviews or testimonials displayed	Collect and display client testimonials to build trust and credibility
The Imperial	https://www.kentvenues.co.uk/venues/the-imperial	33	capacity	critical	No capacity information anywhere on the listing	"Add clear capacity figures: seated capacity, standing/reception capacity, and cabaret/boardroom/theatre layouts for each space"
The Imperial	https://www.kentvenues.co.uk/venues/the-imperial	33	facilities	critical	No facilities or amenities listed	"Add a complete amenities list: WiFi, AV equipment, heating, air conditioning, kitchen access, etc."
The Imperial	https://www.kentvenues.co.uk/venues/the-imperial	33	parking	warning	No parking information on the listing	"Add parking details: number of spaces, on-site vs nearby, disabled bays, EV charging, and any charges"
The Imperial	https://www.kentvenues.co.uk/venues/the-imperial	33	catering	warning	No catering or food/drink information on the listing	"Clarify catering options: in-house catering, approved caterers list, BYO alcohol policy, and dietary accommodations"
The Imperial	https://www.kentvenues.co.uk/venues/the-imperial	33	accommodation	info	No accommodation details on the listing	"If on-site accommodation exists, add room count, types and pricing. If not, mention nearby hotel options for wedding parties"
The Imperial	https://www.kentvenues.co.uk/venues/the-imperial	33	accessibility	warning	No accessibility information on the listing	"Add accessibility details: wheelchair access, step-free routes, accessible toilets, hearing loops, and accessible parking bays"
The Imperial	https://www.kentvenues.co.uk/venues/the-imperial	33	contact	warning	"Missing social media link(s): Twitter/X (shown as a dead ""#"" link)"	"Add the venue's Twitter/X profile URL(s) — the placeholder ""#"" links look broken to visitors"
The Imperial	https://www.kentvenues.co.uk/venues/the-imperial	33	contact	suggestion	No phone number displayed	Add a direct phone number for enquirers who prefer to call
The Imperial	https://www.kentvenues.co.uk/venues/the-imperial	33	description	suggestion	No guest reviews or testimonials displayed	Collect and display client testimonials to build trust and credibility
The Julie Rose Stadium	https://www.kentvenues.co.uk/venues/the-julie-rose-stadium	60	photos	warning	Only 2 photo(s) on the listing	"Add more photos — listings with 5+ images convert significantly better. Cover different spaces, angles, and event set-ups"
The Julie Rose Stadium	https://www.kentvenues.co.uk/venues/the-julie-rose-stadium	60	facilities	warning	Only 1 facilities listed (Parking)	"Expand the amenities list to include everything guests would want to know — WiFi, AV, parking, catering options, accessibility features"
The Julie Rose Stadium	https://www.kentvenues.co.uk/venues/the-julie-rose-stadium	60	catering	warning	No catering or food/drink information on the listing	"Clarify catering options: in-house catering, approved caterers list, BYO alcohol policy, and dietary accommodations"
The Julie Rose Stadium	https://www.kentvenues.co.uk/venues/the-julie-rose-stadium	60	accessibility	warning	No accessibility information on the listing	"Add accessibility details: wheelchair access, step-free routes, accessible toilets, hearing loops, and accessible parking bays"
The Julie Rose Stadium	https://www.kentvenues.co.uk/venues/the-julie-rose-stadium	60	contact	warning	"Missing social media link(s): Instagram (shown as a dead ""#"" link)"	"Add the venue's Instagram profile URL(s) — the placeholder ""#"" links look broken to visitors"
The Julie Rose Stadium	https://www.kentvenues.co.uk/venues/the-julie-rose-stadium	60	contact	suggestion	No phone number displayed	Add a direct phone number for enquirers who prefer to call
The Julie Rose Stadium	https://www.kentvenues.co.uk/venues/the-julie-rose-stadium	60	description	suggestion	No guest reviews or testimonials displayed	Collect and display client testimonials to build trust and credibility
The King's Hall	https://www.kentvenues.co.uk/venues/the-kings-hall	22	capacity	critical	No capacity information anywhere on the listing	"Add clear capacity figures: seated capacity, standing/reception capacity, and cabaret/boardroom/theatre layouts for each space"
The King's Hall	https://www.kentvenues.co.uk/venues/the-kings-hall	22	photos	critical	No photographs on the listing	"Add a minimum of 5 high-quality photographs showing the venue exterior, main spaces, and set-up examples"
The King's Hall	https://www.kentvenues.co.uk/venues/the-kings-hall	22	facilities	critical	No facilities or amenities listed	"Add a complete amenities list: WiFi, AV equipment, heating, air conditioning, kitchen access, etc."
The King's Hall	https://www.kentvenues.co.uk/venues/the-kings-hall	22	parking	warning	No parking information on the listing	"Add parking details: number of spaces, on-site vs nearby, disabled bays, EV charging, and any charges"
The King's Hall	https://www.kentvenues.co.uk/venues/the-kings-hall	22	accessibility	warning	No accessibility information on the listing	"Add accessibility details: wheelchair access, step-free routes, accessible toilets, hearing loops, and accessible parking bays"
The King's Hall	https://www.kentvenues.co.uk/venues/the-kings-hall	22	contact	warning	"Missing social media link(s): Instagram (shown as a dead ""#"" link)"	"Add the venue's Instagram profile URL(s) — the placeholder ""#"" links look broken to visitors"
The King's Hall	https://www.kentvenues.co.uk/venues/the-kings-hall	22	contact	suggestion	No phone number displayed	Add a direct phone number for enquirers who prefer to call
The King's Hall	https://www.kentvenues.co.uk/venues/the-kings-hall	22	description	suggestion	No guest reviews or testimonials displayed	Collect and display client testimonials to build trust and credibility
The King's Hall	https://www.kentvenues.co.uk/venues/the-kings-hall	22	facilities	suggestion	Large venue has no individual rooms/spaces listed	"Break the venue into bookable spaces with individual descriptions, capacities, and photos"
The Kings Head Wye	https://www.kentvenues.co.uk/venues/the-kings-head-wye	48	capacity	critical	No capacity information anywhere on the listing	"Add clear capacity figures: seated capacity, standing/reception capacity, and cabaret/boardroom/theatre layouts for each space"
The Kings Head Wye	https://www.kentvenues.co.uk/venues/the-kings-head-wye	48	photos	suggestion	Only 3 photos — could add more	"Aim for 8-10 photos covering exterior, each main space, and example event set-ups"
The Kings Head Wye	https://www.kentvenues.co.uk/venues/the-kings-head-wye	48	facilities	critical	No facilities or amenities listed	"Add a complete amenities list: WiFi, AV equipment, heating, air conditioning, kitchen access, etc."
The Kings Head Wye	https://www.kentvenues.co.uk/venues/the-kings-head-wye	48	parking	warning	No parking information on the listing	"Add parking details: number of spaces, on-site vs nearby, disabled bays, EV charging, and any charges"
The Kings Head Wye	https://www.kentvenues.co.uk/venues/the-kings-head-wye	48	accommodation	info	No accommodation details on the listing	"If on-site accommodation exists, add room count, types and pricing. If not, mention nearby hotel options for wedding parties"
The Kings Head Wye	https://www.kentvenues.co.uk/venues/the-kings-head-wye	48	contact	suggestion	No phone number displayed	Add a direct phone number for enquirers who prefer to call
The Kings Head Wye	https://www.kentvenues.co.uk/venues/the-kings-head-wye	48	description	suggestion	No guest reviews or testimonials displayed	Collect and display client testimonials to build trust and credibility
The King's School Canterbury	https://www.kentvenues.co.uk/venues/the-kings-school-canterbury	22	description	warning	Description is very short (83 characters)	"Expand the description to at least 200 characters covering key details like venue style, setting, and ideal event types"
The King's School Canterbury	https://www.kentvenues.co.uk/venues/the-kings-school-canterbury	22	capacity	critical	No capacity information anywhere on the listing	"Add clear capacity figures: seated capacity, standing/reception capacity, and cabaret/boardroom/theatre layouts for each space"
The King's School Canterbury	https://www.kentvenues.co.uk/venues/the-kings-school-canterbury	22	photos	suggestion	Only 3 photos — could add more	"Aim for 8-10 photos covering exterior, each main space, and example event set-ups"
The King's School Canterbury	https://www.kentvenues.co.uk/venues/the-kings-school-canterbury	22	facilities	critical	No facilities or amenities listed	"Add a complete amenities list: WiFi, AV equipment, heating, air conditioning, kitchen access, etc."
The King's School Canterbury	https://www.kentvenues.co.uk/venues/the-kings-school-canterbury	22	parking	warning	No parking information on the listing	"Add parking details: number of spaces, on-site vs nearby, disabled bays, EV charging, and any charges"
The King's School Canterbury	https://www.kentvenues.co.uk/venues/the-kings-school-canterbury	22	catering	warning	No catering or food/drink information on the listing	"Clarify catering options: in-house catering, approved caterers list, BYO alcohol policy, and dietary accommodations"
The King's School Canterbury	https://www.kentvenues.co.uk/venues/the-kings-school-canterbury	22	accommodation	info	No accommodation details on the listing	"If on-site accommodation exists, add room count, types and pricing. If not, mention nearby hotel options for wedding parties"
The King's School Canterbury	https://www.kentvenues.co.uk/venues/the-kings-school-canterbury	22	accessibility	warning	No accessibility information on the listing	"Add accessibility details: wheelchair access, step-free routes, accessible toilets, hearing loops, and accessible parking bays"
The King's School Canterbury	https://www.kentvenues.co.uk/venues/the-kings-school-canterbury	22	contact	suggestion	No phone number displayed	Add a direct phone number for enquirers who prefer to call
The King's School Canterbury	https://www.kentvenues.co.uk/venues/the-kings-school-canterbury	22	description	suggestion	No guest reviews or testimonials displayed	Collect and display client testimonials to build trust and credibility
The Lodge	https://www.kentvenues.co.uk/venues/the-lodge	0	description	critical	Listing is unclaimed — the description is auto-generated boilerplate	"Claim the listing and replace the auto-generated text with a real description (200+ words) covering character, history, setting and unique selling points"
The Lodge	https://www.kentvenues.co.uk/venues/the-lodge	0	description	warning	Description is very short (96 characters)	"Expand the description to at least 200 characters covering key details like venue style, setting, and ideal event types"
The Lodge	https://www.kentvenues.co.uk/venues/the-lodge	0	capacity	critical	No capacity information anywhere on the listing	"Add clear capacity figures: seated capacity, standing/reception capacity, and cabaret/boardroom/theatre layouts for each space"
The Lodge	https://www.kentvenues.co.uk/venues/the-lodge	0	photos	critical	No photographs on the listing	"Add a minimum of 5 high-quality photographs showing the venue exterior, main spaces, and set-up examples"
The Lodge	https://www.kentvenues.co.uk/venues/the-lodge	0	facilities	critical	No facilities or amenities listed	"Add a complete amenities list: WiFi, AV equipment, heating, air conditioning, kitchen access, etc."
The Lodge	https://www.kentvenues.co.uk/venues/the-lodge	0	parking	warning	No parking information on the listing	"Add parking details: number of spaces, on-site vs nearby, disabled bays, EV charging, and any charges"
The Lodge	https://www.kentvenues.co.uk/venues/the-lodge	0	catering	warning	No catering or food/drink information on the listing	"Clarify catering options: in-house catering, approved caterers list, BYO alcohol policy, and dietary accommodations"
The Lodge	https://www.kentvenues.co.uk/venues/the-lodge	0	accommodation	info	No accommodation details on the listing	"If on-site accommodation exists, add room count, types and pricing. If not, mention nearby hotel options for wedding parties"
The Lodge	https://www.kentvenues.co.uk/venues/the-lodge	0	accessibility	warning	No accessibility information on the listing	"Add accessibility details: wheelchair access, step-free routes, accessible toilets, hearing loops, and accessible parking bays"
The Lodge	https://www.kentvenues.co.uk/venues/the-lodge	0	contact	suggestion	No phone number displayed	Add a direct phone number for enquirers who prefer to call
The Lodge	https://www.kentvenues.co.uk/venues/the-lodge	0	description	suggestion	No guest reviews or testimonials displayed	Collect and display client testimonials to build trust and credibility
The Manor at Bickley	https://www.kentvenues.co.uk/venues/the-manor-at-bickley	62	capacity	critical	No capacity information anywhere on the listing	"Add clear capacity figures: seated capacity, standing/reception capacity, and cabaret/boardroom/theatre layouts for each space"
The Manor at Bickley	https://www.kentvenues.co.uk/venues/the-manor-at-bickley	62	photos	suggestion	Only 4 photos — could add more	"Aim for 8-10 photos covering exterior, each main space, and example event set-ups"
The Manor at Bickley	https://www.kentvenues.co.uk/venues/the-manor-at-bickley	62	facilities	warning	"Only 2 facilities listed (Accommodation, Parking)"	"Expand the amenities list to include everything guests would want to know — WiFi, AV, parking, catering options, accessibility features"
The Manor at Bickley	https://www.kentvenues.co.uk/venues/the-manor-at-bickley	62	accessibility	warning	No accessibility information on the listing	"Add accessibility details: wheelchair access, step-free routes, accessible toilets, hearing loops, and accessible parking bays"
The Manor at Bickley	https://www.kentvenues.co.uk/venues/the-manor-at-bickley	62	contact	suggestion	No phone number displayed	Add a direct phone number for enquirers who prefer to call
The Manor at Bickley	https://www.kentvenues.co.uk/venues/the-manor-at-bickley	62	description	suggestion	No guest reviews or testimonials displayed	Collect and display client testimonials to build trust and credibility
The Manor Gardens - Birling Estate	https://www.kentvenues.co.uk/venues/the-manor-gardens-birling-estate	32	capacity	critical	No capacity information anywhere on the listing	"Add clear capacity figures: seated capacity, standing/reception capacity, and cabaret/boardroom/theatre layouts for each space"
The Manor Gardens - Birling Estate	https://www.kentvenues.co.uk/venues/the-manor-gardens-birling-estate	32	photos	suggestion	Only 3 photos — could add more	"Aim for 8-10 photos covering exterior, each main space, and example event set-ups"
The Manor Gardens - Birling Estate	https://www.kentvenues.co.uk/venues/the-manor-gardens-birling-estate	32	facilities	critical	No facilities or amenities listed	"Add a complete amenities list: WiFi, AV equipment, heating, air conditioning, kitchen access, etc."
The Manor Gardens - Birling Estate	https://www.kentvenues.co.uk/venues/the-manor-gardens-birling-estate	32	parking	warning	No parking information on the listing	"Add parking details: number of spaces, on-site vs nearby, disabled bays, EV charging, and any charges"
The Manor Gardens - Birling Estate	https://www.kentvenues.co.uk/venues/the-manor-gardens-birling-estate	32	catering	warning	No catering or food/drink information on the listing	"Clarify catering options: in-house catering, approved caterers list, BYO alcohol policy, and dietary accommodations"
The Manor Gardens - Birling Estate	https://www.kentvenues.co.uk/venues/the-manor-gardens-birling-estate	32	accommodation	info	No accommodation details on the listing	"If on-site accommodation exists, add room count, types and pricing. If not, mention nearby hotel options for wedding parties"
The Manor Gardens - Birling Estate	https://www.kentvenues.co.uk/venues/the-manor-gardens-birling-estate	32	accessibility	warning	No accessibility information on the listing	"Add accessibility details: wheelchair access, step-free routes, accessible toilets, hearing loops, and accessible parking bays"
The Manor Gardens - Birling Estate	https://www.kentvenues.co.uk/venues/the-manor-gardens-birling-estate	32	contact	suggestion	No phone number displayed	Add a direct phone number for enquirers who prefer to call
The Manor Gardens - Birling Estate	https://www.kentvenues.co.uk/venues/the-manor-gardens-birling-estate	32	description	suggestion	No guest reviews or testimonials displayed	Collect and display client testimonials to build trust and credibility
The Marquis Of Granby	https://www.kentvenues.co.uk/venues/the-marquis-at-alkham	59	capacity	critical	No capacity information anywhere on the listing	"Add clear capacity figures: seated capacity, standing/reception capacity, and cabaret/boardroom/theatre layouts for each space"
The Marquis Of Granby	https://www.kentvenues.co.uk/venues/the-marquis-at-alkham	59	facilities	warning	"Only 2 facilities listed (Wifi, Bar)"	"Expand the amenities list to include everything guests would want to know — WiFi, AV, parking, catering options, accessibility features"
The Marquis Of Granby	https://www.kentvenues.co.uk/venues/the-marquis-at-alkham	59	parking	warning	No parking information on the listing	"Add parking details: number of spaces, on-site vs nearby, disabled bays, EV charging, and any charges"
The Marquis Of Granby	https://www.kentvenues.co.uk/venues/the-marquis-at-alkham	59	accessibility	warning	No accessibility information on the listing	"Add accessibility details: wheelchair access, step-free routes, accessible toilets, hearing loops, and accessible parking bays"
The Marquis Of Granby	https://www.kentvenues.co.uk/venues/the-marquis-at-alkham	59	contact	suggestion	No phone number displayed	Add a direct phone number for enquirers who prefer to call
The Marquis Of Granby	https://www.kentvenues.co.uk/venues/the-marquis-at-alkham	59	description	suggestion	No guest reviews or testimonials displayed	Collect and display client testimonials to build trust and credibility
The Marquis at Alkham	https://www.kentvenues.co.uk/venues/the-marquis-at-alkham-2	41	capacity	critical	No capacity information anywhere on the listing	"Add clear capacity figures: seated capacity, standing/reception capacity, and cabaret/boardroom/theatre layouts for each space"
The Marquis at Alkham	https://www.kentvenues.co.uk/venues/the-marquis-at-alkham-2	41	facilities	critical	No facilities or amenities listed	"Add a complete amenities list: WiFi, AV equipment, heating, air conditioning, kitchen access, etc."
The Marquis at Alkham	https://www.kentvenues.co.uk/venues/the-marquis-at-alkham-2	41	parking	warning	No parking information on the listing	"Add parking details: number of spaces, on-site vs nearby, disabled bays, EV charging, and any charges"
The Marquis at Alkham	https://www.kentvenues.co.uk/venues/the-marquis-at-alkham-2	41	accommodation	info	No accommodation details on the listing	"If on-site accommodation exists, add room count, types and pricing. If not, mention nearby hotel options for wedding parties"
The Marquis at Alkham	https://www.kentvenues.co.uk/venues/the-marquis-at-alkham-2	41	accessibility	warning	No accessibility information on the listing	"Add accessibility details: wheelchair access, step-free routes, accessible toilets, hearing loops, and accessible parking bays"
The Marquis at Alkham	https://www.kentvenues.co.uk/venues/the-marquis-at-alkham-2	41	contact	warning	"Missing social media link(s): Twitter/X, Instagram (shown as a dead ""#"" link)"	"Add the venue's Twitter/X and Instagram profile URL(s) — the placeholder ""#"" links look broken to visitors"
The Marquis at Alkham	https://www.kentvenues.co.uk/venues/the-marquis-at-alkham-2	41	contact	suggestion	No phone number displayed	Add a direct phone number for enquirers who prefer to call
The Marquis at Alkham	https://www.kentvenues.co.uk/venues/the-marquis-at-alkham-2	41	description	suggestion	No guest reviews or testimonials displayed	Collect and display client testimonials to build trust and credibility
The Mary Rose Inn Hotel	https://www.kentvenues.co.uk/venues/the-mary-rose-inn-hotel	58	capacity	critical	No capacity information anywhere on the listing	"Add clear capacity figures: seated capacity, standing/reception capacity, and cabaret/boardroom/theatre layouts for each space"
The Mary Rose Inn Hotel	https://www.kentvenues.co.uk/venues/the-mary-rose-inn-hotel	58	parking	warning	No parking information on the listing	"Add parking details: number of spaces, on-site vs nearby, disabled bays, EV charging, and any charges"
The Mary Rose Inn Hotel	https://www.kentvenues.co.uk/venues/the-mary-rose-inn-hotel	58	accessibility	warning	No accessibility information on the listing	"Add accessibility details: wheelchair access, step-free routes, accessible toilets, hearing loops, and accessible parking bays"
The Mary Rose Inn Hotel	https://www.kentvenues.co.uk/venues/the-mary-rose-inn-hotel	58	contact	warning	No social media links — all three social icons are unfilled placeholders	"Add the venue's Facebook, Twitter/X and Instagram profile URLs"
The Mary Rose Inn Hotel	https://www.kentvenues.co.uk/venues/the-mary-rose-inn-hotel	58	contact	suggestion	No phone number displayed	Add a direct phone number for enquirers who prefer to call
The Mary Rose Inn Hotel	https://www.kentvenues.co.uk/venues/the-mary-rose-inn-hotel	58	description	suggestion	No guest reviews or testimonials displayed	Collect and display client testimonials to build trust and credibility
The Moat	https://www.kentvenues.co.uk/venues/the-moat	0	description	critical	Missing or extremely short venue description	"Write a detailed description (200+ words) covering the venue's character, history, setting, and what makes it unique"
The Moat	https://www.kentvenues.co.uk/venues/the-moat	0	capacity	critical	No capacity information anywhere on the listing	"Add clear capacity figures: seated capacity, standing/reception capacity, and cabaret/boardroom/theatre layouts for each space"
The Moat	https://www.kentvenues.co.uk/venues/the-moat	0	photos	critical	No photographs on the listing	"Add a minimum of 5 high-quality photographs showing the venue exterior, main spaces, and set-up examples"
The Moat	https://www.kentvenues.co.uk/venues/the-moat	0	facilities	critical	No facilities or amenities listed	"Add a complete amenities list: WiFi, AV equipment, heating, air conditioning, kitchen access, etc."
The Moat	https://www.kentvenues.co.uk/venues/the-moat	0	parking	warning	No parking information on the listing	"Add parking details: number of spaces, on-site vs nearby, disabled bays, EV charging, and any charges"
The Moat	https://www.kentvenues.co.uk/venues/the-moat	0	catering	warning	No catering or food/drink information on the listing	"Clarify catering options: in-house catering, approved caterers list, BYO alcohol policy, and dietary accommodations"
The Moat	https://www.kentvenues.co.uk/venues/the-moat	0	accommodation	info	No accommodation details on the listing	"If on-site accommodation exists, add room count, types and pricing. If not, mention nearby hotel options for wedding parties"
The Moat	https://www.kentvenues.co.uk/venues/the-moat	0	accessibility	warning	No accessibility information on the listing	"Add accessibility details: wheelchair access, step-free routes, accessible toilets, hearing loops, and accessible parking bays"
The Moat	https://www.kentvenues.co.uk/venues/the-moat	0	contact	warning	No social media links — all three social icons are unfilled placeholders	"Add the venue's Facebook, Twitter/X and Instagram profile URLs"
The Moat	https://www.kentvenues.co.uk/venues/the-moat	0	contact	suggestion	No phone number displayed	Add a direct phone number for enquirers who prefer to call
The Moat	https://www.kentvenues.co.uk/venues/the-moat	0	description	suggestion	No guest reviews or testimonials displayed	Collect and display client testimonials to build trust and credibility
The Mulberry Tree	https://www.kentvenues.co.uk/venues/the-mulberry-tree	9	capacity	critical	No capacity information anywhere on the listing	"Add clear capacity figures: seated capacity, standing/reception capacity, and cabaret/boardroom/theatre layouts for each space"
The Mulberry Tree	https://www.kentvenues.co.uk/venues/the-mulberry-tree	9	photos	critical	No photographs on the listing	"Add a minimum of 5 high-quality photographs showing the venue exterior, main spaces, and set-up examples"
The Mulberry Tree	https://www.kentvenues.co.uk/venues/the-mulberry-tree	9	facilities	critical	No facilities or amenities listed	"Add a complete amenities list: WiFi, AV equipment, heating, air conditioning, kitchen access, etc."
The Mulberry Tree	https://www.kentvenues.co.uk/venues/the-mulberry-tree	9	parking	warning	No parking information on the listing	"Add parking details: number of spaces, on-site vs nearby, disabled bays, EV charging, and any charges"
The Mulberry Tree	https://www.kentvenues.co.uk/venues/the-mulberry-tree	9	accommodation	info	No accommodation details on the listing	"If on-site accommodation exists, add room count, types and pricing. If not, mention nearby hotel options for wedding parties"
The Mulberry Tree	https://www.kentvenues.co.uk/venues/the-mulberry-tree	9	accessibility	warning	No accessibility information on the listing	"Add accessibility details: wheelchair access, step-free routes, accessible toilets, hearing loops, and accessible parking bays"
The Mulberry Tree	https://www.kentvenues.co.uk/venues/the-mulberry-tree	9	contact	warning	No contact email address behind the enquiry form	Set the venue's enquiry email so the contact form reaches the venue (currently enquirers can only use the site-wide form)
The Mulberry Tree	https://www.kentvenues.co.uk/venues/the-mulberry-tree	9	contact	warning	No social media links — all three social icons are unfilled placeholders	"Add the venue's Facebook, Twitter/X and Instagram profile URLs"
The Mulberry Tree	https://www.kentvenues.co.uk/venues/the-mulberry-tree	9	contact	suggestion	No phone number displayed	Add a direct phone number for enquirers who prefer to call
The Mulberry Tree	https://www.kentvenues.co.uk/venues/the-mulberry-tree	9	description	suggestion	No guest reviews or testimonials displayed	Collect and display client testimonials to build trust and credibility
The Net Centre	https://www.kentvenues.co.uk/venues/the-net-centre	13	capacity	critical	No capacity information anywhere on the listing	"Add clear capacity figures: seated capacity, standing/reception capacity, and cabaret/boardroom/theatre layouts for each space"
The Net Centre	https://www.kentvenues.co.uk/venues/the-net-centre	13	photos	critical	No photographs on the listing	"Add a minimum of 5 high-quality photographs showing the venue exterior, main spaces, and set-up examples"
The Net Centre	https://www.kentvenues.co.uk/venues/the-net-centre	13	facilities	critical	No facilities or amenities listed	"Add a complete amenities list: WiFi, AV equipment, heating, air conditioning, kitchen access, etc."
The Net Centre	https://www.kentvenues.co.uk/venues/the-net-centre	13	parking	warning	No parking information on the listing	"Add parking details: number of spaces, on-site vs nearby, disabled bays, EV charging, and any charges"
The Net Centre	https://www.kentvenues.co.uk/venues/the-net-centre	13	catering	warning	No catering or food/drink information on the listing	"Clarify catering options: in-house catering, approved caterers list, BYO alcohol policy, and dietary accommodations"
The Net Centre	https://www.kentvenues.co.uk/venues/the-net-centre	13	accommodation	info	No accommodation details on the listing	"If on-site accommodation exists, add room count, types and pricing. If not, mention nearby hotel options for wedding parties"
The Net Centre	https://www.kentvenues.co.uk/venues/the-net-centre	13	accessibility	warning	No accessibility information on the listing	"Add accessibility details: wheelchair access, step-free routes, accessible toilets, hearing loops, and accessible parking bays"
The Net Centre	https://www.kentvenues.co.uk/venues/the-net-centre	13	contact	warning	"Missing social media link(s): Twitter/X, Instagram (shown as a dead ""#"" link)"	"Add the venue's Twitter/X and Instagram profile URL(s) — the placeholder ""#"" links look broken to visitors"
The Net Centre	https://www.kentvenues.co.uk/venues/the-net-centre	13	contact	suggestion	No phone number displayed	Add a direct phone number for enquirers who prefer to call
The Net Centre	https://www.kentvenues.co.uk/venues/the-net-centre	13	description	suggestion	No guest reviews or testimonials displayed	Collect and display client testimonials to build trust and credibility
The New Inn	https://www.kentvenues.co.uk/venues/the-new-inn	26	description	warning	Description could be more detailed (112 characters)	"Consider adding more details about the venue's atmosphere, capacity ranges, and unique features"
The New Inn	https://www.kentvenues.co.uk/venues/the-new-inn	26	capacity	critical	No capacity information anywhere on the listing	"Add clear capacity figures: seated capacity, standing/reception capacity, and cabaret/boardroom/theatre layouts for each space"
The New Inn	https://www.kentvenues.co.uk/venues/the-new-inn	26	photos	warning	Only 1 photo(s) on the listing	"Add more photos — listings with 5+ images convert significantly better. Cover different spaces, angles, and event set-ups"
The New Inn	https://www.kentvenues.co.uk/venues/the-new-inn	26	facilities	critical	No facilities or amenities listed	"Add a complete amenities list: WiFi, AV equipment, heating, air conditioning, kitchen access, etc."
The New Inn	https://www.kentvenues.co.uk/venues/the-new-inn	26	parking	warning	No parking information on the listing	"Add parking details: number of spaces, on-site vs nearby, disabled bays, EV charging, and any charges"
The New Inn	https://www.kentvenues.co.uk/venues/the-new-inn	26	accommodation	info	No accommodation details on the listing	"If on-site accommodation exists, add room count, types and pricing. If not, mention nearby hotel options for wedding parties"
The New Inn	https://www.kentvenues.co.uk/venues/the-new-inn	26	accessibility	warning	No accessibility information on the listing	"Add accessibility details: wheelchair access, step-free routes, accessible toilets, hearing loops, and accessible parking bays"
The New Inn	https://www.kentvenues.co.uk/venues/the-new-inn	26	contact	warning	"Missing social media link(s): Twitter/X, Instagram (shown as a dead ""#"" link)"	"Add the venue's Twitter/X and Instagram profile URL(s) — the placeholder ""#"" links look broken to visitors"
The New Inn	https://www.kentvenues.co.uk/venues/the-new-inn	26	contact	suggestion	No phone number displayed	Add a direct phone number for enquirers who prefer to call
The New Inn	https://www.kentvenues.co.uk/venues/the-new-inn	26	description	suggestion	No guest reviews or testimonials displayed	Collect and display client testimonials to build trust and credibility
The Night Yard	https://www.kentvenues.co.uk/venues/the-night-yard	12	description	critical	Listing is unclaimed — the description is auto-generated boilerplate	"Claim the listing and replace the auto-generated text with a real description (200+ words) covering character, history, setting and unique selling points"
The Night Yard	https://www.kentvenues.co.uk/venues/the-night-yard	12	description	warning	Description is very short (84 characters)	"Expand the description to at least 200 characters covering key details like venue style, setting, and ideal event types"
The Night Yard	https://www.kentvenues.co.uk/venues/the-night-yard	12	capacity	critical	No capacity information anywhere on the listing	"Add clear capacity figures: seated capacity, standing/reception capacity, and cabaret/boardroom/theatre layouts for each space"
The Night Yard	https://www.kentvenues.co.uk/venues/the-night-yard	12	facilities	critical	No facilities or amenities listed	"Add a complete amenities list: WiFi, AV equipment, heating, air conditioning, kitchen access, etc."
The Night Yard	https://www.kentvenues.co.uk/venues/the-night-yard	12	parking	warning	No parking information on the listing	"Add parking details: number of spaces, on-site vs nearby, disabled bays, EV charging, and any charges"
The Night Yard	https://www.kentvenues.co.uk/venues/the-night-yard	12	catering	warning	No catering or food/drink information on the listing	"Clarify catering options: in-house catering, approved caterers list, BYO alcohol policy, and dietary accommodations"
The Night Yard	https://www.kentvenues.co.uk/venues/the-night-yard	12	accommodation	info	No accommodation details on the listing	"If on-site accommodation exists, add room count, types and pricing. If not, mention nearby hotel options for wedding parties"
The Night Yard	https://www.kentvenues.co.uk/venues/the-night-yard	12	accessibility	warning	No accessibility information on the listing	"Add accessibility details: wheelchair access, step-free routes, accessible toilets, hearing loops, and accessible parking bays"
The Night Yard	https://www.kentvenues.co.uk/venues/the-night-yard	12	contact	suggestion	No phone number displayed	Add a direct phone number for enquirers who prefer to call
The Night Yard	https://www.kentvenues.co.uk/venues/the-night-yard	12	description	suggestion	No guest reviews or testimonials displayed	Collect and display client testimonials to build trust and credibility
"The Oak Barn, Frame Farm"	https://www.kentvenues.co.uk/venues/the-oak-barn	87	accommodation	info	No accommodation details on the listing	"If on-site accommodation exists, add room count, types and pricing. If not, mention nearby hotel options for wedding parties"
"The Oak Barn, Frame Farm"	https://www.kentvenues.co.uk/venues/the-oak-barn	87	contact	warning	"Missing social media link(s): Twitter/X (shown as a dead ""#"" link)"	"Add the venue's Twitter/X profile URL(s) — the placeholder ""#"" links look broken to visitors"
"The Oak Barn, Frame Farm"	https://www.kentvenues.co.uk/venues/the-oak-barn	87	contact	suggestion	No phone number displayed	Add a direct phone number for enquirers who prefer to call
"The Oak Barn, Frame Farm"	https://www.kentvenues.co.uk/venues/the-oak-barn	87	description	suggestion	No guest reviews or testimonials displayed	Collect and display client testimonials to build trust and credibility
The Oak Grove	https://www.kentvenues.co.uk/venues/the-oak-grove	41	capacity	critical	No capacity information anywhere on the listing	"Add clear capacity figures: seated capacity, standing/reception capacity, and cabaret/boardroom/theatre layouts for each space"
The Oak Grove	https://www.kentvenues.co.uk/venues/the-oak-grove	41	facilities	critical	No facilities or amenities listed	"Add a complete amenities list: WiFi, AV equipment, heating, air conditioning, kitchen access, etc."
The Oak Grove	https://www.kentvenues.co.uk/venues/the-oak-grove	41	parking	warning	No parking information on the listing	"Add parking details: number of spaces, on-site vs nearby, disabled bays, EV charging, and any charges"
The Oak Grove	https://www.kentvenues.co.uk/venues/the-oak-grove	41	accommodation	info	No accommodation details on the listing	"If on-site accommodation exists, add room count, types and pricing. If not, mention nearby hotel options for wedding parties"
The Oak Grove	https://www.kentvenues.co.uk/venues/the-oak-grove	41	accessibility	warning	No accessibility information on the listing	"Add accessibility details: wheelchair access, step-free routes, accessible toilets, hearing loops, and accessible parking bays"
The Oak Grove	https://www.kentvenues.co.uk/venues/the-oak-grove	41	contact	warning	"Missing social media link(s): Twitter/X, Instagram (shown as a dead ""#"" link)"	"Add the venue's Twitter/X and Instagram profile URL(s) — the placeholder ""#"" links look broken to visitors"
The Oak Grove	https://www.kentvenues.co.uk/venues/the-oak-grove	41	contact	suggestion	No phone number displayed	Add a direct phone number for enquirers who prefer to call
The Oak Grove	https://www.kentvenues.co.uk/venues/the-oak-grove	41	description	suggestion	No guest reviews or testimonials displayed	Collect and display client testimonials to build trust and credibility
The Old Kent Barn	https://www.kentvenues.co.uk/venues/the-old-kent-barn	52	photos	suggestion	Only 4 photos — could add more	"Aim for 8-10 photos covering exterior, each main space, and example event set-ups"
The Old Kent Barn	https://www.kentvenues.co.uk/venues/the-old-kent-barn	52	facilities	critical	No facilities or amenities listed	"Add a complete amenities list: WiFi, AV equipment, heating, air conditioning, kitchen access, etc."
The Old Kent Barn	https://www.kentvenues.co.uk/venues/the-old-kent-barn	52	parking	warning	No parking information on the listing	"Add parking details: number of spaces, on-site vs nearby, disabled bays, EV charging, and any charges"
The Old Kent Barn	https://www.kentvenues.co.uk/venues/the-old-kent-barn	52	accommodation	info	No accommodation details on the listing	"If on-site accommodation exists, add room count, types and pricing. If not, mention nearby hotel options for wedding parties"
The Old Kent Barn	https://www.kentvenues.co.uk/venues/the-old-kent-barn	52	accessibility	warning	No accessibility information on the listing	"Add accessibility details: wheelchair access, step-free routes, accessible toilets, hearing loops, and accessible parking bays"
The Old Kent Barn	https://www.kentvenues.co.uk/venues/the-old-kent-barn	52	contact	suggestion	No phone number displayed	Add a direct phone number for enquirers who prefer to call
The Old Kent Barn	https://www.kentvenues.co.uk/venues/the-old-kent-barn	52	description	suggestion	No guest reviews or testimonials displayed	Collect and display client testimonials to build trust and credibility
The Old Kent Barn	https://www.kentvenues.co.uk/venues/the-old-kent-barn	52	facilities	suggestion	Large venue has no individual rooms/spaces listed	"Break the venue into bookable spaces with individual descriptions, capacities, and photos"
The Olympic	https://www.kentvenues.co.uk/venues/the-olympic	40	capacity	critical	No capacity information anywhere on the listing	"Add clear capacity figures: seated capacity, standing/reception capacity, and cabaret/boardroom/theatre layouts for each space"
The Olympic	https://www.kentvenues.co.uk/venues/the-olympic	40	photos	suggestion	Only 3 photos — could add more	"Aim for 8-10 photos covering exterior, each main space, and example event set-ups"
The Olympic	https://www.kentvenues.co.uk/venues/the-olympic	40	facilities	critical	No facilities or amenities listed	"Add a complete amenities list: WiFi, AV equipment, heating, air conditioning, kitchen access, etc."
The Olympic	https://www.kentvenues.co.uk/venues/the-olympic	40	parking	warning	No parking information on the listing	"Add parking details: number of spaces, on-site vs nearby, disabled bays, EV charging, and any charges"
The Olympic	https://www.kentvenues.co.uk/venues/the-olympic	40	accommodation	info	No accommodation details on the listing	"If on-site accommodation exists, add room count, types and pricing. If not, mention nearby hotel options for wedding parties"
The Olympic	https://www.kentvenues.co.uk/venues/the-olympic	40	accessibility	warning	No accessibility information on the listing	"Add accessibility details: wheelchair access, step-free routes, accessible toilets, hearing loops, and accessible parking bays"
The Olympic	https://www.kentvenues.co.uk/venues/the-olympic	40	contact	suggestion	No phone number displayed	Add a direct phone number for enquirers who prefer to call
The Olympic	https://www.kentvenues.co.uk/venues/the-olympic	40	description	suggestion	No guest reviews or testimonials displayed	Collect and display client testimonials to build trust and credibility
The Orchards Events Venue	https://www.kentvenues.co.uk/venues/the-orchards-events-venue	70	photos	suggestion	Only 4 photos — could add more	"Aim for 8-10 photos covering exterior, each main space, and example event set-ups"
The Orchards Events Venue	https://www.kentvenues.co.uk/venues/the-orchards-events-venue	70	parking	warning	No parking information on the listing	"Add parking details: number of spaces, on-site vs nearby, disabled bays, EV charging, and any charges"
The Orchards Events Venue	https://www.kentvenues.co.uk/venues/the-orchards-events-venue	70	catering	warning	No catering or food/drink information on the listing	"Clarify catering options: in-house catering, approved caterers list, BYO alcohol policy, and dietary accommodations"
The Orchards Events Venue	https://www.kentvenues.co.uk/venues/the-orchards-events-venue	70	contact	warning	"Missing social media link(s): Instagram (shown as a dead ""#"" link)"	"Add the venue's Instagram profile URL(s) — the placeholder ""#"" links look broken to visitors"
The Orchards Events Venue	https://www.kentvenues.co.uk/venues/the-orchards-events-venue	70	contact	suggestion	No phone number displayed	Add a direct phone number for enquirers who prefer to call
The Orchards Events Venue	https://www.kentvenues.co.uk/venues/the-orchards-events-venue	70	description	suggestion	No guest reviews or testimonials displayed	Collect and display client testimonials to build trust and credibility
The Paper Mill	https://www.kentvenues.co.uk/venues/the-paper-mill	21	capacity	critical	No capacity information anywhere on the listing	"Add clear capacity figures: seated capacity, standing/reception capacity, and cabaret/boardroom/theatre layouts for each space"
The Paper Mill	https://www.kentvenues.co.uk/venues/the-paper-mill	21	photos	warning	Only 1 photo(s) on the listing	"Add more photos — listings with 5+ images convert significantly better. Cover different spaces, angles, and event set-ups"
The Paper Mill	https://www.kentvenues.co.uk/venues/the-paper-mill	21	facilities	critical	No facilities or amenities listed	"Add a complete amenities list: WiFi, AV equipment, heating, air conditioning, kitchen access, etc."
The Paper Mill	https://www.kentvenues.co.uk/venues/the-paper-mill	21	parking	warning	No parking information on the listing	"Add parking details: number of spaces, on-site vs nearby, disabled bays, EV charging, and any charges"
The Paper Mill	https://www.kentvenues.co.uk/venues/the-paper-mill	21	catering	warning	No catering or food/drink information on the listing	"Clarify catering options: in-house catering, approved caterers list, BYO alcohol policy, and dietary accommodations"
The Paper Mill	https://www.kentvenues.co.uk/venues/the-paper-mill	21	accommodation	info	No accommodation details on the listing	"If on-site accommodation exists, add room count, types and pricing. If not, mention nearby hotel options for wedding parties"
The Paper Mill	https://www.kentvenues.co.uk/venues/the-paper-mill	21	accessibility	warning	No accessibility information on the listing	"Add accessibility details: wheelchair access, step-free routes, accessible toilets, hearing loops, and accessible parking bays"
The Paper Mill	https://www.kentvenues.co.uk/venues/the-paper-mill	21	contact	warning	No social media links — all three social icons are unfilled placeholders	"Add the venue's Facebook, Twitter/X and Instagram profile URLs"
The Paper Mill	https://www.kentvenues.co.uk/venues/the-paper-mill	21	contact	suggestion	No phone number displayed	Add a direct phone number for enquirers who prefer to call
The Paper Mill	https://www.kentvenues.co.uk/venues/the-paper-mill	21	description	suggestion	No guest reviews or testimonials displayed	Collect and display client testimonials to build trust and credibility
The Plough and Barn at Leigh	https://www.kentvenues.co.uk/venues/the-plough-and-barn-at-leigh	40	capacity	critical	No capacity information anywhere on the listing	"Add clear capacity figures: seated capacity, standing/reception capacity, and cabaret/boardroom/theatre layouts for each space"
The Plough and Barn at Leigh	https://www.kentvenues.co.uk/venues/the-plough-and-barn-at-leigh	40	photos	suggestion	Only 4 photos — could add more	"Aim for 8-10 photos covering exterior, each main space, and example event set-ups"
The Plough and Barn at Leigh	https://www.kentvenues.co.uk/venues/the-plough-and-barn-at-leigh	40	facilities	critical	No facilities or amenities listed	"Add a complete amenities list: WiFi, AV equipment, heating, air conditioning, kitchen access, etc."
The Plough and Barn at Leigh	https://www.kentvenues.co.uk/venues/the-plough-and-barn-at-leigh	40	parking	warning	No parking information on the listing	"Add parking details: number of spaces, on-site vs nearby, disabled bays, EV charging, and any charges"
The Plough and Barn at Leigh	https://www.kentvenues.co.uk/venues/the-plough-and-barn-at-leigh	40	accommodation	info	No accommodation details on the listing	"If on-site accommodation exists, add room count, types and pricing. If not, mention nearby hotel options for wedding parties"
The Plough and Barn at Leigh	https://www.kentvenues.co.uk/venues/the-plough-and-barn-at-leigh	40	accessibility	warning	No accessibility information on the listing	"Add accessibility details: wheelchair access, step-free routes, accessible toilets, hearing loops, and accessible parking bays"
The Plough and Barn at Leigh	https://www.kentvenues.co.uk/venues/the-plough-and-barn-at-leigh	40	contact	suggestion	No phone number displayed	Add a direct phone number for enquirers who prefer to call
The Plough and Barn at Leigh	https://www.kentvenues.co.uk/venues/the-plough-and-barn-at-leigh	40	description	suggestion	No guest reviews or testimonials displayed	Collect and display client testimonials to build trust and credibility
The Pond Cafe	https://www.kentvenues.co.uk/venues/the-pond-cafe	59	facilities	critical	No facilities or amenities listed	"Add a complete amenities list: WiFi, AV equipment, heating, air conditioning, kitchen access, etc."
The Pond Cafe	https://www.kentvenues.co.uk/venues/the-pond-cafe	59	accommodation	info	No accommodation details on the listing	"If on-site accommodation exists, add room count, types and pricing. If not, mention nearby hotel options for wedding parties"
The Pond Cafe	https://www.kentvenues.co.uk/venues/the-pond-cafe	59	accessibility	warning	No accessibility information on the listing	"Add accessibility details: wheelchair access, step-free routes, accessible toilets, hearing loops, and accessible parking bays"
The Pond Cafe	https://www.kentvenues.co.uk/venues/the-pond-cafe	59	contact	warning	No social media links — all three social icons are unfilled placeholders	"Add the venue's Facebook, Twitter/X and Instagram profile URLs"
The Pond Cafe	https://www.kentvenues.co.uk/venues/the-pond-cafe	59	contact	suggestion	No venue website link on the listing	Embed or link the venue's own website so visitors can research further
The Pond Cafe	https://www.kentvenues.co.uk/venues/the-pond-cafe	59	contact	suggestion	No phone number displayed	Add a direct phone number for enquirers who prefer to call
The Pond Cafe	https://www.kentvenues.co.uk/venues/the-pond-cafe	59	description	suggestion	No guest reviews or testimonials displayed	Collect and display client testimonials to build trust and credibility
The Pound at One Pound Lane	https://www.kentvenues.co.uk/venues/the-pound-at-one-pound-lane	55	capacity	critical	No capacity information anywhere on the listing	"Add clear capacity figures: seated capacity, standing/reception capacity, and cabaret/boardroom/theatre layouts for each space"
The Pound at One Pound Lane	https://www.kentvenues.co.uk/venues/the-pound-at-one-pound-lane	55	facilities	warning	"Only 2 facilities listed (Restaurant, Bar)"	"Expand the amenities list to include everything guests would want to know — WiFi, AV, parking, catering options, accessibility features"
The Pound at One Pound Lane	https://www.kentvenues.co.uk/venues/the-pound-at-one-pound-lane	55	parking	warning	No parking information on the listing	"Add parking details: number of spaces, on-site vs nearby, disabled bays, EV charging, and any charges"
The Pound at One Pound Lane	https://www.kentvenues.co.uk/venues/the-pound-at-one-pound-lane	55	accommodation	info	No accommodation details on the listing	"If on-site accommodation exists, add room count, types and pricing. If not, mention nearby hotel options for wedding parties"
The Pound at One Pound Lane	https://www.kentvenues.co.uk/venues/the-pound-at-one-pound-lane	55	accessibility	warning	No accessibility information on the listing	"Add accessibility details: wheelchair access, step-free routes, accessible toilets, hearing loops, and accessible parking bays"
The Pound at One Pound Lane	https://www.kentvenues.co.uk/venues/the-pound-at-one-pound-lane	55	contact	suggestion	No phone number displayed	Add a direct phone number for enquirers who prefer to call
The Pound at One Pound Lane	https://www.kentvenues.co.uk/venues/the-pound-at-one-pound-lane	55	description	suggestion	No guest reviews or testimonials displayed	Collect and display client testimonials to build trust and credibility
The Quee Suite	https://www.kentvenues.co.uk/venues/the-quee-suite	87	accommodation	info	No accommodation details on the listing	"If on-site accommodation exists, add room count, types and pricing. If not, mention nearby hotel options for wedding parties"
The Quee Suite	https://www.kentvenues.co.uk/venues/the-quee-suite	87	contact	warning	"Missing social media link(s): Twitter/X (shown as a dead ""#"" link)"	"Add the venue's Twitter/X profile URL(s) — the placeholder ""#"" links look broken to visitors"
The Quee Suite	https://www.kentvenues.co.uk/venues/the-quee-suite	87	contact	suggestion	No phone number displayed	Add a direct phone number for enquirers who prefer to call
The Quee Suite	https://www.kentvenues.co.uk/venues/the-quee-suite	87	description	suggestion	No guest reviews or testimonials displayed	Collect and display client testimonials to build trust and credibility
The Redstart Inn	https://www.kentvenues.co.uk/venues/the-redstart-inn	49	capacity	critical	No capacity information anywhere on the listing	"Add clear capacity figures: seated capacity, standing/reception capacity, and cabaret/boardroom/theatre layouts for each space"
The Redstart Inn	https://www.kentvenues.co.uk/venues/the-redstart-inn	49	photos	warning	Only 2 photo(s) on the listing	"Add more photos — listings with 5+ images convert significantly better. Cover different spaces, angles, and event set-ups"
The Redstart Inn	https://www.kentvenues.co.uk/venues/the-redstart-inn	49	facilities	warning	"Only 2 facilities listed (Parking, Restaurant)"	"Expand the amenities list to include everything guests would want to know — WiFi, AV, parking, catering options, accessibility features"
The Redstart Inn	https://www.kentvenues.co.uk/venues/the-redstart-inn	49	accommodation	info	No accommodation details on the listing	"If on-site accommodation exists, add room count, types and pricing. If not, mention nearby hotel options for wedding parties"
The Redstart Inn	https://www.kentvenues.co.uk/venues/the-redstart-inn	49	accessibility	warning	No accessibility information on the listing	"Add accessibility details: wheelchair access, step-free routes, accessible toilets, hearing loops, and accessible parking bays"
The Redstart Inn	https://www.kentvenues.co.uk/venues/the-redstart-inn	49	contact	warning	"Missing social media link(s): Twitter/X, Instagram (shown as a dead ""#"" link)"	"Add the venue's Twitter/X and Instagram profile URL(s) — the placeholder ""#"" links look broken to visitors"
The Redstart Inn	https://www.kentvenues.co.uk/venues/the-redstart-inn	49	contact	suggestion	No phone number displayed	Add a direct phone number for enquirers who prefer to call
The Redstart Inn	https://www.kentvenues.co.uk/venues/the-redstart-inn	49	description	suggestion	No guest reviews or testimonials displayed	Collect and display client testimonials to build trust and credibility
The Rising Sun	https://www.kentvenues.co.uk/venues/the-rising-sun	48	capacity	critical	No capacity information anywhere on the listing	"Add clear capacity figures: seated capacity, standing/reception capacity, and cabaret/boardroom/theatre layouts for each space"
The Rising Sun	https://www.kentvenues.co.uk/venues/the-rising-sun	48	photos	warning	Only 1 photo(s) on the listing	"Add more photos — listings with 5+ images convert significantly better. Cover different spaces, angles, and event set-ups"
The Rising Sun	https://www.kentvenues.co.uk/venues/the-rising-sun	48	parking	warning	No parking information on the listing	"Add parking details: number of spaces, on-site vs nearby, disabled bays, EV charging, and any charges"
The Rising Sun	https://www.kentvenues.co.uk/venues/the-rising-sun	48	accessibility	warning	No accessibility information on the listing	"Add accessibility details: wheelchair access, step-free routes, accessible toilets, hearing loops, and accessible parking bays"
The Rising Sun	https://www.kentvenues.co.uk/venues/the-rising-sun	48	contact	warning	No social media links — all three social icons are unfilled placeholders	"Add the venue's Facebook, Twitter/X and Instagram profile URLs"
The Rising Sun	https://www.kentvenues.co.uk/venues/the-rising-sun	48	contact	suggestion	No phone number displayed	Add a direct phone number for enquirers who prefer to call
The Rising Sun	https://www.kentvenues.co.uk/venues/the-rising-sun	48	description	suggestion	No guest reviews or testimonials displayed	Collect and display client testimonials to build trust and credibility
The Rochester Corn Exchange	https://www.kentvenues.co.uk/venues/the-rochester-corn-exchange	41	description	warning	Description could be more detailed (141 characters)	"Consider adding more details about the venue's atmosphere, capacity ranges, and unique features"
The Rochester Corn Exchange	https://www.kentvenues.co.uk/venues/the-rochester-corn-exchange	41	photos	warning	Only 1 photo(s) on the listing	"Add more photos — listings with 5+ images convert significantly better. Cover different spaces, angles, and event set-ups"
The Rochester Corn Exchange	https://www.kentvenues.co.uk/venues/the-rochester-corn-exchange	41	facilities	critical	No facilities or amenities listed	"Add a complete amenities list: WiFi, AV equipment, heating, air conditioning, kitchen access, etc."
The Rochester Corn Exchange	https://www.kentvenues.co.uk/venues/the-rochester-corn-exchange	41	parking	warning	No parking information on the listing	"Add parking details: number of spaces, on-site vs nearby, disabled bays, EV charging, and any charges"
The Rochester Corn Exchange	https://www.kentvenues.co.uk/venues/the-rochester-corn-exchange	41	catering	warning	No catering or food/drink information on the listing	"Clarify catering options: in-house catering, approved caterers list, BYO alcohol policy, and dietary accommodations"
The Rochester Corn Exchange	https://www.kentvenues.co.uk/venues/the-rochester-corn-exchange	41	accessibility	warning	No accessibility information on the listing	"Add accessibility details: wheelchair access, step-free routes, accessible toilets, hearing loops, and accessible parking bays"
The Rochester Corn Exchange	https://www.kentvenues.co.uk/venues/the-rochester-corn-exchange	41	contact	suggestion	No phone number displayed	Add a direct phone number for enquirers who prefer to call
The Rochester Corn Exchange	https://www.kentvenues.co.uk/venues/the-rochester-corn-exchange	41	description	suggestion	No guest reviews or testimonials displayed	Collect and display client testimonials to build trust and credibility
The Roffen Club	https://www.kentvenues.co.uk/venues/the-roffen-club	48	capacity	critical	No capacity information anywhere on the listing	"Add clear capacity figures: seated capacity, standing/reception capacity, and cabaret/boardroom/theatre layouts for each space"
The Roffen Club	https://www.kentvenues.co.uk/venues/the-roffen-club	48	parking	warning	No parking information on the listing	"Add parking details: number of spaces, on-site vs nearby, disabled bays, EV charging, and any charges"
The Roffen Club	https://www.kentvenues.co.uk/venues/the-roffen-club	48	catering	warning	No catering or food/drink information on the listing	"Clarify catering options: in-house catering, approved caterers list, BYO alcohol policy, and dietary accommodations"
The Roffen Club	https://www.kentvenues.co.uk/venues/the-roffen-club	48	accommodation	info	No accommodation details on the listing	"If on-site accommodation exists, add room count, types and pricing. If not, mention nearby hotel options for wedding parties"
The Roffen Club	https://www.kentvenues.co.uk/venues/the-roffen-club	48	accessibility	warning	No accessibility information on the listing	"Add accessibility details: wheelchair access, step-free routes, accessible toilets, hearing loops, and accessible parking bays"
The Roffen Club	https://www.kentvenues.co.uk/venues/the-roffen-club	48	contact	warning	"Missing social media link(s): Twitter/X, Instagram (shown as a dead ""#"" link)"	"Add the venue's Twitter/X and Instagram profile URL(s) — the placeholder ""#"" links look broken to visitors"
The Roffen Club	https://www.kentvenues.co.uk/venues/the-roffen-club	48	contact	suggestion	No phone number displayed	Add a direct phone number for enquirers who prefer to call
The Roffen Club	https://www.kentvenues.co.uk/venues/the-roffen-club	48	description	suggestion	No guest reviews or testimonials displayed	Collect and display client testimonials to build trust and credibility
The Royal Oak Hotel	https://www.kentvenues.co.uk/venues/the-royal-oak-hotel	27	capacity	critical	No capacity information anywhere on the listing	"Add clear capacity figures: seated capacity, standing/reception capacity, and cabaret/boardroom/theatre layouts for each space"
The Royal Oak Hotel	https://www.kentvenues.co.uk/venues/the-royal-oak-hotel	27	photos	warning	Only 1 photo(s) on the listing	"Add more photos — listings with 5+ images convert significantly better. Cover different spaces, angles, and event set-ups"
The Royal Oak Hotel	https://www.kentvenues.co.uk/venues/the-royal-oak-hotel	27	facilities	critical	No facilities or amenities listed	"Add a complete amenities list: WiFi, AV equipment, heating, air conditioning, kitchen access, etc."
The Royal Oak Hotel	https://www.kentvenues.co.uk/venues/the-royal-oak-hotel	27	parking	warning	No parking information on the listing	"Add parking details: number of spaces, on-site vs nearby, disabled bays, EV charging, and any charges"
The Royal Oak Hotel	https://www.kentvenues.co.uk/venues/the-royal-oak-hotel	27	catering	warning	No catering or food/drink information on the listing	"Clarify catering options: in-house catering, approved caterers list, BYO alcohol policy, and dietary accommodations"
The Royal Oak Hotel	https://www.kentvenues.co.uk/venues/the-royal-oak-hotel	27	accessibility	warning	No accessibility information on the listing	"Add accessibility details: wheelchair access, step-free routes, accessible toilets, hearing loops, and accessible parking bays"
The Royal Oak Hotel	https://www.kentvenues.co.uk/venues/the-royal-oak-hotel	27	contact	warning	"Missing social media link(s): Twitter/X, Instagram (shown as a dead ""#"" link)"	"Add the venue's Twitter/X and Instagram profile URL(s) — the placeholder ""#"" links look broken to visitors"
The Royal Oak Hotel	https://www.kentvenues.co.uk/venues/the-royal-oak-hotel	27	contact	suggestion	No phone number displayed	Add a direct phone number for enquirers who prefer to call
The Royal Oak Hotel	https://www.kentvenues.co.uk/venues/the-royal-oak-hotel	27	description	suggestion	No guest reviews or testimonials displayed	Collect and display client testimonials to build trust and credibility
The Salad House	https://www.kentvenues.co.uk/venues/the-salad-house	12	capacity	critical	No capacity information anywhere on the listing	"Add clear capacity figures: seated capacity, standing/reception capacity, and cabaret/boardroom/theatre layouts for each space"
The Salad House	https://www.kentvenues.co.uk/venues/the-salad-house	12	photos	critical	No photographs on the listing	"Add a minimum of 5 high-quality photographs showing the venue exterior, main spaces, and set-up examples"
The Salad House	https://www.kentvenues.co.uk/venues/the-salad-house	12	facilities	critical	No facilities or amenities listed	"Add a complete amenities list: WiFi, AV equipment, heating, air conditioning, kitchen access, etc."
The Salad House	https://www.kentvenues.co.uk/venues/the-salad-house	12	parking	warning	No parking information on the listing	"Add parking details: number of spaces, on-site vs nearby, disabled bays, EV charging, and any charges"
The Salad House	https://www.kentvenues.co.uk/venues/the-salad-house	12	accommodation	info	No accommodation details on the listing	"If on-site accommodation exists, add room count, types and pricing. If not, mention nearby hotel options for wedding parties"
The Salad House	https://www.kentvenues.co.uk/venues/the-salad-house	12	accessibility	warning	No accessibility information on the listing	"Add accessibility details: wheelchair access, step-free routes, accessible toilets, hearing loops, and accessible parking bays"
The Salad House	https://www.kentvenues.co.uk/venues/the-salad-house	12	contact	critical	"No contact information at all — no email, no social media, no website link"	Add at minimum a contact email and the venue's website and social media links so enquirers can reach the venue directly
The Salad House	https://www.kentvenues.co.uk/venues/the-salad-house	12	description	suggestion	No guest reviews or testimonials displayed	Collect and display client testimonials to build trust and credibility
The Secret Garden	https://www.kentvenues.co.uk/venues/the-secret-garden	63	capacity	critical	No capacity information anywhere on the listing	"Add clear capacity figures: seated capacity, standing/reception capacity, and cabaret/boardroom/theatre layouts for each space"
The Secret Garden	https://www.kentvenues.co.uk/venues/the-secret-garden	63	facilities	warning	Only 1 facilities listed (Wifi)	"Expand the amenities list to include everything guests would want to know — WiFi, AV, parking, catering options, accessibility features"
The Secret Garden	https://www.kentvenues.co.uk/venues/the-secret-garden	63	parking	warning	No parking information on the listing	"Add parking details: number of spaces, on-site vs nearby, disabled bays, EV charging, and any charges"
The Secret Garden	https://www.kentvenues.co.uk/venues/the-secret-garden	63	accommodation	info	No accommodation details on the listing	"If on-site accommodation exists, add room count, types and pricing. If not, mention nearby hotel options for wedding parties"
The Secret Garden	https://www.kentvenues.co.uk/venues/the-secret-garden	63	contact	suggestion	No phone number displayed	Add a direct phone number for enquirers who prefer to call
The Secret Garden	https://www.kentvenues.co.uk/venues/the-secret-garden	63	description	suggestion	No guest reviews or testimonials displayed	Collect and display client testimonials to build trust and credibility
The Shurland Hotel	https://www.kentvenues.co.uk/venues/the-shurland-hotel	71	capacity	critical	No capacity information anywhere on the listing	"Add clear capacity figures: seated capacity, standing/reception capacity, and cabaret/boardroom/theatre layouts for each space"
The Shurland Hotel	https://www.kentvenues.co.uk/venues/the-shurland-hotel	71	photos	suggestion	Only 4 photos — could add more	"Aim for 8-10 photos covering exterior, each main space, and example event set-ups"
The Shurland Hotel	https://www.kentvenues.co.uk/venues/the-shurland-hotel	71	contact	warning	"Missing social media link(s): Twitter/X, Instagram (shown as a dead ""#"" link)"	"Add the venue's Twitter/X and Instagram profile URL(s) — the placeholder ""#"" links look broken to visitors"
The Shurland Hotel	https://www.kentvenues.co.uk/venues/the-shurland-hotel	71	contact	suggestion	No phone number displayed	Add a direct phone number for enquirers who prefer to call
The Shurland Hotel	https://www.kentvenues.co.uk/venues/the-shurland-hotel	71	description	suggestion	No guest reviews or testimonials displayed	Collect and display client testimonials to build trust and credibility
The Source Bar	https://www.kentvenues.co.uk/venues/the-source-bar	50	capacity	critical	No capacity information anywhere on the listing	"Add clear capacity figures: seated capacity, standing/reception capacity, and cabaret/boardroom/theatre layouts for each space"
The Source Bar	https://www.kentvenues.co.uk/venues/the-source-bar	50	photos	suggestion	Only 3 photos — could add more	"Aim for 8-10 photos covering exterior, each main space, and example event set-ups"
The Source Bar	https://www.kentvenues.co.uk/venues/the-source-bar	50	facilities	warning	Only 1 facilities listed (Bar)	"Expand the amenities list to include everything guests would want to know — WiFi, AV, parking, catering options, accessibility features"
The Source Bar	https://www.kentvenues.co.uk/venues/the-source-bar	50	parking	warning	No parking information on the listing	"Add parking details: number of spaces, on-site vs nearby, disabled bays, EV charging, and any charges"
The Source Bar	https://www.kentvenues.co.uk/venues/the-source-bar	50	accommodation	info	No accommodation details on the listing	"If on-site accommodation exists, add room count, types and pricing. If not, mention nearby hotel options for wedding parties"
The Source Bar	https://www.kentvenues.co.uk/venues/the-source-bar	50	accessibility	warning	No accessibility information on the listing	"Add accessibility details: wheelchair access, step-free routes, accessible toilets, hearing loops, and accessible parking bays"
The Source Bar	https://www.kentvenues.co.uk/venues/the-source-bar	50	contact	suggestion	No phone number displayed	Add a direct phone number for enquirers who prefer to call
The Source Bar	https://www.kentvenues.co.uk/venues/the-source-bar	50	description	suggestion	No guest reviews or testimonials displayed	Collect and display client testimonials to build trust and credibility
The Spa Hotel	https://www.kentvenues.co.uk/venues/the-spa-hotel	95	contact	suggestion	No phone number displayed	Add a direct phone number for enquirers who prefer to call
The Spa Hotel	https://www.kentvenues.co.uk/venues/the-spa-hotel	95	description	suggestion	No guest reviews or testimonials displayed	Collect and display client testimonials to build trust and credibility
The Star & Eagle	https://www.kentvenues.co.uk/venues/the-star-eagle	46	capacity	critical	No capacity information anywhere on the listing	"Add clear capacity figures: seated capacity, standing/reception capacity, and cabaret/boardroom/theatre layouts for each space"
The Star & Eagle	https://www.kentvenues.co.uk/venues/the-star-eagle	46	photos	suggestion	Only 4 photos — could add more	"Aim for 8-10 photos covering exterior, each main space, and example event set-ups"
The Star & Eagle	https://www.kentvenues.co.uk/venues/the-star-eagle	46	facilities	warning	Only 1 facilities listed (Accommodation)	"Expand the amenities list to include everything guests would want to know — WiFi, AV, parking, catering options, accessibility features"
The Star & Eagle	https://www.kentvenues.co.uk/venues/the-star-eagle	46	parking	warning	No parking information on the listing	"Add parking details: number of spaces, on-site vs nearby, disabled bays, EV charging, and any charges"
The Star & Eagle	https://www.kentvenues.co.uk/venues/the-star-eagle	46	catering	warning	No catering or food/drink information on the listing	"Clarify catering options: in-house catering, approved caterers list, BYO alcohol policy, and dietary accommodations"
The Star & Eagle	https://www.kentvenues.co.uk/venues/the-star-eagle	46	accessibility	warning	No accessibility information on the listing	"Add accessibility details: wheelchair access, step-free routes, accessible toilets, hearing loops, and accessible parking bays"
The Star & Eagle	https://www.kentvenues.co.uk/venues/the-star-eagle	46	contact	suggestion	No phone number displayed	Add a direct phone number for enquirers who prefer to call
The Star & Eagle	https://www.kentvenues.co.uk/venues/the-star-eagle	46	description	suggestion	No guest reviews or testimonials displayed	Collect and display client testimonials to build trust and credibility
The Swan Wine Kitchen	https://www.kentvenues.co.uk/venues/the-swan-wine-kitchen	29	capacity	critical	No capacity information anywhere on the listing	"Add clear capacity figures: seated capacity, standing/reception capacity, and cabaret/boardroom/theatre layouts for each space"
The Swan Wine Kitchen	https://www.kentvenues.co.uk/venues/the-swan-wine-kitchen	29	photos	warning	Only 1 photo(s) on the listing	"Add more photos — listings with 5+ images convert significantly better. Cover different spaces, angles, and event set-ups"
The Swan Wine Kitchen	https://www.kentvenues.co.uk/venues/the-swan-wine-kitchen	29	facilities	critical	No facilities or amenities listed	"Add a complete amenities list: WiFi, AV equipment, heating, air conditioning, kitchen access, etc."
The Swan Wine Kitchen	https://www.kentvenues.co.uk/venues/the-swan-wine-kitchen	29	parking	warning	No parking information on the listing	"Add parking details: number of spaces, on-site vs nearby, disabled bays, EV charging, and any charges"
The Swan Wine Kitchen	https://www.kentvenues.co.uk/venues/the-swan-wine-kitchen	29	accommodation	info	No accommodation details on the listing	"If on-site accommodation exists, add room count, types and pricing. If not, mention nearby hotel options for wedding parties"
The Swan Wine Kitchen	https://www.kentvenues.co.uk/venues/the-swan-wine-kitchen	29	accessibility	warning	No accessibility information on the listing	"Add accessibility details: wheelchair access, step-free routes, accessible toilets, hearing loops, and accessible parking bays"
The Swan Wine Kitchen	https://www.kentvenues.co.uk/venues/the-swan-wine-kitchen	29	contact	warning	No social media links — all three social icons are unfilled placeholders	"Add the venue's Facebook, Twitter/X and Instagram profile URLs"
The Swan Wine Kitchen	https://www.kentvenues.co.uk/venues/the-swan-wine-kitchen	29	contact	suggestion	No phone number displayed	Add a direct phone number for enquirers who prefer to call
The Swan Wine Kitchen	https://www.kentvenues.co.uk/venues/the-swan-wine-kitchen	29	description	suggestion	No guest reviews or testimonials displayed	Collect and display client testimonials to build trust and credibility
The Tenterden Club	https://www.kentvenues.co.uk/venues/the-tenterden-club	46	capacity	critical	No capacity information anywhere on the listing	"Add clear capacity figures: seated capacity, standing/reception capacity, and cabaret/boardroom/theatre layouts for each space"
The Tenterden Club	https://www.kentvenues.co.uk/venues/the-tenterden-club	46	photos	warning	Only 1 photo(s) on the listing	"Add more photos — listings with 5+ images convert significantly better. Cover different spaces, angles, and event set-ups"
The Tenterden Club	https://www.kentvenues.co.uk/venues/the-tenterden-club	46	parking	warning	No parking information on the listing	"Add parking details: number of spaces, on-site vs nearby, disabled bays, EV charging, and any charges"
The Tenterden Club	https://www.kentvenues.co.uk/venues/the-tenterden-club	46	accommodation	info	No accommodation details on the listing	"If on-site accommodation exists, add room count, types and pricing. If not, mention nearby hotel options for wedding parties"
The Tenterden Club	https://www.kentvenues.co.uk/venues/the-tenterden-club	46	accessibility	warning	No accessibility information on the listing	"Add accessibility details: wheelchair access, step-free routes, accessible toilets, hearing loops, and accessible parking bays"
The Tenterden Club	https://www.kentvenues.co.uk/venues/the-tenterden-club	46	contact	warning	"Missing social media link(s): Instagram (shown as a dead ""#"" link)"	"Add the venue's Instagram profile URL(s) — the placeholder ""#"" links look broken to visitors"
The Tenterden Club	https://www.kentvenues.co.uk/venues/the-tenterden-club	46	contact	suggestion	No phone number displayed	Add a direct phone number for enquirers who prefer to call
The Tenterden Club	https://www.kentvenues.co.uk/venues/the-tenterden-club	46	description	suggestion	No guest reviews or testimonials displayed	Collect and display client testimonials to build trust and credibility
The Victoria Hotel	https://www.kentvenues.co.uk/venues/the-victoria-hotel	53	capacity	critical	No capacity information anywhere on the listing	"Add clear capacity figures: seated capacity, standing/reception capacity, and cabaret/boardroom/theatre layouts for each space"
The Victoria Hotel	https://www.kentvenues.co.uk/venues/the-victoria-hotel	53	photos	suggestion	Only 3 photos — could add more	"Aim for 8-10 photos covering exterior, each main space, and example event set-ups"
The Victoria Hotel	https://www.kentvenues.co.uk/venues/the-victoria-hotel	53	accessibility	warning	No accessibility information on the listing	"Add accessibility details: wheelchair access, step-free routes, accessible toilets, hearing loops, and accessible parking bays"
The Victoria Hotel	https://www.kentvenues.co.uk/venues/the-victoria-hotel	53	contact	warning	No contact email address behind the enquiry form	Set the venue's enquiry email so the contact form reaches the venue (currently enquirers can only use the site-wide form)
The Victoria Hotel	https://www.kentvenues.co.uk/venues/the-victoria-hotel	53	contact	warning	"Missing social media link(s): Twitter/X, Instagram (shown as a dead ""#"" link)"	"Add the venue's Twitter/X and Instagram profile URL(s) — the placeholder ""#"" links look broken to visitors"
The Victoria Hotel	https://www.kentvenues.co.uk/venues/the-victoria-hotel	53	contact	suggestion	No phone number displayed	Add a direct phone number for enquirers who prefer to call
The Victoria Hotel	https://www.kentvenues.co.uk/venues/the-victoria-hotel	53	description	suggestion	No guest reviews or testimonials displayed	Collect and display client testimonials to build trust and credibility
The White Bear	https://www.kentvenues.co.uk/venues/the-white-bear	50	capacity	critical	No capacity information anywhere on the listing	"Add clear capacity figures: seated capacity, standing/reception capacity, and cabaret/boardroom/theatre layouts for each space"
The White Bear	https://www.kentvenues.co.uk/venues/the-white-bear	50	photos	suggestion	Only 3 photos — could add more	"Aim for 8-10 photos covering exterior, each main space, and example event set-ups"
The White Bear	https://www.kentvenues.co.uk/venues/the-white-bear	50	facilities	warning	"Only 2 facilities listed (Wifi, Bar)"	"Expand the amenities list to include everything guests would want to know — WiFi, AV, parking, catering options, accessibility features"
The White Bear	https://www.kentvenues.co.uk/venues/the-white-bear	50	parking	warning	No parking information on the listing	"Add parking details: number of spaces, on-site vs nearby, disabled bays, EV charging, and any charges"
The White Bear	https://www.kentvenues.co.uk/venues/the-white-bear	50	accommodation	info	No accommodation details on the listing	"If on-site accommodation exists, add room count, types and pricing. If not, mention nearby hotel options for wedding parties"
The White Bear	https://www.kentvenues.co.uk/venues/the-white-bear	50	accessibility	warning	No accessibility information on the listing	"Add accessibility details: wheelchair access, step-free routes, accessible toilets, hearing loops, and accessible parking bays"
The White Bear	https://www.kentvenues.co.uk/venues/the-white-bear	50	contact	suggestion	No phone number displayed	Add a direct phone number for enquirers who prefer to call
The White Bear	https://www.kentvenues.co.uk/venues/the-white-bear	50	description	suggestion	No guest reviews or testimonials displayed	Collect and display client testimonials to build trust and credibility
The White Horse Inn	https://www.kentvenues.co.uk/venues/the-white-horse-inn	68	capacity	critical	No capacity information anywhere on the listing	"Add clear capacity figures: seated capacity, standing/reception capacity, and cabaret/boardroom/theatre layouts for each space"
The White Horse Inn	https://www.kentvenues.co.uk/venues/the-white-horse-inn	68	accessibility	warning	No accessibility information on the listing	"Add accessibility details: wheelchair access, step-free routes, accessible toilets, hearing loops, and accessible parking bays"
The White Horse Inn	https://www.kentvenues.co.uk/venues/the-white-horse-inn	68	contact	warning	"Missing social media link(s): Instagram (shown as a dead ""#"" link)"	"Add the venue's Instagram profile URL(s) — the placeholder ""#"" links look broken to visitors"
The White Horse Inn	https://www.kentvenues.co.uk/venues/the-white-horse-inn	68	contact	suggestion	No phone number displayed	Add a direct phone number for enquirers who prefer to call
The White Horse Inn	https://www.kentvenues.co.uk/venues/the-white-horse-inn	68	description	suggestion	No guest reviews or testimonials displayed	Collect and display client testimonials to build trust and credibility
The White Swan	https://www.kentvenues.co.uk/venues/the-white-swan	45	description	warning	Description could be more detailed (171 characters)	"Consider adding more details about the venue's atmosphere, capacity ranges, and unique features"
The White Swan	https://www.kentvenues.co.uk/venues/the-white-swan	45	capacity	critical	No capacity information anywhere on the listing	"Add clear capacity figures: seated capacity, standing/reception capacity, and cabaret/boardroom/theatre layouts for each space"
The White Swan	https://www.kentvenues.co.uk/venues/the-white-swan	45	photos	suggestion	Only 4 photos — could add more	"Aim for 8-10 photos covering exterior, each main space, and example event set-ups"
The White Swan	https://www.kentvenues.co.uk/venues/the-white-swan	45	facilities	warning	Only 1 facilities listed (Restaurant)	"Expand the amenities list to include everything guests would want to know — WiFi, AV, parking, catering options, accessibility features"
The White Swan	https://www.kentvenues.co.uk/venues/the-white-swan	45	parking	warning	No parking information on the listing	"Add parking details: number of spaces, on-site vs nearby, disabled bays, EV charging, and any charges"
The White Swan	https://www.kentvenues.co.uk/venues/the-white-swan	45	accommodation	info	No accommodation details on the listing	"If on-site accommodation exists, add room count, types and pricing. If not, mention nearby hotel options for wedding parties"
The White Swan	https://www.kentvenues.co.uk/venues/the-white-swan	45	accessibility	warning	No accessibility information on the listing	"Add accessibility details: wheelchair access, step-free routes, accessible toilets, hearing loops, and accessible parking bays"
The White Swan	https://www.kentvenues.co.uk/venues/the-white-swan	45	contact	suggestion	No phone number displayed	Add a direct phone number for enquirers who prefer to call
The White Swan	https://www.kentvenues.co.uk/venues/the-white-swan	45	description	suggestion	No guest reviews or testimonials displayed	Collect and display client testimonials to build trust and credibility
The Winding House	https://www.kentvenues.co.uk/venues/the-winding-house	66	capacity	critical	No capacity information anywhere on the listing	"Add clear capacity figures: seated capacity, standing/reception capacity, and cabaret/boardroom/theatre layouts for each space"
The Winding House	https://www.kentvenues.co.uk/venues/the-winding-house	66	photos	suggestion	Only 3 photos — could add more	"Aim for 8-10 photos covering exterior, each main space, and example event set-ups"
The Winding House	https://www.kentvenues.co.uk/venues/the-winding-house	66	facilities	warning	"Only 2 facilities listed (Accommodation, Parking)"	"Expand the amenities list to include everything guests would want to know — WiFi, AV, parking, catering options, accessibility features"
The Winding House	https://www.kentvenues.co.uk/venues/the-winding-house	66	contact	warning	"Missing social media link(s): Twitter/X, Instagram (shown as a dead ""#"" link)"	"Add the venue's Twitter/X and Instagram profile URL(s) — the placeholder ""#"" links look broken to visitors"
The Winding House	https://www.kentvenues.co.uk/venues/the-winding-house	66	contact	suggestion	No phone number displayed	Add a direct phone number for enquirers who prefer to call
The Winding House	https://www.kentvenues.co.uk/venues/the-winding-house	66	description	suggestion	No guest reviews or testimonials displayed	Collect and display client testimonials to build trust and credibility
The Woodville	https://www.kentvenues.co.uk/venues/the-woodville	25	capacity	critical	No capacity information anywhere on the listing	"Add clear capacity figures: seated capacity, standing/reception capacity, and cabaret/boardroom/theatre layouts for each space"
The Woodville	https://www.kentvenues.co.uk/venues/the-woodville	25	photos	critical	No photographs on the listing	"Add a minimum of 5 high-quality photographs showing the venue exterior, main spaces, and set-up examples"
The Woodville	https://www.kentvenues.co.uk/venues/the-woodville	25	facilities	critical	No facilities or amenities listed	"Add a complete amenities list: WiFi, AV equipment, heating, air conditioning, kitchen access, etc."
The Woodville	https://www.kentvenues.co.uk/venues/the-woodville	25	parking	warning	No parking information on the listing	"Add parking details: number of spaces, on-site vs nearby, disabled bays, EV charging, and any charges"
The Woodville	https://www.kentvenues.co.uk/venues/the-woodville	25	accommodation	info	No accommodation details on the listing	"If on-site accommodation exists, add room count, types and pricing. If not, mention nearby hotel options for wedding parties"
The Woodville	https://www.kentvenues.co.uk/venues/the-woodville	25	accessibility	warning	No accessibility information on the listing	"Add accessibility details: wheelchair access, step-free routes, accessible toilets, hearing loops, and accessible parking bays"
The Woodville	https://www.kentvenues.co.uk/venues/the-woodville	25	contact	suggestion	No phone number displayed	Add a direct phone number for enquirers who prefer to call
The Woodville	https://www.kentvenues.co.uk/venues/the-woodville	25	description	suggestion	No guest reviews or testimonials displayed	Collect and display client testimonials to build trust and credibility
The Workary Welling	https://www.kentvenues.co.uk/venues/the-workary-welling	23	capacity	critical	No capacity information anywhere on the listing	"Add clear capacity figures: seated capacity, standing/reception capacity, and cabaret/boardroom/theatre layouts for each space"
The Workary Welling	https://www.kentvenues.co.uk/venues/the-workary-welling	23	photos	warning	Only 2 photo(s) on the listing	"Add more photos — listings with 5+ images convert significantly better. Cover different spaces, angles, and event set-ups"
The Workary Welling	https://www.kentvenues.co.uk/venues/the-workary-welling	23	facilities	critical	No facilities or amenities listed	"Add a complete amenities list: WiFi, AV equipment, heating, air conditioning, kitchen access, etc."
The Workary Welling	https://www.kentvenues.co.uk/venues/the-workary-welling	23	parking	warning	No parking information on the listing	"Add parking details: number of spaces, on-site vs nearby, disabled bays, EV charging, and any charges"
The Workary Welling	https://www.kentvenues.co.uk/venues/the-workary-welling	23	catering	warning	No catering or food/drink information on the listing	"Clarify catering options: in-house catering, approved caterers list, BYO alcohol policy, and dietary accommodations"
The Workary Welling	https://www.kentvenues.co.uk/venues/the-workary-welling	23	accommodation	info	No accommodation details on the listing	"If on-site accommodation exists, add room count, types and pricing. If not, mention nearby hotel options for wedding parties"
The Workary Welling	https://www.kentvenues.co.uk/venues/the-workary-welling	23	accessibility	warning	No accessibility information on the listing	"Add accessibility details: wheelchair access, step-free routes, accessible toilets, hearing loops, and accessible parking bays"
The Workary Welling	https://www.kentvenues.co.uk/venues/the-workary-welling	23	contact	warning	"Missing social media link(s): Instagram (shown as a dead ""#"" link)"	"Add the venue's Instagram profile URL(s) — the placeholder ""#"" links look broken to visitors"
The Workary Welling	https://www.kentvenues.co.uk/venues/the-workary-welling	23	contact	suggestion	No phone number displayed	Add a direct phone number for enquirers who prefer to call
The Workary Welling	https://www.kentvenues.co.uk/venues/the-workary-welling	23	description	suggestion	No guest reviews or testimonials displayed	Collect and display client testimonials to build trust and credibility
The Yarrow	https://www.kentvenues.co.uk/venues/the-yarrow	34	description	critical	Missing or extremely short venue description	"Write a detailed description (200+ words) covering the venue's character, history, setting, and what makes it unique"
The Yarrow	https://www.kentvenues.co.uk/venues/the-yarrow	34	capacity	critical	No capacity information anywhere on the listing	"Add clear capacity figures: seated capacity, standing/reception capacity, and cabaret/boardroom/theatre layouts for each space"
The Yarrow	https://www.kentvenues.co.uk/venues/the-yarrow	34	photos	suggestion	Only 4 photos — could add more	"Aim for 8-10 photos covering exterior, each main space, and example event set-ups"
The Yarrow	https://www.kentvenues.co.uk/venues/the-yarrow	34	facilities	warning	"Only 2 facilities listed (Restaurant, Accommodation)"	"Expand the amenities list to include everything guests would want to know — WiFi, AV, parking, catering options, accessibility features"
The Yarrow	https://www.kentvenues.co.uk/venues/the-yarrow	34	parking	warning	No parking information on the listing	"Add parking details: number of spaces, on-site vs nearby, disabled bays, EV charging, and any charges"
The Yarrow	https://www.kentvenues.co.uk/venues/the-yarrow	34	accessibility	warning	No accessibility information on the listing	"Add accessibility details: wheelchair access, step-free routes, accessible toilets, hearing loops, and accessible parking bays"
The Yarrow	https://www.kentvenues.co.uk/venues/the-yarrow	34	contact	suggestion	No phone number displayed	Add a direct phone number for enquirers who prefer to call
The Yarrow	https://www.kentvenues.co.uk/venues/the-yarrow	34	description	suggestion	No guest reviews or testimonials displayed	Collect and display client testimonials to build trust and credibility
Three Hills Sports Park	https://www.kentvenues.co.uk/venues/three-hills-sports-park	90	photos	suggestion	Only 4 photos — could add more	"Aim for 8-10 photos covering exterior, each main space, and example event set-ups"
Three Hills Sports Park	https://www.kentvenues.co.uk/venues/three-hills-sports-park	90	contact	suggestion	No phone number displayed	Add a direct phone number for enquirers who prefer to call
Three Hills Sports Park	https://www.kentvenues.co.uk/venues/three-hills-sports-park	90	description	suggestion	No guest reviews or testimonials displayed	Collect and display client testimonials to build trust and credibility
Tonbridge Castle	https://www.kentvenues.co.uk/venues/tonbridge-castle	0	description	critical	Missing or extremely short venue description	"Write a detailed description (200+ words) covering the venue's character, history, setting, and what makes it unique"
Tonbridge Castle	https://www.kentvenues.co.uk/venues/tonbridge-castle	0	capacity	critical	No capacity information anywhere on the listing	"Add clear capacity figures: seated capacity, standing/reception capacity, and cabaret/boardroom/theatre layouts for each space"
Tonbridge Castle	https://www.kentvenues.co.uk/venues/tonbridge-castle	0	photos	warning	Only 2 photo(s) on the listing	"Add more photos — listings with 5+ images convert significantly better. Cover different spaces, angles, and event set-ups"
Tonbridge Castle	https://www.kentvenues.co.uk/venues/tonbridge-castle	0	facilities	critical	No facilities or amenities listed	"Add a complete amenities list: WiFi, AV equipment, heating, air conditioning, kitchen access, etc."
Tonbridge Castle	https://www.kentvenues.co.uk/venues/tonbridge-castle	0	parking	warning	No parking information on the listing	"Add parking details: number of spaces, on-site vs nearby, disabled bays, EV charging, and any charges"
Tonbridge Castle	https://www.kentvenues.co.uk/venues/tonbridge-castle	0	catering	warning	No catering or food/drink information on the listing	"Clarify catering options: in-house catering, approved caterers list, BYO alcohol policy, and dietary accommodations"
Tonbridge Castle	https://www.kentvenues.co.uk/venues/tonbridge-castle	0	accommodation	info	No accommodation details on the listing	"If on-site accommodation exists, add room count, types and pricing. If not, mention nearby hotel options for wedding parties"
Tonbridge Castle	https://www.kentvenues.co.uk/venues/tonbridge-castle	0	accessibility	warning	No accessibility information on the listing	"Add accessibility details: wheelchair access, step-free routes, accessible toilets, hearing loops, and accessible parking bays"
Tonbridge Castle	https://www.kentvenues.co.uk/venues/tonbridge-castle	0	contact	warning	No social media links — all three social icons are unfilled placeholders	"Add the venue's Facebook, Twitter/X and Instagram profile URLs"
Tonbridge Castle	https://www.kentvenues.co.uk/venues/tonbridge-castle	0	contact	suggestion	No phone number displayed	Add a direct phone number for enquirers who prefer to call
Tonbridge Castle	https://www.kentvenues.co.uk/venues/tonbridge-castle	0	description	suggestion	No guest reviews or testimonials displayed	Collect and display client testimonials to build trust and credibility
Tonbridge Castle	https://www.kentvenues.co.uk/venues/tonbridge-castle	0	facilities	suggestion	Large venue has no individual rooms/spaces listed	"Break the venue into bookable spaces with individual descriptions, capacities, and photos"
Tonbridge Grammar School	https://www.kentvenues.co.uk/venues/tonbridge-grammar-school	28	capacity	critical	No capacity information anywhere on the listing	"Add clear capacity figures: seated capacity, standing/reception capacity, and cabaret/boardroom/theatre layouts for each space"
Tonbridge Grammar School	https://www.kentvenues.co.uk/venues/tonbridge-grammar-school	28	photos	suggestion	Only 3 photos — could add more	"Aim for 8-10 photos covering exterior, each main space, and example event set-ups"
Tonbridge Grammar School	https://www.kentvenues.co.uk/venues/tonbridge-grammar-school	28	facilities	critical	No facilities or amenities listed	"Add a complete amenities list: WiFi, AV equipment, heating, air conditioning, kitchen access, etc."
Tonbridge Grammar School	https://www.kentvenues.co.uk/venues/tonbridge-grammar-school	28	parking	warning	No parking information on the listing	"Add parking details: number of spaces, on-site vs nearby, disabled bays, EV charging, and any charges"
Tonbridge Grammar School	https://www.kentvenues.co.uk/venues/tonbridge-grammar-school	28	catering	warning	No catering or food/drink information on the listing	"Clarify catering options: in-house catering, approved caterers list, BYO alcohol policy, and dietary accommodations"
Tonbridge Grammar School	https://www.kentvenues.co.uk/venues/tonbridge-grammar-school	28	accommodation	info	No accommodation details on the listing	"If on-site accommodation exists, add room count, types and pricing. If not, mention nearby hotel options for wedding parties"
Tonbridge Grammar School	https://www.kentvenues.co.uk/venues/tonbridge-grammar-school	28	accessibility	warning	No accessibility information on the listing	"Add accessibility details: wheelchair access, step-free routes, accessible toilets, hearing loops, and accessible parking bays"
Tonbridge Grammar School	https://www.kentvenues.co.uk/venues/tonbridge-grammar-school	28	contact	warning	"Missing social media link(s): Twitter/X, Instagram (shown as a dead ""#"" link)"	"Add the venue's Twitter/X and Instagram profile URL(s) — the placeholder ""#"" links look broken to visitors"
Tonbridge Grammar School	https://www.kentvenues.co.uk/venues/tonbridge-grammar-school	28	contact	suggestion	No phone number displayed	Add a direct phone number for enquirers who prefer to call
Tonbridge Grammar School	https://www.kentvenues.co.uk/venues/tonbridge-grammar-school	28	description	suggestion	No guest reviews or testimonials displayed	Collect and display client testimonials to build trust and credibility
Tonbridge School (Events)	https://www.kentvenues.co.uk/venues/tonbridge-school-events	32	capacity	critical	No capacity information anywhere on the listing	"Add clear capacity figures: seated capacity, standing/reception capacity, and cabaret/boardroom/theatre layouts for each space"
Tonbridge School (Events)	https://www.kentvenues.co.uk/venues/tonbridge-school-events	32	photos	suggestion	Only 4 photos — could add more	"Aim for 8-10 photos covering exterior, each main space, and example event set-ups"
Tonbridge School (Events)	https://www.kentvenues.co.uk/venues/tonbridge-school-events	32	facilities	critical	No facilities or amenities listed	"Add a complete amenities list: WiFi, AV equipment, heating, air conditioning, kitchen access, etc."
Tonbridge School (Events)	https://www.kentvenues.co.uk/venues/tonbridge-school-events	32	parking	warning	No parking information on the listing	"Add parking details: number of spaces, on-site vs nearby, disabled bays, EV charging, and any charges"
Tonbridge School (Events)	https://www.kentvenues.co.uk/venues/tonbridge-school-events	32	catering	warning	No catering or food/drink information on the listing	"Clarify catering options: in-house catering, approved caterers list, BYO alcohol policy, and dietary accommodations"
Tonbridge School (Events)	https://www.kentvenues.co.uk/venues/tonbridge-school-events	32	accommodation	info	No accommodation details on the listing	"If on-site accommodation exists, add room count, types and pricing. If not, mention nearby hotel options for wedding parties"
Tonbridge School (Events)	https://www.kentvenues.co.uk/venues/tonbridge-school-events	32	accessibility	warning	No accessibility information on the listing	"Add accessibility details: wheelchair access, step-free routes, accessible toilets, hearing loops, and accessible parking bays"
Tonbridge School (Events)	https://www.kentvenues.co.uk/venues/tonbridge-school-events	32	contact	suggestion	No phone number displayed	Add a direct phone number for enquirers who prefer to call
Tonbridge School (Events)	https://www.kentvenues.co.uk/venues/tonbridge-school-events	32	description	suggestion	No guest reviews or testimonials displayed	Collect and display client testimonials to build trust and credibility
TOR Spa Retreat	https://www.kentvenues.co.uk/venues/tor-spa-retreat	61	photos	suggestion	Only 4 photos — could add more	"Aim for 8-10 photos covering exterior, each main space, and example event set-ups"
TOR Spa Retreat	https://www.kentvenues.co.uk/venues/tor-spa-retreat	61	facilities	warning	Only 1 facilities listed (Spa)	"Expand the amenities list to include everything guests would want to know — WiFi, AV, parking, catering options, accessibility features"
TOR Spa Retreat	https://www.kentvenues.co.uk/venues/tor-spa-retreat	61	parking	warning	No parking information on the listing	"Add parking details: number of spaces, on-site vs nearby, disabled bays, EV charging, and any charges"
TOR Spa Retreat	https://www.kentvenues.co.uk/venues/tor-spa-retreat	61	accommodation	info	No accommodation details on the listing	"If on-site accommodation exists, add room count, types and pricing. If not, mention nearby hotel options for wedding parties"
TOR Spa Retreat	https://www.kentvenues.co.uk/venues/tor-spa-retreat	61	accessibility	warning	No accessibility information on the listing	"Add accessibility details: wheelchair access, step-free routes, accessible toilets, hearing loops, and accessible parking bays"
TOR Spa Retreat	https://www.kentvenues.co.uk/venues/tor-spa-retreat	61	contact	warning	"Missing social media link(s): Instagram (shown as a dead ""#"" link)"	"Add the venue's Instagram profile URL(s) — the placeholder ""#"" links look broken to visitors"
TOR Spa Retreat	https://www.kentvenues.co.uk/venues/tor-spa-retreat	61	contact	suggestion	No phone number displayed	Add a direct phone number for enquirers who prefer to call
TOR Spa Retreat	https://www.kentvenues.co.uk/venues/tor-spa-retreat	61	description	suggestion	No guest reviews or testimonials displayed	Collect and display client testimonials to build trust and credibility
Tower House Canterbury	https://www.kentvenues.co.uk/venues/tower-house-canterbury	60	facilities	critical	No facilities or amenities listed	"Add a complete amenities list: WiFi, AV equipment, heating, air conditioning, kitchen access, etc."
Tower House Canterbury	https://www.kentvenues.co.uk/venues/tower-house-canterbury	60	parking	warning	No parking information on the listing	"Add parking details: number of spaces, on-site vs nearby, disabled bays, EV charging, and any charges"
Tower House Canterbury	https://www.kentvenues.co.uk/venues/tower-house-canterbury	60	accommodation	info	No accommodation details on the listing	"If on-site accommodation exists, add room count, types and pricing. If not, mention nearby hotel options for wedding parties"
Tower House Canterbury	https://www.kentvenues.co.uk/venues/tower-house-canterbury	60	accessibility	warning	No accessibility information on the listing	"Add accessibility details: wheelchair access, step-free routes, accessible toilets, hearing loops, and accessible parking bays"
Tower House Canterbury	https://www.kentvenues.co.uk/venues/tower-house-canterbury	60	contact	suggestion	No phone number displayed	Add a direct phone number for enquirers who prefer to call
Tower House Canterbury	https://www.kentvenues.co.uk/venues/tower-house-canterbury	60	description	suggestion	No guest reviews or testimonials displayed	Collect and display client testimonials to build trust and credibility
Town Clerks Office	https://www.kentvenues.co.uk/venues/town-clerks-office	35	capacity	critical	No capacity information anywhere on the listing	"Add clear capacity figures: seated capacity, standing/reception capacity, and cabaret/boardroom/theatre layouts for each space"
Town Clerks Office	https://www.kentvenues.co.uk/venues/town-clerks-office	35	photos	warning	Only 2 photo(s) on the listing	"Add more photos — listings with 5+ images convert significantly better. Cover different spaces, angles, and event set-ups"
Town Clerks Office	https://www.kentvenues.co.uk/venues/town-clerks-office	35	facilities	critical	No facilities or amenities listed	"Add a complete amenities list: WiFi, AV equipment, heating, air conditioning, kitchen access, etc."
Town Clerks Office	https://www.kentvenues.co.uk/venues/town-clerks-office	35	parking	warning	No parking information on the listing	"Add parking details: number of spaces, on-site vs nearby, disabled bays, EV charging, and any charges"
Town Clerks Office	https://www.kentvenues.co.uk/venues/town-clerks-office	35	accessibility	warning	No accessibility information on the listing	"Add accessibility details: wheelchair access, step-free routes, accessible toilets, hearing loops, and accessible parking bays"
Town Clerks Office	https://www.kentvenues.co.uk/venues/town-clerks-office	35	contact	warning	"Missing social media link(s): Instagram (shown as a dead ""#"" link)"	"Add the venue's Instagram profile URL(s) — the placeholder ""#"" links look broken to visitors"
Town Clerks Office	https://www.kentvenues.co.uk/venues/town-clerks-office	35	contact	suggestion	No phone number displayed	Add a direct phone number for enquirers who prefer to call
Town Clerks Office	https://www.kentvenues.co.uk/venues/town-clerks-office	35	description	suggestion	No guest reviews or testimonials displayed	Collect and display client testimonials to build trust and credibility
Travelodge Dartford	https://www.kentvenues.co.uk/venues/travelodge-dartford	27	description	warning	Description could be more detailed (192 characters)	"Consider adding more details about the venue's atmosphere, capacity ranges, and unique features"
Travelodge Dartford	https://www.kentvenues.co.uk/venues/travelodge-dartford	27	capacity	critical	No capacity information anywhere on the listing	"Add clear capacity figures: seated capacity, standing/reception capacity, and cabaret/boardroom/theatre layouts for each space"
Travelodge Dartford	https://www.kentvenues.co.uk/venues/travelodge-dartford	27	photos	warning	Only 1 photo(s) on the listing	"Add more photos — listings with 5+ images convert significantly better. Cover different spaces, angles, and event set-ups"
Travelodge Dartford	https://www.kentvenues.co.uk/venues/travelodge-dartford	27	facilities	warning	"Only 2 facilities listed (Wifi, Parking)"	"Expand the amenities list to include everything guests would want to know — WiFi, AV, parking, catering options, accessibility features"
Travelodge Dartford	https://www.kentvenues.co.uk/venues/travelodge-dartford	27	catering	warning	No catering or food/drink information on the listing	"Clarify catering options: in-house catering, approved caterers list, BYO alcohol policy, and dietary accommodations"
Travelodge Dartford	https://www.kentvenues.co.uk/venues/travelodge-dartford	27	accessibility	warning	No accessibility information on the listing	"Add accessibility details: wheelchair access, step-free routes, accessible toilets, hearing loops, and accessible parking bays"
Travelodge Dartford	https://www.kentvenues.co.uk/venues/travelodge-dartford	27	contact	warning	No contact email address behind the enquiry form	Set the venue's enquiry email so the contact form reaches the venue (currently enquirers can only use the site-wide form)
Travelodge Dartford	https://www.kentvenues.co.uk/venues/travelodge-dartford	27	contact	warning	"Missing social media link(s): Twitter/X, Instagram (shown as a dead ""#"" link)"	"Add the venue's Twitter/X and Instagram profile URL(s) — the placeholder ""#"" links look broken to visitors"
Travelodge Dartford	https://www.kentvenues.co.uk/venues/travelodge-dartford	27	contact	suggestion	No venue website link on the listing	Embed or link the venue's own website so visitors can research further
Travelodge Dartford	https://www.kentvenues.co.uk/venues/travelodge-dartford	27	contact	suggestion	No phone number displayed	Add a direct phone number for enquirers who prefer to call
Travelodge Dartford	https://www.kentvenues.co.uk/venues/travelodge-dartford	27	description	suggestion	No guest reviews or testimonials displayed	Collect and display client testimonials to build trust and credibility
Tudor Barn Eltham	https://www.kentvenues.co.uk/venues/tudor-barn-eltham	98	contact	suggestion	No phone number displayed	Add a direct phone number for enquirers who prefer to call
Tudor Park Marriott Hotel & Country Club	https://www.kentvenues.co.uk/venues/tudor-park-a-marriott-hotel-country-club	82	photos	suggestion	Only 4 photos — could add more	"Aim for 8-10 photos covering exterior, each main space, and example event set-ups"
Tudor Park Marriott Hotel & Country Club	https://www.kentvenues.co.uk/venues/tudor-park-a-marriott-hotel-country-club	82	catering	warning	No catering or food/drink information on the listing	"Clarify catering options: in-house catering, approved caterers list, BYO alcohol policy, and dietary accommodations"
Tudor Park Marriott Hotel & Country Club	https://www.kentvenues.co.uk/venues/tudor-park-a-marriott-hotel-country-club	82	contact	suggestion	No phone number displayed	Add a direct phone number for enquirers who prefer to call
Tudor Park Marriott Hotel & Country Club	https://www.kentvenues.co.uk/venues/tudor-park-a-marriott-hotel-country-club	82	description	suggestion	No guest reviews or testimonials displayed	Collect and display client testimonials to build trust and credibility
Turkey Mill	https://www.kentvenues.co.uk/venues/turkey-mill	32	capacity	critical	No capacity information anywhere on the listing	"Add clear capacity figures: seated capacity, standing/reception capacity, and cabaret/boardroom/theatre layouts for each space"
Turkey Mill	https://www.kentvenues.co.uk/venues/turkey-mill	32	photos	suggestion	Only 3 photos — could add more	"Aim for 8-10 photos covering exterior, each main space, and example event set-ups"
Turkey Mill	https://www.kentvenues.co.uk/venues/turkey-mill	32	facilities	critical	No facilities or amenities listed	"Add a complete amenities list: WiFi, AV equipment, heating, air conditioning, kitchen access, etc."
Turkey Mill	https://www.kentvenues.co.uk/venues/turkey-mill	32	parking	warning	No parking information on the listing	"Add parking details: number of spaces, on-site vs nearby, disabled bays, EV charging, and any charges"
Turkey Mill	https://www.kentvenues.co.uk/venues/turkey-mill	32	catering	warning	No catering or food/drink information on the listing	"Clarify catering options: in-house catering, approved caterers list, BYO alcohol policy, and dietary accommodations"
Turkey Mill	https://www.kentvenues.co.uk/venues/turkey-mill	32	accommodation	info	No accommodation details on the listing	"If on-site accommodation exists, add room count, types and pricing. If not, mention nearby hotel options for wedding parties"
Turkey Mill	https://www.kentvenues.co.uk/venues/turkey-mill	32	accessibility	warning	No accessibility information on the listing	"Add accessibility details: wheelchair access, step-free routes, accessible toilets, hearing loops, and accessible parking bays"
Turkey Mill	https://www.kentvenues.co.uk/venues/turkey-mill	32	contact	suggestion	No phone number displayed	Add a direct phone number for enquirers who prefer to call
Turkey Mill	https://www.kentvenues.co.uk/venues/turkey-mill	32	description	suggestion	No guest reviews or testimonials displayed	Collect and display client testimonials to build trust and credibility
Turner Contemporary	https://www.kentvenues.co.uk/venues/turner-contemporary	58	capacity	critical	No capacity information anywhere on the listing	"Add clear capacity figures: seated capacity, standing/reception capacity, and cabaret/boardroom/theatre layouts for each space"
Turner Contemporary	https://www.kentvenues.co.uk/venues/turner-contemporary	58	photos	suggestion	Only 3 photos — could add more	"Aim for 8-10 photos covering exterior, each main space, and example event set-ups"
Turner Contemporary	https://www.kentvenues.co.uk/venues/turner-contemporary	58	facilities	warning	Only 1 facilities listed (Wheelchair Accessible)	"Expand the amenities list to include everything guests would want to know — WiFi, AV, parking, catering options, accessibility features"
Turner Contemporary	https://www.kentvenues.co.uk/venues/turner-contemporary	58	parking	warning	No parking information on the listing	"Add parking details: number of spaces, on-site vs nearby, disabled bays, EV charging, and any charges"
Turner Contemporary	https://www.kentvenues.co.uk/venues/turner-contemporary	58	accommodation	info	No accommodation details on the listing	"If on-site accommodation exists, add room count, types and pricing. If not, mention nearby hotel options for wedding parties"
Turner Contemporary	https://www.kentvenues.co.uk/venues/turner-contemporary	58	contact	suggestion	No phone number displayed	Add a direct phone number for enquirers who prefer to call
Turner Contemporary	https://www.kentvenues.co.uk/venues/turner-contemporary	58	description	suggestion	No guest reviews or testimonials displayed	Collect and display client testimonials to build trust and credibility
The Two Brewers	https://www.kentvenues.co.uk/venues/two-brewers	22	capacity	critical	No capacity information anywhere on the listing	"Add clear capacity figures: seated capacity, standing/reception capacity, and cabaret/boardroom/theatre layouts for each space"
The Two Brewers	https://www.kentvenues.co.uk/venues/two-brewers	22	photos	warning	Only 2 photo(s) on the listing	"Add more photos — listings with 5+ images convert significantly better. Cover different spaces, angles, and event set-ups"
The Two Brewers	https://www.kentvenues.co.uk/venues/two-brewers	22	facilities	critical	No facilities or amenities listed	"Add a complete amenities list: WiFi, AV equipment, heating, air conditioning, kitchen access, etc."
The Two Brewers	https://www.kentvenues.co.uk/venues/two-brewers	22	parking	warning	No parking information on the listing	"Add parking details: number of spaces, on-site vs nearby, disabled bays, EV charging, and any charges"
The Two Brewers	https://www.kentvenues.co.uk/venues/two-brewers	22	accommodation	info	No accommodation details on the listing	"If on-site accommodation exists, add room count, types and pricing. If not, mention nearby hotel options for wedding parties"
The Two Brewers	https://www.kentvenues.co.uk/venues/two-brewers	22	accessibility	warning	No accessibility information on the listing	"Add accessibility details: wheelchair access, step-free routes, accessible toilets, hearing loops, and accessible parking bays"
The Two Brewers	https://www.kentvenues.co.uk/venues/two-brewers	22	contact	critical	"No contact information at all — no email, no social media, no website link"	Add at minimum a contact email and the venue's website and social media links so enquirers can reach the venue directly
The Two Brewers	https://www.kentvenues.co.uk/venues/two-brewers	22	description	suggestion	No guest reviews or testimonials displayed	Collect and display client testimonials to build trust and credibility
University of Kent	https://www.kentvenues.co.uk/venues/university-of-kent	46	photos	warning	Only 2 photo(s) on the listing	"Add more photos — listings with 5+ images convert significantly better. Cover different spaces, angles, and event set-ups"
University of Kent	https://www.kentvenues.co.uk/venues/university-of-kent	46	facilities	critical	No facilities or amenities listed	"Add a complete amenities list: WiFi, AV equipment, heating, air conditioning, kitchen access, etc."
University of Kent	https://www.kentvenues.co.uk/venues/university-of-kent	46	parking	warning	No parking information on the listing	"Add parking details: number of spaces, on-site vs nearby, disabled bays, EV charging, and any charges"
University of Kent	https://www.kentvenues.co.uk/venues/university-of-kent	46	catering	warning	No catering or food/drink information on the listing	"Clarify catering options: in-house catering, approved caterers list, BYO alcohol policy, and dietary accommodations"
University of Kent	https://www.kentvenues.co.uk/venues/university-of-kent	46	accessibility	warning	No accessibility information on the listing	"Add accessibility details: wheelchair access, step-free routes, accessible toilets, hearing loops, and accessible parking bays"
University of Kent	https://www.kentvenues.co.uk/venues/university-of-kent	46	contact	suggestion	No phone number displayed	Add a direct phone number for enquirers who prefer to call
University of Kent	https://www.kentvenues.co.uk/venues/university-of-kent	46	description	suggestion	No guest reviews or testimonials displayed	Collect and display client testimonials to build trust and credibility
Upchurch River Valley Golf Club	https://www.kentvenues.co.uk/venues/upchurch-river-valley-golf-club	43	photos	critical	No photographs on the listing	"Add a minimum of 5 high-quality photographs showing the venue exterior, main spaces, and set-up examples"
Upchurch River Valley Golf Club	https://www.kentvenues.co.uk/venues/upchurch-river-valley-golf-club	43	facilities	critical	No facilities or amenities listed	"Add a complete amenities list: WiFi, AV equipment, heating, air conditioning, kitchen access, etc."
Upchurch River Valley Golf Club	https://www.kentvenues.co.uk/venues/upchurch-river-valley-golf-club	43	parking	warning	No parking information on the listing	"Add parking details: number of spaces, on-site vs nearby, disabled bays, EV charging, and any charges"
Upchurch River Valley Golf Club	https://www.kentvenues.co.uk/venues/upchurch-river-valley-golf-club	43	contact	warning	No social media links — all three social icons are unfilled placeholders	"Add the venue's Facebook, Twitter/X and Instagram profile URLs"
Upchurch River Valley Golf Club	https://www.kentvenues.co.uk/venues/upchurch-river-valley-golf-club	43	contact	suggestion	No phone number displayed	Add a direct phone number for enquirers who prefer to call
Upchurch River Valley Golf Club	https://www.kentvenues.co.uk/venues/upchurch-river-valley-golf-club	43	description	suggestion	No guest reviews or testimonials displayed	Collect and display client testimonials to build trust and credibility
Upchurch River Valley Golf Club	https://www.kentvenues.co.uk/venues/upchurch-river-valley-golf-club	43	facilities	suggestion	Large venue has no individual rooms/spaces listed	"Break the venue into bookable spaces with individual descriptions, capacities, and photos"
Village Hotel Maidstone	https://www.kentvenues.co.uk/venues/village-hotel-maidstone	64	capacity	critical	No capacity information anywhere on the listing	"Add clear capacity figures: seated capacity, standing/reception capacity, and cabaret/boardroom/theatre layouts for each space"
Village Hotel Maidstone	https://www.kentvenues.co.uk/venues/village-hotel-maidstone	64	photos	suggestion	Only 3 photos — could add more	"Aim for 8-10 photos covering exterior, each main space, and example event set-ups"
Village Hotel Maidstone	https://www.kentvenues.co.uk/venues/village-hotel-maidstone	64	accessibility	warning	No accessibility information on the listing	"Add accessibility details: wheelchair access, step-free routes, accessible toilets, hearing loops, and accessible parking bays"
Village Hotel Maidstone	https://www.kentvenues.co.uk/venues/village-hotel-maidstone	64	contact	suggestion	No venue website link on the listing	Embed or link the venue's own website so visitors can research further
Village Hotel Maidstone	https://www.kentvenues.co.uk/venues/village-hotel-maidstone	64	contact	suggestion	No phone number displayed	Add a direct phone number for enquirers who prefer to call
Village Hotel Maidstone	https://www.kentvenues.co.uk/venues/village-hotel-maidstone	64	description	suggestion	No guest reviews or testimonials displayed	Collect and display client testimonials to build trust and credibility
"Vue Westwood Cross, Thanet"	https://www.kentvenues.co.uk/venues/vue-westwood-cross-thanet	35	capacity	critical	No capacity information anywhere on the listing	"Add clear capacity figures: seated capacity, standing/reception capacity, and cabaret/boardroom/theatre layouts for each space"
"Vue Westwood Cross, Thanet"	https://www.kentvenues.co.uk/venues/vue-westwood-cross-thanet	35	photos	critical	No photographs on the listing	"Add a minimum of 5 high-quality photographs showing the venue exterior, main spaces, and set-up examples"
"Vue Westwood Cross, Thanet"	https://www.kentvenues.co.uk/venues/vue-westwood-cross-thanet	35	facilities	warning	Only 1 facilities listed (Parking)	"Expand the amenities list to include everything guests would want to know — WiFi, AV, parking, catering options, accessibility features"
"Vue Westwood Cross, Thanet"	https://www.kentvenues.co.uk/venues/vue-westwood-cross-thanet	35	catering	warning	No catering or food/drink information on the listing	"Clarify catering options: in-house catering, approved caterers list, BYO alcohol policy, and dietary accommodations"
"Vue Westwood Cross, Thanet"	https://www.kentvenues.co.uk/venues/vue-westwood-cross-thanet	35	accommodation	info	No accommodation details on the listing	"If on-site accommodation exists, add room count, types and pricing. If not, mention nearby hotel options for wedding parties"
"Vue Westwood Cross, Thanet"	https://www.kentvenues.co.uk/venues/vue-westwood-cross-thanet	35	accessibility	warning	No accessibility information on the listing	"Add accessibility details: wheelchair access, step-free routes, accessible toilets, hearing loops, and accessible parking bays"
"Vue Westwood Cross, Thanet"	https://www.kentvenues.co.uk/venues/vue-westwood-cross-thanet	35	contact	suggestion	No phone number displayed	Add a direct phone number for enquirers who prefer to call
"Vue Westwood Cross, Thanet"	https://www.kentvenues.co.uk/venues/vue-westwood-cross-thanet	35	description	suggestion	No guest reviews or testimonials displayed	Collect and display client testimonials to build trust and credibility
Walpole Bay Hotel	https://www.kentvenues.co.uk/venues/walpole-bay-hotel	55	capacity	critical	No capacity information anywhere on the listing	"Add clear capacity figures: seated capacity, standing/reception capacity, and cabaret/boardroom/theatre layouts for each space"
Walpole Bay Hotel	https://www.kentvenues.co.uk/venues/walpole-bay-hotel	55	facilities	warning	"Only 2 facilities listed (Restaurant, Accommodation)"	"Expand the amenities list to include everything guests would want to know — WiFi, AV, parking, catering options, accessibility features"
Walpole Bay Hotel	https://www.kentvenues.co.uk/venues/walpole-bay-hotel	55	parking	warning	No parking information on the listing	"Add parking details: number of spaces, on-site vs nearby, disabled bays, EV charging, and any charges"
Walpole Bay Hotel	https://www.kentvenues.co.uk/venues/walpole-bay-hotel	55	accessibility	warning	No accessibility information on the listing	"Add accessibility details: wheelchair access, step-free routes, accessible toilets, hearing loops, and accessible parking bays"
Walpole Bay Hotel	https://www.kentvenues.co.uk/venues/walpole-bay-hotel	55	contact	warning	"Missing social media link(s): Instagram (shown as a dead ""#"" link)"	"Add the venue's Instagram profile URL(s) — the placeholder ""#"" links look broken to visitors"
Walpole Bay Hotel	https://www.kentvenues.co.uk/venues/walpole-bay-hotel	55	contact	suggestion	No phone number displayed	Add a direct phone number for enquirers who prefer to call
Walpole Bay Hotel	https://www.kentvenues.co.uk/venues/walpole-bay-hotel	55	description	suggestion	No guest reviews or testimonials displayed	Collect and display client testimonials to build trust and credibility
Wards Hotel	https://www.kentvenues.co.uk/venues/wards-hotel	59	capacity	critical	No capacity information anywhere on the listing	"Add clear capacity figures: seated capacity, standing/reception capacity, and cabaret/boardroom/theatre layouts for each space"
Wards Hotel	https://www.kentvenues.co.uk/venues/wards-hotel	59	photos	suggestion	Only 3 photos — could add more	"Aim for 8-10 photos covering exterior, each main space, and example event set-ups"
Wards Hotel	https://www.kentvenues.co.uk/venues/wards-hotel	59	parking	warning	No parking information on the listing	"Add parking details: number of spaces, on-site vs nearby, disabled bays, EV charging, and any charges"
Wards Hotel	https://www.kentvenues.co.uk/venues/wards-hotel	59	accessibility	warning	No accessibility information on the listing	"Add accessibility details: wheelchair access, step-free routes, accessible toilets, hearing loops, and accessible parking bays"
Wards Hotel	https://www.kentvenues.co.uk/venues/wards-hotel	59	contact	suggestion	No phone number displayed	Add a direct phone number for enquirers who prefer to call
Wards Hotel	https://www.kentvenues.co.uk/venues/wards-hotel	59	description	suggestion	No guest reviews or testimonials displayed	Collect and display client testimonials to build trust and credibility
Weald of Kent Golf Course & Hotel	https://www.kentvenues.co.uk/venues/weald-of-kent-golf-course-hotel	57	capacity	critical	No capacity information anywhere on the listing	"Add clear capacity figures: seated capacity, standing/reception capacity, and cabaret/boardroom/theatre layouts for each space"
Weald of Kent Golf Course & Hotel	https://www.kentvenues.co.uk/venues/weald-of-kent-golf-course-hotel	57	photos	warning	Only 2 photo(s) on the listing	"Add more photos — listings with 5+ images convert significantly better. Cover different spaces, angles, and event set-ups"
Weald of Kent Golf Course & Hotel	https://www.kentvenues.co.uk/venues/weald-of-kent-golf-course-hotel	57	facilities	warning	"Only 2 facilities listed (Accommodation, Parking)"	"Expand the amenities list to include everything guests would want to know — WiFi, AV, parking, catering options, accessibility features"
Weald of Kent Golf Course & Hotel	https://www.kentvenues.co.uk/venues/weald-of-kent-golf-course-hotel	57	accessibility	warning	No accessibility information on the listing	"Add accessibility details: wheelchair access, step-free routes, accessible toilets, hearing loops, and accessible parking bays"
Weald of Kent Golf Course & Hotel	https://www.kentvenues.co.uk/venues/weald-of-kent-golf-course-hotel	57	contact	suggestion	No phone number displayed	Add a direct phone number for enquirers who prefer to call
Weald of Kent Golf Course & Hotel	https://www.kentvenues.co.uk/venues/weald-of-kent-golf-course-hotel	57	description	suggestion	No guest reviews or testimonials displayed	Collect and display client testimonials to build trust and credibility
West Faversham Community Centre	https://www.kentvenues.co.uk/venues/west-faversham-community-centre	82	facilities	warning	"Only 2 facilities listed (Bar, Gym)"	"Expand the amenities list to include everything guests would want to know — WiFi, AV, parking, catering options, accessibility features"
West Faversham Community Centre	https://www.kentvenues.co.uk/venues/west-faversham-community-centre	82	accommodation	info	No accommodation details on the listing	"If on-site accommodation exists, add room count, types and pricing. If not, mention nearby hotel options for wedding parties"
West Faversham Community Centre	https://www.kentvenues.co.uk/venues/west-faversham-community-centre	82	contact	warning	"Missing social media link(s): Twitter/X (shown as a dead ""#"" link)"	"Add the venue's Twitter/X profile URL(s) — the placeholder ""#"" links look broken to visitors"
West Faversham Community Centre	https://www.kentvenues.co.uk/venues/west-faversham-community-centre	82	contact	suggestion	No phone number displayed	Add a direct phone number for enquirers who prefer to call
West Faversham Community Centre	https://www.kentvenues.co.uk/venues/west-faversham-community-centre	82	description	suggestion	No guest reviews or testimonials displayed	Collect and display client testimonials to build trust and credibility
West Heath Centre	https://www.kentvenues.co.uk/venues/west-heath-centre	30	capacity	critical	No capacity information anywhere on the listing	"Add clear capacity figures: seated capacity, standing/reception capacity, and cabaret/boardroom/theatre layouts for each space"
West Heath Centre	https://www.kentvenues.co.uk/venues/west-heath-centre	30	facilities	critical	No facilities or amenities listed	"Add a complete amenities list: WiFi, AV equipment, heating, air conditioning, kitchen access, etc."
West Heath Centre	https://www.kentvenues.co.uk/venues/west-heath-centre	30	parking	warning	No parking information on the listing	"Add parking details: number of spaces, on-site vs nearby, disabled bays, EV charging, and any charges"
West Heath Centre	https://www.kentvenues.co.uk/venues/west-heath-centre	30	catering	warning	No catering or food/drink information on the listing	"Clarify catering options: in-house catering, approved caterers list, BYO alcohol policy, and dietary accommodations"
West Heath Centre	https://www.kentvenues.co.uk/venues/west-heath-centre	30	accommodation	info	No accommodation details on the listing	"If on-site accommodation exists, add room count, types and pricing. If not, mention nearby hotel options for wedding parties"
West Heath Centre	https://www.kentvenues.co.uk/venues/west-heath-centre	30	accessibility	warning	No accessibility information on the listing	"Add accessibility details: wheelchair access, step-free routes, accessible toilets, hearing loops, and accessible parking bays"
West Heath Centre	https://www.kentvenues.co.uk/venues/west-heath-centre	30	contact	warning	"Missing social media link(s): Instagram (shown as a dead ""#"" link)"	"Add the venue's Instagram profile URL(s) — the placeholder ""#"" links look broken to visitors"
West Heath Centre	https://www.kentvenues.co.uk/venues/west-heath-centre	30	contact	suggestion	No phone number displayed	Add a direct phone number for enquirers who prefer to call
West Heath Centre	https://www.kentvenues.co.uk/venues/west-heath-centre	30	description	suggestion	No guest reviews or testimonials displayed	Collect and display client testimonials to build trust and credibility
West Heath Centre	https://www.kentvenues.co.uk/venues/west-heath-centre	30	facilities	suggestion	Large venue has no individual rooms/spaces listed	"Break the venue into bookable spaces with individual descriptions, capacities, and photos"
West Kent Golf Club	https://www.kentvenues.co.uk/venues/west-kent-golf-club	73	photos	suggestion	Only 3 photos — could add more	"Aim for 8-10 photos covering exterior, each main space, and example event set-ups"
West Kent Golf Club	https://www.kentvenues.co.uk/venues/west-kent-golf-club	73	facilities	warning	"Only 2 facilities listed (Restaurant, Parking)"	"Expand the amenities list to include everything guests would want to know — WiFi, AV, parking, catering options, accessibility features"
West Kent Golf Club	https://www.kentvenues.co.uk/venues/west-kent-golf-club	73	accommodation	info	No accommodation details on the listing	"If on-site accommodation exists, add room count, types and pricing. If not, mention nearby hotel options for wedding parties"
West Kent Golf Club	https://www.kentvenues.co.uk/venues/west-kent-golf-club	73	accessibility	warning	No accessibility information on the listing	"Add accessibility details: wheelchair access, step-free routes, accessible toilets, hearing loops, and accessible parking bays"
West Kent Golf Club	https://www.kentvenues.co.uk/venues/west-kent-golf-club	73	contact	suggestion	No phone number displayed	Add a direct phone number for enquirers who prefer to call
West Kent Golf Club	https://www.kentvenues.co.uk/venues/west-kent-golf-club	73	description	suggestion	No guest reviews or testimonials displayed	Collect and display client testimonials to build trust and credibility
West Malling Golf Club	https://www.kentvenues.co.uk/venues/west-malling-golf-club	63	capacity	critical	No capacity information anywhere on the listing	"Add clear capacity figures: seated capacity, standing/reception capacity, and cabaret/boardroom/theatre layouts for each space"
West Malling Golf Club	https://www.kentvenues.co.uk/venues/west-malling-golf-club	63	photos	suggestion	Only 4 photos — could add more	"Aim for 8-10 photos covering exterior, each main space, and example event set-ups"
West Malling Golf Club	https://www.kentvenues.co.uk/venues/west-malling-golf-club	63	accommodation	info	No accommodation details on the listing	"If on-site accommodation exists, add room count, types and pricing. If not, mention nearby hotel options for wedding parties"
West Malling Golf Club	https://www.kentvenues.co.uk/venues/west-malling-golf-club	63	accessibility	warning	No accessibility information on the listing	"Add accessibility details: wheelchair access, step-free routes, accessible toilets, hearing loops, and accessible parking bays"
West Malling Golf Club	https://www.kentvenues.co.uk/venues/west-malling-golf-club	63	contact	suggestion	No phone number displayed	Add a direct phone number for enquirers who prefer to call
West Malling Golf Club	https://www.kentvenues.co.uk/venues/west-malling-golf-club	63	description	suggestion	No guest reviews or testimonials displayed	Collect and display client testimonials to build trust and credibility
Westenhanger Castle	https://www.kentvenues.co.uk/venues/westenhanger-castle	78	facilities	warning	Only 1 facilities listed (Parking)	"Expand the amenities list to include everything guests would want to know — WiFi, AV, parking, catering options, accessibility features"
Westenhanger Castle	https://www.kentvenues.co.uk/venues/westenhanger-castle	78	accommodation	info	No accommodation details on the listing	"If on-site accommodation exists, add room count, types and pricing. If not, mention nearby hotel options for wedding parties"
Westenhanger Castle	https://www.kentvenues.co.uk/venues/westenhanger-castle	78	accessibility	warning	No accessibility information on the listing	"Add accessibility details: wheelchair access, step-free routes, accessible toilets, hearing loops, and accessible parking bays"
Westenhanger Castle	https://www.kentvenues.co.uk/venues/westenhanger-castle	78	contact	suggestion	No phone number displayed	Add a direct phone number for enquirers who prefer to call
Westenhanger Castle	https://www.kentvenues.co.uk/venues/westenhanger-castle	78	description	suggestion	No guest reviews or testimonials displayed	Collect and display client testimonials to build trust and credibility
Westerham Golf Club	https://www.kentvenues.co.uk/venues/westerham-golf-club	55	capacity	critical	No capacity information anywhere on the listing	"Add clear capacity figures: seated capacity, standing/reception capacity, and cabaret/boardroom/theatre layouts for each space"
Westerham Golf Club	https://www.kentvenues.co.uk/venues/westerham-golf-club	55	facilities	warning	"Only 2 facilities listed (Golf courses, Restaurant)"	"Expand the amenities list to include everything guests would want to know — WiFi, AV, parking, catering options, accessibility features"
Westerham Golf Club	https://www.kentvenues.co.uk/venues/westerham-golf-club	55	parking	warning	No parking information on the listing	"Add parking details: number of spaces, on-site vs nearby, disabled bays, EV charging, and any charges"
Westerham Golf Club	https://www.kentvenues.co.uk/venues/westerham-golf-club	55	accommodation	info	No accommodation details on the listing	"If on-site accommodation exists, add room count, types and pricing. If not, mention nearby hotel options for wedding parties"
Westerham Golf Club	https://www.kentvenues.co.uk/venues/westerham-golf-club	55	accessibility	warning	No accessibility information on the listing	"Add accessibility details: wheelchair access, step-free routes, accessible toilets, hearing loops, and accessible parking bays"
Westerham Golf Club	https://www.kentvenues.co.uk/venues/westerham-golf-club	55	contact	suggestion	No phone number displayed	Add a direct phone number for enquirers who prefer to call
Westerham Golf Club	https://www.kentvenues.co.uk/venues/westerham-golf-club	55	description	suggestion	No guest reviews or testimonials displayed	Collect and display client testimonials to build trust and credibility
Westgate Hall	https://www.kentvenues.co.uk/venues/westgate-hall	73	capacity	critical	No capacity information anywhere on the listing	"Add clear capacity figures: seated capacity, standing/reception capacity, and cabaret/boardroom/theatre layouts for each space"
Westgate Hall	https://www.kentvenues.co.uk/venues/westgate-hall	73	accommodation	info	No accommodation details on the listing	"If on-site accommodation exists, add room count, types and pricing. If not, mention nearby hotel options for wedding parties"
Westgate Hall	https://www.kentvenues.co.uk/venues/westgate-hall	73	contact	suggestion	No venue website link on the listing	Embed or link the venue's own website so visitors can research further
Westgate Hall	https://www.kentvenues.co.uk/venues/westgate-hall	73	contact	suggestion	No phone number displayed	Add a direct phone number for enquirers who prefer to call
Westgate Hall	https://www.kentvenues.co.uk/venues/westgate-hall	73	description	suggestion	No guest reviews or testimonials displayed	Collect and display client testimonials to build trust and credibility
White Lion Hotel	https://www.kentvenues.co.uk/venues/white-lion-hotel	59	capacity	critical	No capacity information anywhere on the listing	"Add clear capacity figures: seated capacity, standing/reception capacity, and cabaret/boardroom/theatre layouts for each space"
White Lion Hotel	https://www.kentvenues.co.uk/venues/white-lion-hotel	59	photos	suggestion	Only 4 photos — could add more	"Aim for 8-10 photos covering exterior, each main space, and example event set-ups"
White Lion Hotel	https://www.kentvenues.co.uk/venues/white-lion-hotel	59	parking	warning	No parking information on the listing	"Add parking details: number of spaces, on-site vs nearby, disabled bays, EV charging, and any charges"
White Lion Hotel	https://www.kentvenues.co.uk/venues/white-lion-hotel	59	accessibility	warning	No accessibility information on the listing	"Add accessibility details: wheelchair access, step-free routes, accessible toilets, hearing loops, and accessible parking bays"
White Lion Hotel	https://www.kentvenues.co.uk/venues/white-lion-hotel	59	contact	suggestion	No phone number displayed	Add a direct phone number for enquirers who prefer to call
White Lion Hotel	https://www.kentvenues.co.uk/venues/white-lion-hotel	59	description	suggestion	No guest reviews or testimonials displayed	Collect and display client testimonials to build trust and credibility
Whitstable Castle & Gardens	https://www.kentvenues.co.uk/venues/whitstable-castle-gardens	38	capacity	critical	No capacity information anywhere on the listing	"Add clear capacity figures: seated capacity, standing/reception capacity, and cabaret/boardroom/theatre layouts for each space"
Whitstable Castle & Gardens	https://www.kentvenues.co.uk/venues/whitstable-castle-gardens	38	photos	suggestion	Only 3 photos — could add more	"Aim for 8-10 photos covering exterior, each main space, and example event set-ups"
Whitstable Castle & Gardens	https://www.kentvenues.co.uk/venues/whitstable-castle-gardens	38	facilities	warning	Only 1 facilities listed (Wifi)	"Expand the amenities list to include everything guests would want to know — WiFi, AV, parking, catering options, accessibility features"
Whitstable Castle & Gardens	https://www.kentvenues.co.uk/venues/whitstable-castle-gardens	38	parking	warning	No parking information on the listing	"Add parking details: number of spaces, on-site vs nearby, disabled bays, EV charging, and any charges"
Whitstable Castle & Gardens	https://www.kentvenues.co.uk/venues/whitstable-castle-gardens	38	catering	warning	No catering or food/drink information on the listing	"Clarify catering options: in-house catering, approved caterers list, BYO alcohol policy, and dietary accommodations"
Whitstable Castle & Gardens	https://www.kentvenues.co.uk/venues/whitstable-castle-gardens	38	accommodation	info	No accommodation details on the listing	"If on-site accommodation exists, add room count, types and pricing. If not, mention nearby hotel options for wedding parties"
Whitstable Castle & Gardens	https://www.kentvenues.co.uk/venues/whitstable-castle-gardens	38	accessibility	warning	No accessibility information on the listing	"Add accessibility details: wheelchair access, step-free routes, accessible toilets, hearing loops, and accessible parking bays"
Whitstable Castle & Gardens	https://www.kentvenues.co.uk/venues/whitstable-castle-gardens	38	contact	warning	"Missing social media link(s): Instagram (shown as a dead ""#"" link)"	"Add the venue's Instagram profile URL(s) — the placeholder ""#"" links look broken to visitors"
Whitstable Castle & Gardens	https://www.kentvenues.co.uk/venues/whitstable-castle-gardens	38	contact	suggestion	No phone number displayed	Add a direct phone number for enquirers who prefer to call
Whitstable Castle & Gardens	https://www.kentvenues.co.uk/venues/whitstable-castle-gardens	38	description	suggestion	No guest reviews or testimonials displayed	Collect and display client testimonials to build trust and credibility
Wilderness Wedding Venue	https://www.kentvenues.co.uk/venues/wilderness-wedding-venue	55	capacity	critical	No capacity information anywhere on the listing	"Add clear capacity figures: seated capacity, standing/reception capacity, and cabaret/boardroom/theatre layouts for each space"
Wilderness Wedding Venue	https://www.kentvenues.co.uk/venues/wilderness-wedding-venue	55	facilities	warning	Only 1 facilities listed (Accommodation)	"Expand the amenities list to include everything guests would want to know — WiFi, AV, parking, catering options, accessibility features"
Wilderness Wedding Venue	https://www.kentvenues.co.uk/venues/wilderness-wedding-venue	55	parking	warning	No parking information on the listing	"Add parking details: number of spaces, on-site vs nearby, disabled bays, EV charging, and any charges"
Wilderness Wedding Venue	https://www.kentvenues.co.uk/venues/wilderness-wedding-venue	55	accessibility	warning	No accessibility information on the listing	"Add accessibility details: wheelchair access, step-free routes, accessible toilets, hearing loops, and accessible parking bays"
Wilderness Wedding Venue	https://www.kentvenues.co.uk/venues/wilderness-wedding-venue	55	contact	warning	"Missing social media link(s): Twitter/X (shown as a dead ""#"" link)"	"Add the venue's Twitter/X profile URL(s) — the placeholder ""#"" links look broken to visitors"
Wilderness Wedding Venue	https://www.kentvenues.co.uk/venues/wilderness-wedding-venue	55	contact	suggestion	No phone number displayed	Add a direct phone number for enquirers who prefer to call
Wilderness Wedding Venue	https://www.kentvenues.co.uk/venues/wilderness-wedding-venue	55	description	suggestion	No guest reviews or testimonials displayed	Collect and display client testimonials to build trust and credibility
Willesborough Windmill	https://www.kentvenues.co.uk/venues/willesborough-windmill	21	capacity	critical	No capacity information anywhere on the listing	"Add clear capacity figures: seated capacity, standing/reception capacity, and cabaret/boardroom/theatre layouts for each space"
Willesborough Windmill	https://www.kentvenues.co.uk/venues/willesborough-windmill	21	photos	critical	No photographs on the listing	"Add a minimum of 5 high-quality photographs showing the venue exterior, main spaces, and set-up examples"
Willesborough Windmill	https://www.kentvenues.co.uk/venues/willesborough-windmill	21	facilities	critical	No facilities or amenities listed	"Add a complete amenities list: WiFi, AV equipment, heating, air conditioning, kitchen access, etc."
Willesborough Windmill	https://www.kentvenues.co.uk/venues/willesborough-windmill	21	parking	warning	No parking information on the listing	"Add parking details: number of spaces, on-site vs nearby, disabled bays, EV charging, and any charges"
Willesborough Windmill	https://www.kentvenues.co.uk/venues/willesborough-windmill	21	accommodation	info	No accommodation details on the listing	"If on-site accommodation exists, add room count, types and pricing. If not, mention nearby hotel options for wedding parties"
Willesborough Windmill	https://www.kentvenues.co.uk/venues/willesborough-windmill	21	accessibility	warning	No accessibility information on the listing	"Add accessibility details: wheelchair access, step-free routes, accessible toilets, hearing loops, and accessible parking bays"
Willesborough Windmill	https://www.kentvenues.co.uk/venues/willesborough-windmill	21	contact	warning	"Missing social media link(s): Twitter/X, Instagram (shown as a dead ""#"" link)"	"Add the venue's Twitter/X and Instagram profile URL(s) — the placeholder ""#"" links look broken to visitors"
Willesborough Windmill	https://www.kentvenues.co.uk/venues/willesborough-windmill	21	contact	suggestion	No phone number displayed	Add a direct phone number for enquirers who prefer to call
Willesborough Windmill	https://www.kentvenues.co.uk/venues/willesborough-windmill	21	description	suggestion	No guest reviews or testimonials displayed	Collect and display client testimonials to build trust and credibility
Winter Gardens Theatre	https://www.kentvenues.co.uk/venues/winter-gardens-theatre	18	description	warning	Description could be more detailed (191 characters)	"Consider adding more details about the venue's atmosphere, capacity ranges, and unique features"
Winter Gardens Theatre	https://www.kentvenues.co.uk/venues/winter-gardens-theatre	18	capacity	critical	No capacity information anywhere on the listing	"Add clear capacity figures: seated capacity, standing/reception capacity, and cabaret/boardroom/theatre layouts for each space"
Winter Gardens Theatre	https://www.kentvenues.co.uk/venues/winter-gardens-theatre	18	photos	warning	Only 2 photo(s) on the listing	"Add more photos — listings with 5+ images convert significantly better. Cover different spaces, angles, and event set-ups"
Winter Gardens Theatre	https://www.kentvenues.co.uk/venues/winter-gardens-theatre	18	facilities	critical	No facilities or amenities listed	"Add a complete amenities list: WiFi, AV equipment, heating, air conditioning, kitchen access, etc."
Winter Gardens Theatre	https://www.kentvenues.co.uk/venues/winter-gardens-theatre	18	parking	warning	No parking information on the listing	"Add parking details: number of spaces, on-site vs nearby, disabled bays, EV charging, and any charges"
Winter Gardens Theatre	https://www.kentvenues.co.uk/venues/winter-gardens-theatre	18	catering	warning	No catering or food/drink information on the listing	"Clarify catering options: in-house catering, approved caterers list, BYO alcohol policy, and dietary accommodations"
Winter Gardens Theatre	https://www.kentvenues.co.uk/venues/winter-gardens-theatre	18	accommodation	info	No accommodation details on the listing	"If on-site accommodation exists, add room count, types and pricing. If not, mention nearby hotel options for wedding parties"
Winter Gardens Theatre	https://www.kentvenues.co.uk/venues/winter-gardens-theatre	18	accessibility	warning	No accessibility information on the listing	"Add accessibility details: wheelchair access, step-free routes, accessible toilets, hearing loops, and accessible parking bays"
Winter Gardens Theatre	https://www.kentvenues.co.uk/venues/winter-gardens-theatre	18	contact	warning	"Missing social media link(s): Twitter/X, Instagram (shown as a dead ""#"" link)"	"Add the venue's Twitter/X and Instagram profile URL(s) — the placeholder ""#"" links look broken to visitors"
Winter Gardens Theatre	https://www.kentvenues.co.uk/venues/winter-gardens-theatre	18	contact	suggestion	No phone number displayed	Add a direct phone number for enquirers who prefer to call
Winter Gardens Theatre	https://www.kentvenues.co.uk/venues/winter-gardens-theatre	18	description	suggestion	No guest reviews or testimonials displayed	Collect and display client testimonials to build trust and credibility
Winters Barns	https://www.kentvenues.co.uk/venues/winters-barns	32	capacity	critical	No capacity information anywhere on the listing	"Add clear capacity figures: seated capacity, standing/reception capacity, and cabaret/boardroom/theatre layouts for each space"
Winters Barns	https://www.kentvenues.co.uk/venues/winters-barns	32	photos	suggestion	Only 3 photos — could add more	"Aim for 8-10 photos covering exterior, each main space, and example event set-ups"
Winters Barns	https://www.kentvenues.co.uk/venues/winters-barns	32	facilities	critical	No facilities or amenities listed	"Add a complete amenities list: WiFi, AV equipment, heating, air conditioning, kitchen access, etc."
Winters Barns	https://www.kentvenues.co.uk/venues/winters-barns	32	parking	warning	No parking information on the listing	"Add parking details: number of spaces, on-site vs nearby, disabled bays, EV charging, and any charges"
Winters Barns	https://www.kentvenues.co.uk/venues/winters-barns	32	catering	warning	No catering or food/drink information on the listing	"Clarify catering options: in-house catering, approved caterers list, BYO alcohol policy, and dietary accommodations"
Winters Barns	https://www.kentvenues.co.uk/venues/winters-barns	32	accommodation	info	No accommodation details on the listing	"If on-site accommodation exists, add room count, types and pricing. If not, mention nearby hotel options for wedding parties"
Winters Barns	https://www.kentvenues.co.uk/venues/winters-barns	32	accessibility	warning	No accessibility information on the listing	"Add accessibility details: wheelchair access, step-free routes, accessible toilets, hearing loops, and accessible parking bays"
Winters Barns	https://www.kentvenues.co.uk/venues/winters-barns	32	contact	suggestion	No phone number displayed	Add a direct phone number for enquirers who prefer to call
Winters Barns	https://www.kentvenues.co.uk/venues/winters-barns	32	description	suggestion	No guest reviews or testimonials displayed	Collect and display client testimonials to build trust and credibility
Wise Wedding Venue	https://www.kentvenues.co.uk/venues/wise-wedding-venue	33	capacity	critical	No capacity information anywhere on the listing	"Add clear capacity figures: seated capacity, standing/reception capacity, and cabaret/boardroom/theatre layouts for each space"
Wise Wedding Venue	https://www.kentvenues.co.uk/venues/wise-wedding-venue	33	facilities	critical	No facilities or amenities listed	"Add a complete amenities list: WiFi, AV equipment, heating, air conditioning, kitchen access, etc."
Wise Wedding Venue	https://www.kentvenues.co.uk/venues/wise-wedding-venue	33	parking	warning	No parking information on the listing	"Add parking details: number of spaces, on-site vs nearby, disabled bays, EV charging, and any charges"
Wise Wedding Venue	https://www.kentvenues.co.uk/venues/wise-wedding-venue	33	catering	warning	No catering or food/drink information on the listing	"Clarify catering options: in-house catering, approved caterers list, BYO alcohol policy, and dietary accommodations"
Wise Wedding Venue	https://www.kentvenues.co.uk/venues/wise-wedding-venue	33	accommodation	info	No accommodation details on the listing	"If on-site accommodation exists, add room count, types and pricing. If not, mention nearby hotel options for wedding parties"
Wise Wedding Venue	https://www.kentvenues.co.uk/venues/wise-wedding-venue	33	accessibility	warning	No accessibility information on the listing	"Add accessibility details: wheelchair access, step-free routes, accessible toilets, hearing loops, and accessible parking bays"
Wise Wedding Venue	https://www.kentvenues.co.uk/venues/wise-wedding-venue	33	contact	warning	"Missing social media link(s): Twitter/X (shown as a dead ""#"" link)"	"Add the venue's Twitter/X profile URL(s) — the placeholder ""#"" links look broken to visitors"
Wise Wedding Venue	https://www.kentvenues.co.uk/venues/wise-wedding-venue	33	contact	suggestion	No phone number displayed	Add a direct phone number for enquirers who prefer to call
Wise Wedding Venue	https://www.kentvenues.co.uk/venues/wise-wedding-venue	33	description	suggestion	No guest reviews or testimonials displayed	Collect and display client testimonials to build trust and credibility
Woodlands Art Centre	https://www.kentvenues.co.uk/venues/woodlands-art-centre	98	contact	suggestion	No phone number displayed	Add a direct phone number for enquirers who prefer to call
Woolpack Inn Chilham	https://www.kentvenues.co.uk/venues/woolpack-inn-chilham	68	facilities	warning	"Only 2 facilities listed (Restaurant, Bar)"	"Expand the amenities list to include everything guests would want to know — WiFi, AV, parking, catering options, accessibility features"
Woolpack Inn Chilham	https://www.kentvenues.co.uk/venues/woolpack-inn-chilham	68	parking	warning	No parking information on the listing	"Add parking details: number of spaces, on-site vs nearby, disabled bays, EV charging, and any charges"
Woolpack Inn Chilham	https://www.kentvenues.co.uk/venues/woolpack-inn-chilham	68	contact	warning	No contact email address behind the enquiry form	Set the venue's enquiry email so the contact form reaches the venue (currently enquirers can only use the site-wide form)
Woolpack Inn Chilham	https://www.kentvenues.co.uk/venues/woolpack-inn-chilham	68	contact	warning	"Missing social media link(s): Instagram (shown as a dead ""#"" link)"	"Add the venue's Instagram profile URL(s) — the placeholder ""#"" links look broken to visitors"
Woolpack Inn Chilham	https://www.kentvenues.co.uk/venues/woolpack-inn-chilham	68	contact	suggestion	No phone number displayed	Add a direct phone number for enquirers who prefer to call
Woolpack Inn Chilham	https://www.kentvenues.co.uk/venues/woolpack-inn-chilham	68	description	suggestion	No guest reviews or testimonials displayed	Collect and display client testimonials to build trust and credibility
Yoakley House	https://www.kentvenues.co.uk/venues/yoakley-house	13	description	warning	Description is very short (68 characters)	"Expand the description to at least 200 characters covering key details like venue style, setting, and ideal event types"
Yoakley House	https://www.kentvenues.co.uk/venues/yoakley-house	13	capacity	critical	No capacity information anywhere on the listing	"Add clear capacity figures: seated capacity, standing/reception capacity, and cabaret/boardroom/theatre layouts for each space"
Yoakley House	https://www.kentvenues.co.uk/venues/yoakley-house	13	photos	warning	Only 2 photo(s) on the listing	"Add more photos — listings with 5+ images convert significantly better. Cover different spaces, angles, and event set-ups"
Yoakley House	https://www.kentvenues.co.uk/venues/yoakley-house	13	facilities	critical	No facilities or amenities listed	"Add a complete amenities list: WiFi, AV equipment, heating, air conditioning, kitchen access, etc."
Yoakley House	https://www.kentvenues.co.uk/venues/yoakley-house	13	parking	warning	No parking information on the listing	"Add parking details: number of spaces, on-site vs nearby, disabled bays, EV charging, and any charges"
Yoakley House	https://www.kentvenues.co.uk/venues/yoakley-house	13	catering	warning	No catering or food/drink information on the listing	"Clarify catering options: in-house catering, approved caterers list, BYO alcohol policy, and dietary accommodations"
Yoakley House	https://www.kentvenues.co.uk/venues/yoakley-house	13	accommodation	info	No accommodation details on the listing	"If on-site accommodation exists, add room count, types and pricing. If not, mention nearby hotel options for wedding parties"
Yoakley House	https://www.kentvenues.co.uk/venues/yoakley-house	13	accessibility	warning	No accessibility information on the listing	"Add accessibility details: wheelchair access, step-free routes, accessible toilets, hearing loops, and accessible parking bays"
Yoakley House	https://www.kentvenues.co.uk/venues/yoakley-house	13	contact	warning	"Missing social media link(s): Twitter/X, Instagram (shown as a dead ""#"" link)"	"Add the venue's Twitter/X and Instagram profile URL(s) — the placeholder ""#"" links look broken to visitors"
Yoakley House	https://www.kentvenues.co.uk/venues/yoakley-house	13	contact	suggestion	No phone number displayed	Add a direct phone number for enquirers who prefer to call
Yoakley House	https://www.kentvenues.co.uk/venues/yoakley-house	13	description	suggestion	No guest reviews or testimonials displayed	Collect and display client testimonials to build trust and credibility
