name,location,venue_type,website,capacity,parking,catering,accommodation,facilities,contact_name,contact_email,contact_phone,facebook,instagram,twitter,linkedin,tiktok,description,address,postcode,source,scraped_date,source_url,detected_town,christmas_party,private_dining,outdoor_space,wedding_licensed,parking_onsite,accommodation_onsite
Aylesford Community Centre,Aylesford,Party Venue,http://avcc-hallhire.co.uk/,Large (1-300),Onsite parking,Kitchen: Yes - Full - Facilities to prepare meal,No on-site accommodation,"Onsite parking: 65 spaces, Nearby parking: Within 40 metres, On-street parking, Disabled access, Disabled toilets, Kitchen: Yes - Full - Facilities to prepare meal, Tables: 22 rectangle tables, Seating: 210 chairs, Bar: Yes - Manned, WiFi, Staging, Projector, Projector screen, PA system",Bill Brooks,,01622 717473,,,,,,"Ideally placed close to Maidstone and the Medway Towns, Aylesford Community Centre has something to offer a wide range of users from the discerning individual, looking for value for money in a local venue, to the commercial organisation requiring modern facilities and easy access, and of course the community groups whose needs for small and medium meeting areas are also catered for. The Community Centre has three halls available for hire ranging from The Main Hall, 18m x 9m capacity 240, when hired with the connecting smaller hall capacity is 300. The main Hall also has a full stage Kings studio Capacity 60. 17m x 4.3m The Tremain Hall Capacity 60. 11m x 5m A  large kitchen is available for event catering and a smaller one for the Tremain Hall and Studio users. A fully licensed bar can be provided for any occasion. All alcohol must be provided by the bar and may not be brought into the C","25, Forstal Road, Aylesford, Kent, ME20 7AU",ME20 7AU,venues4hire.org,2026-09-03T10:01:18.669666,https://venues4hire.org/venue/details/6570/aylesford-community-centre,maidstone,False,False,False,False,True,False
Bexley Park Sports & Social Club,Dartford,Party Venue,http://www.bexleypark.co.uk/,Medium (1-150),Onsite parking,Kitchen: Yes - Full - Facilities to prepare meal,No on-site accommodation,"Onsite parking: 90 spaces, Nearby parking: Within 2 metres, On-street parking, Disabled access, Disabled toilets, Kitchen: Yes - Full - Facilities to prepare meal, Tables: 10 round tables,, 8 rectangle tables, Seating: 120 chairs,, 10 benches, Cutlery, Crockery, Bar: Yes - Manned, WiFi, Staging",Lynn Weeks,,07850 328970,https://www.facebook.com/Bexley-Park-Sports-and-Social-Club-176976965755306/,https://www.instagram.com/bexleyparksportsclubofficial,https://twitter.com/BexleyPark,,,"Fully Accessible Venue, that can be hired for private functions.","Bexley Park Sports & Social Club, Calvert Drive, Dartford, England, DA2 7GA",DA2 7GA,venues4hire.org,2026-09-03T10:01:21.344592,https://venues4hire.org/venue/details/4813/bexley-park-sports-social-club,dartford,False,False,False,False,True,False
Blackham Village Hall,Blackham,Party Venue,http://www.blackham-village.co.uk/Hire%20Village%20Hall.html,Small (1-50),No parking,Kitchen: Yes - Full - Facilities to prepare meal,No on-site accommodation,"On-street parking, Disabled access, Disabled toilets, Kitchen: Yes - Full - Facilities to prepare meal, Tables: 16 rectangle tables, Seating: 72 chairs,, 2 benches, Cutlery, Crockery, Staging",Sarita Ashby,blackhamvillagehall@mail.com,01892 740570,,,,,,"Located opposite Blackham Church, just 400 yards from Villa Golf Course. Available for hire for: Parties, celebrations, receptions, band practices, fitness classes, martial arts, dances, tea parties, drama performances, concerts, shows, in fact just about anything! Facilities include: Disabled access and toilets, central heating, fitted kitchen, small private garden area, licensed premises. Monthly market with local produce, crafts and a friendly café on the 1st Saturday of every month except January, from 10.00am to 12.30pm. Bookings: Contact Sarita 01892 740570 Current Hire Rates: Winter: £10 / hour local residents; £11 / hour other users. Summer: £8 / hour local residents; £9 / hour other users.","Blackham Village Hall, Sussex Lane, Blackham, East Sussex, TN3 9UD",TN3 9UD,venues4hire.org,2026-09-03T10:01:22.245587,https://venues4hire.org/venue/details/4815/blackham-village-hall,tunbridge-wells,False,False,True,False,False,False
Canterbury Baptist Church,Canterbury,Party Venue,http://www.canterburybaptistchurch.org.uk,Large (1-300),No parking,Kitchen: Yes - Full - Facilities to prepare meal,No on-site accommodation,"Nearby parking: Within 300 metres, Disabled access, Disabled toilets, Lift, Kitchen: Yes - Full - Facilities to prepare meal, Tables: 12 round tables,, 12 rectangle tables, Seating: 350 chairs, Cutlery, Crockery, WiFi, Staging, Projector, Projector screen, PA system",Stephen Flower,,01227 456204,,,,,,"Community Hall Large (1-300) We are a church near the center of Canterbury with 3 halls, 2 rooms and office space to hire. Check our website for booking form, terms and conditions and letting prices.","Canterbury Baptist Church, Saint George's Place, Canterbury, Kent, CT1 1UT",CT1 1UT,venues4hire.org,2026-09-03T10:01:24.074082,https://venues4hire.org/venue/details/37573/canterbury-baptist-church,canterbury,False,False,False,False,False,False
Canterbury Umbrella,Canterbury,Party Venue,http://www.canterburyumbrella.org,Small (1-50),Onsite parking,Kitchen: Yes - Professional (manned),No on-site accommodation,"Onsite parking: 5 spaces, Disabled access, Disabled toilets, Lift, Kitchen: Yes - Professional (manned), Tables: 10 rectangle tables, Seating: 30 chairs, Cutlery, Crockery, WiFi, Projector, Projector screen",Anna De Brauwer,,01227 767660,,,,,,"Canterbury Umbrella is a social hub providing support to people, particularly those with mental health issues. It is open to everyone. We operate from purpose-built premises near to Westgate Gardens which include a large dining/seating area, a 5*hygiene rated kitchen, and a fully accessible upstairs function room with an adjacent quiet room. The quiet room is currently rented by the Canterbury branch of TSB for one day a week. All rooms are available to rent subject to usage by members but are particularly available during evenings and at weekends. We are also able to provide full catering facilities subject to requirements. Full details can be found at www.canterburyumbrella.org","Canterbury Umbrella, Saint Peter's Place, Canterbury, Kent, CT1 2DB",CT1 2DB,venues4hire.org,2026-09-03T10:01:24.986087,https://venues4hire.org/venue/details/41023/canterbury-umbrella,canterbury,False,True,True,False,True,False
Chartham Village Hall,Chartham,Party Venue,https://charthamvillagehall.co.uk/,Medium (1-150),Onsite parking,Kitchen: Yes - Full - Facilities to prepare meal,No on-site accommodation,"Onsite parking: 30 spaces, On-street parking, Disabled access, Disabled toilets, Kitchen: Yes - Full - Facilities to prepare meal, Tables: 12 round tables,, 20 rectangle tables, Seating: 200 chairs,, 12 benches, Cutlery, Crockery, Bar: Yes - Bare (just space), WiFi, Staging, Projector",Bookings Administrator,,07301 671880,,,,,,"The village hall is a lovely venue and versatile for any occasion - it is light, spacious and extremely well maintained. For summer weddings and parties there is a paved patio at the rear accessed through patio doors with seating and a lovely backdrop which looks out over the Memorial field and river. It is also very well equipped and holds the coveted Hallmark 3 (highest) award for its facilities and management. There is ample parking on site, and has a fenced children’s play area and outdoor gym equipment on the Memorial field next to it which makes it attractive for many uses. The hall is well used by members of the local community for a variety of events and activities each week. Experience for yourself the friendly service you will receive from making an enquiry through to the hire itself. This all adds up to making Chartham Village Hall the ideal setting all your families’ special ","Station Road, Chartham, Kent, CT4 7JA",CT4 7JA,venues4hire.org,2026-09-03T10:01:25.890809,https://venues4hire.org/venue/details/25400/chartham-village-hall,canterbury,False,False,False,True,True,False
Chaucer College Kent,Canterbury,Party Venue,https://www.chaucercollege.co.uk/,Medium (1-150),No parking,Kitchen: Yes - Professional (manned),Has onsite accommodation,"Nearby parking: Within 0 metres, Disabled access, Disabled toilets, Lift, Kitchen: Yes - Professional (manned), Cutlery, Crockery, WiFi, Staging, Projector, Projector screen, PA system",Rowan French,enquiries@chaucercollege.co.uk,01227 787800,,,,,,"Canterbury’s medieval past is epitomised by the magnificent cathedral, which sits at the heart of the city. The capital of East Kent, it possesses excellent shopping facilities and a lively atmosphere, thanks to the presence of a large academic community. Chaucer College is located on the approach to the University of Kent, with panoramic views of the city and the cathedral, representing an ideal site for meetings and conferences, and with excellent facilities for training courses and programmes.","University Road, Canterbury, Kent, CT2 7LJ",CT2 7LJ,venues4hire.org,2026-09-03T10:01:26.800713,https://venues4hire.org/venue/details/21503/chaucer-college-kent,canterbury,False,False,False,False,False,False
Cleave Warne Hall (St Matthew's Church),Rochester,Party Venue,http://www.stmatthewsborstal.com/home/calendar,Medium (1-150),Onsite parking,Kitchen: Yes - Small - tea/coffee only,No on-site accommodation,"Onsite parking, Disabled access, Disabled toilets, Kitchen: Yes - Small - tea/coffee only, Tables: 10 rectangle tables, Seating: 70 chairs, Staging",Booking Administrator,,01634 323559,https://www.facebook.com/SkechersIndonesia/,https://www.instagram.com/skechersidn/,https://twitter.com/SkechersIDN,,,"This church hall is a self-contained building. It is suitable for children's parties, quieter adult parties and regular bookings such as dance groups.  It has an excellent stage.  The kitchen is small but has a cooker and is suitable for tea and coffee and simple food preparation. We have recently replaced the floor and a decoration programme is under way. There is a garden area adjacent and a small car parking.","76 Borstal Street, Rochester, Kent, ME1 3HL",ME1 3HL,venues4hire.org,2026-09-03T10:01:27.665806,https://venues4hire.org/venue/details/6627/cleave-warne-hall-st-matthews-church,maidstone,False,False,True,False,True,False
Elham Village Hall,Elham,Party Venue,http://www.elhamvillagehall.co.uk/,Medium (1-150),No parking,No on-site catering,No on-site accommodation,,Maggie Tappenden,booking@elhamvillagehall.co.uk,01303 862467 / 07905 626150,https://www.facebook.com/profile.php?id=100095240427234,,,,,"Elham Village Hall is situated in the ancient and attractive village of Elham, set in an Area of Outstanding Natural Beauty in the North Downs of Kent... Our modern community hall hosts a variety of clubs and societies such as Mother & Baby Group, Yoga, Short Mat Bowls, Dog Training, Adult Education Classes and more. Elham Pre-School are based at the hall and there is a very active Sports Club which runs many activities from here. With stunning views and modern, well-kept facilities, Elham Village Hall is the perfect rural venue for your wedding ceremony and/or reception whilst being easily accessible from the A2 and M20. The hall and its facilities can be hired from the Elham Village Hall Association for private functions such as parties and conferences. Send Maggie, our helpful Booking Secretary, an e-mail or fill out our contact form to ask any questions you have or arrange a viewing.","Elham Village Hall, Canterbury Road, Elham, Kent, CT4 6SX",CT4 6SX,venues4hire.org,2026-09-03T10:01:31.298194,https://venues4hire.org/venue/details/5096/elham-village-hall,canterbury,False,False,False,True,False,False
Halling Community Centre,Halling,Party Venue,https://www.hallingcommunitycentre.org/,Large (1-300),Onsite parking,Kitchen: Yes - Full - Facilities to prepare meal,No on-site accommodation,"Onsite parking: 20 spaces, Disabled access, Disabled toilets, Kitchen: Yes - Full - Facilities to prepare meal, Tables: 24 rectangle tables, Seating: 200 chairs, WiFi, Staging, PA system",Hayley,hallinghall.booking@outlook.com,07446 703167,https://www.google.com/url?q=https%3A%2F%2Fwww.facebook.com%2Fprofile.php%3Fid%3D100077518480518&sa=D&sntz=1&usg=AOvVaw0o8oKlwJSs_rV8nTIR_IVh,,,,,"Community Hall Large (1-300) Halling is a quiet and friendly village situated on the A228 by the River Medway and is within easy reach of the M20 and M2.  From Roman settlement to a thriving cement industry, Halling is now a residential parish in which villagers have raised their children over generations.  Close links with the local pre-school, primary school and youth club have been instrumental in bonding families and friendships to memories which have lasted a lifetime. Visitors to the area can take scenic strolls along the riverfront and sit to admire the views beside the remains of the old Archbishop’s Palace wall. Halling Community Centre is within walking distance of Halling Railway Station and bus stops. It is home to Halling Parish Council, Halling Community Pre-School, Halling Youth Club, Halara and many other clubs and local groups meet here each week. With two local pubs, co","93 High Street, Halling, Medway, ME2 1BS",ME2 1BS,venues4hire.org,2026-09-03T10:01:32.210195,https://venues4hire.org/venue/details/41101/halling-community-centre,maidstone,False,False,False,False,True,False
Hawkinge Community Centre,Hawkinge,Party Venue,http://hawkingecommunitycentre.co.uk/,Large (1-300),Onsite parking,Kitchen: Yes - Medium - basic food preparation,No on-site accommodation,"Onsite parking: 75 spaces, Disabled access, Disabled toilets, Kitchen: Yes - Medium - basic food preparation, Tables: 40 rectangle tables, Seating: 500 chairs,, 50 benches, Bar: Yes - Manned, WiFi, Staging, Projector, Projector screen, PA system",Scott Bechelli,info@hawkingecommunitycentre.co.uk,01303 894857,https://www.facebook.com/hawkingeCC,https://www.instagram.com/hawkinge_cc/,<code>https://twitter.com/HawkingeCC</code>,,,"Welcome to Hawkinge Community Centre – serving the local community. We are open seven days a week and present a varied programme of events, clubs and social events for all ages. Hawkinge Baptist Church and the offices of Hawkinge Town Council are also located at the Centre. We have rooms for hire to suit all types of events.","Heron Forstal Rd, Hawkinge, Kent, CT18 7FP",CT18 7FP,venues4hire.org,2026-09-03T10:01:33.119710,https://venues4hire.org/venue/details/12558/hawkinge-community-centre,folkestone,False,False,False,False,True,False
Hawkinge cricket and social club,Hawkinge,Party Venue,https://hawkingecricketandsocialclub.co.uk/,Medium (1-150),Onsite parking,Kitchen: Yes - Medium - basic food preparation,No on-site accommodation,"Onsite parking: 30 spaces, Nearby parking: Within 1 metres, On-street parking, Disabled access, Disabled toilets, Kitchen: Yes - Medium - basic food preparation, Tables: 4 round tables,, 12 rectangle tables, Seating: 80 chairs,, 2 benches, Cutlery, Crockery, Bar: Yes - Manned, WiFi, Staging",Andy Brooks,hawkingecricketclub@hotmail.com,07734 862289,,,,,,"Looking for a venue Hawkinge cricket club provides a great venue for your special occasion. From a party , christening ,wedding,wakes, to a charity event we will organise everything for you from the entertainment and catering. The clubs had a  extension  in 2017 with a new refurb if interested pls call Andy on 07734862289","Woodstock, Cricketers Close, Hawkinge, England, CT18 7NH",CT18 7NH,venues4hire.org,2026-09-03T10:01:34.082433,https://venues4hire.org/venue/details/33928/hawkinge-cricket-and-social-club,folkestone,False,False,False,True,True,False
"Herne Centre - Herne, near Herne Bay",Herne,Party Venue,https://thehernecentre.co.uk/,Medium (1-150),Onsite parking,Kitchen: Yes - Full - Facilities to prepare meal,No on-site accommodation,"Onsite parking: 15 spaces, Nearby parking: Within 10 metres, Disabled access, Disabled toilets, Kitchen: Yes - Full - Facilities to prepare meal, Tables: 13 round tables,, 12 rectangle tables, Seating: 100 chairs, Cutlery, Crockery, Bar: Yes - Manned, WiFi, Projector, Projector screen, PA system",Booking Administrator,bookings@thehernecentre.co.uk,01227 742700,https://www.facebook.com/HerneCentre/?locale=en_GB,,,,,"Our new State of the Art Centre opened in June 2018. We have an beautiful large hall, with a sprung floor, an adjoining smaller hall and a round room. The Centre is in the historic village of Herne in Kent; very close to St Martin's Church. It is less than a mile from the Cremortorium and 2 miles from Herne Bay. The Centre is about 6 miles from the City of Canterbury. A great venue for weddings, wakes, family celebrations & children's parties (we have a bouncy castle). Three different spaces for hire suitable for fitness classes, education, meetings and much more. The Herne Centre is managed by Herne & Broomfield Parish Council for further information, please phone 01227 742700 or email bookings@thehernecentre.co.uk","The Herne Centre, Saint Martin's View, Herne, near Herne Bay, Kent, CT6 7AP",CT6 7AP,venues4hire.org,2026-09-03T10:01:34.987523,https://venues4hire.org/venue/details/6470/herne-centre,canterbury,False,False,False,True,True,False
Kings Hill Community Centre,Kings Hill,Party Venue,http://www.kingshillparish.gov.uk,Large (1-300),Onsite parking,Kitchen: Yes - Medium - basic food preparation,No on-site accommodation,"Onsite parking: 30 spaces, Nearby parking: Within 50 metres, On-street parking, Disabled access, Disabled toilets, Lift, Kitchen: Yes - Medium - basic food preparation, Tables: 10 round tables,, 40 rectangle tables, Seating: 140 chairs, Cutlery, Crockery, Bar: Yes - Manned, WiFi, Staging",Bookings Clerk,,01732 220919,,,,,,"Versatile modern and beautiful halls and meeting rooms that can be hired for private functions including weddings, milestone parties, children's parties, meetings and regular class hire.","70 Gibson Drive, Kings Hill, Kent, ME19 4LG",ME19 4LG,venues4hire.org,2026-09-03T10:01:38.201869,https://venues4hire.org/venue/details/12680/kings-hill-community-centre,maidstone,False,False,False,True,True,False
Old School Hall East Farleigh,Maidstone,Party Venue,https://www.oldschoolhall.co.uk/,Medium (1-150),No parking,No on-site catering,No on-site accommodation,,Booking Manager,info@oldschoolhall.co.uk,07703 525138,,,,,,"The Old School Hall is in the beautiful village of East Farleigh on the River Medway, 3 miles south-east of Maidstone. It is a Grade II listed building that sits next to the Ancient Parish Church of East Farleigh high above East Farleigh marina. Its construction is typical of Victorian Gothic buildings of this period, with ragstone walls and arched mullion windows that make a handsome backdrop for photographs.It is used for a variety of local and wider public activities and is becoming increasingly popular as a party and event venue. We offer reduced rates to East Farleigh residents and community groups. The interior is decorated in colours and styles sympathetic to the building, though with quirky touches. Trestle tables and up to 100 unique vintage folding chairs recovered in individual fabrics are included in the hire. The kitchen is a good size and practical, with plenty of worktop s","Old School Hall, East Farleigh, Maidstone, Kent, ME15 0JL",ME15 0JL,venues4hire.org,2026-09-03T10:01:40.988866,https://venues4hire.org/venue/details/6628/old-school-hall-east-farleigh,maidstone,False,False,False,False,False,False
Petham Village Hall,Canterbury,Party Venue,http://www.pethamvillagehall.co.uk/,Medium (1-150),Onsite parking,Kitchen: Yes - Full - Facilities to prepare meal,No on-site accommodation,"Onsite parking: 20 spaces, On-street parking, Disabled access, Disabled toilets, Kitchen: Yes - Full - Facilities to prepare meal, Tables: 27 rectangle tables, Seating: 150 chairs, Cutlery, Crockery, WiFi, Staging, Projector, Projector screen, PA system",Bookings Administrator,,,https://www.facebook.com/Petham-Village-Hall-1462686630628156,,,,,"Petham Village Hall  is situated in the picturesque village of Petham, 4 miles south of Canterbury and just a few metres from the lovely country church of All Saints with views across rolling countryside, Hire charges are very competitive whether for shows, weddings, conferences, courses, parties, etc. Slots are available for regular or one-off bookings during the week and at weekends. Petham is a particularly beautiful venue for wedding receptions. The hall has everything to make the reception memorable including a stylish indoor space, bright reception area, attractive, landscaped garden and fully fitted kitchen for self-catering or outside caterers with space for about 150 guests. If your company is looking for a venue to hold a day conference or training day then Petham Village Hall has everything you need.","Church Lane, Petham, Canterbury, Kent, CT4 5RD",CT4 5RD,venues4hire.org,2026-09-03T10:01:43.701125,https://venues4hire.org/venue/details/41090/petham-village-hall,canterbury,False,False,True,True,True,False
Riverhead Village Hall,Sevenoaks,Party Venue,https://www.riverheadparishcouncil.org.uk/community/riverhead-parish-council-16021/village-hall/,Medium (1-150),No parking,No on-site catering,No on-site accommodation,"Nearby parking: Within 30 metres, On-street parking, Disabled access, Disabled toilets, Tables: 8 rectangle tables, Seating: 80 chairs",Bookings Administrator,,01732 461278,https://www.facebook.com/riverheadparish,,,,,"The new Riverhead Village Hall was opened in 1999, replacing the earlier Memorial Hall erected by public subscription after the First World War. It provides a venue for many different local societies and events including St Mary's Pre-School and the Riverhead Community Venture. Both the main hall (13.5 x 6.5 metres) and small committee room are available for hire.","Riverhead Village Hall, Amherst Hill, Sevenoaks, Kent, TN13 2EL",TN13 2EL,venues4hire.org,2026-09-03T10:01:45.523198,https://venues4hire.org/venue/details/12594/riverhead-village-hall,sevenoaks,False,False,False,False,False,False
Singleton Environment Centre,Ashford,Party Venue,http://www.singletonenvironmentcentre.org.uk,Medium (1-150),Onsite parking,No on-site catering,No on-site accommodation,"Onsite parking: 35 spaces, On-street parking, Disabled access, Disabled toilets, Tables: 15 rectangle tables, Seating: 100 chairs, Bar: Yes - Manned, WiFi, Projector, Projector screen, PA system",John Alexander,centremanager@singletonenvironmentcentre.org.uk,07951 343885,https://www.facebook.com/SingletonEnvironmentCentre,,,,,"Singleton Environment Centre is Ashford's truly sustainable venue operated by a local charity - Singleton Spaces. Built and operated with minimal effect on the environment and with the environment at the core of everything we do. The centre is open to the public 7 days a week and available for bookings during the day or evenings. We are just 3 miles from the town centre, international train station and the M20 motorway, but situated in a tranquil setting adjoining 15 hectares of woodland with stunning views and thriving wildlife. See how to find us.  The Singleton Environment Centre has been built adjoining the Ashford Community Woodland Local Nature Reserve, a green space designed and managed by the local community. Whether you are looking to book one of our bright and airy rooms for a meeting, training or event, planning a family celebration, organising a school visit, wanting to learn","Wesley School Road, Ashford, Kent, TN23 5LW",TN23 5LW,venues4hire.org,2026-09-03T10:01:47.359600,https://venues4hire.org/venue/details/5296/singleton-environment-centre,ashford,False,False,False,False,True,False
Spotlites @ Kings Theatre,Chatham,Party Venue,http://www.spotlites.co.uk,Medium (1-150),No parking,No on-site catering,No on-site accommodation,"Nearby parking: Within 0 metres, Disabled access, Seating: 50 chairs, Staging, Projector, PA system",colin king,,01634 829468,,,,,,"Spotlites @ Kings Theatre is a professional theatre company, based in Chatham, Kent and founded 20 years ago. We specialise in interactive theatre for children and produce an extensive year long programme which we also tour both nationally and internationally. We tour to the Edinburgh Festival Fringe every August, where we take up residence at our own venue: Spotlites @ The Merchants’ Hall. Rachel Thomson-King is our Artistic Director and writes specifically for the company and its renowned interactive style, which she originated.","Spotlites @ Kings Theatre, 338 High Street, Chatham, Kent, ME4 4NR",ME4 4NR,venues4hire.org,2026-09-03T10:01:48.321193,https://venues4hire.org/venue/details/5315/spotlites-kings-theatre,maidstone,False,False,False,False,False,False
St Mary Kippington Centre,Sevenoaks,Party Venue,http://stmaryssevenoaks.org/,Medium (1-150),Onsite parking,Kitchen: Yes - Full - Facilities to prepare meal,No on-site accommodation,"Onsite parking: 20 spaces, Disabled access, Disabled toilets, Kitchen: Yes - Full - Facilities to prepare meal, Tables: 18 rectangle tables, Seating: 100 chairs, Cutlery, Crockery, Projector screen, PA system",Booking administrator,safeguarding@stmaryssevenoaks.org,01732 452112,,,,,,"Built in 2004, The Centre provides two areas for use, the main hall (13m x 10m) and, separated by a sound-proof divider, the Wreford Room (7m x 5m). These two areas can be used separately or opened up to provide one large hall. In addition, the Centre provides a fully-fitted kitchen, plus the usual toilets, and the whole building is designed to provide easy access for the disabled. OTHER USES The Centre is used for a variety of classes, church and community events, as well as private functions.","Kippington Road, Sevenoaks, Kent, TN13 2LL",TN13 2LL,venues4hire.org,2026-09-03T10:01:49.236386,https://venues4hire.org/venue/details/22158/st-mary-kippington-centre,sevenoaks,False,False,False,False,True,False
"St Stephens Church Hall, Canterbury",Canterbury,Party Venue,,Medium (1-150),No parking,Kitchen: Yes - Small - tea/coffee only,No on-site accommodation,"On-street parking, Disabled access, Disabled toilets, Kitchen: Yes - Small - tea/coffee only, Tables: 11 rectangle tables, Seating: 80 chairs, Cutlery, Crockery, Committee Room",Enid Dixon,,07887 957932,,,,,,The Church Hall is available for hire at reasonable rates; details available from the Booking Secretary The Hall has the following facilities: Committee Room Toilets (including Disabled and Baby changing facilities) Disabled entrance and exit also available It has a capacity of around 90 seated  and around 110 standing. It is suitable for: Club meetings Seminars Presentations Craft classes / meetings Exercise classes (including Dance and Yoga) Singing groups / classes Fund raising events (Quizzes / Jumble sales) Children's parties,"St Stephens Church Hall, Hales Drive, Canterbury, England, CT2 7AB",CT2 7AB,venues4hire.org,2026-09-03T10:01:51.056224,https://venues4hire.org/venue/details/41005/st-stephens-church-hall-canterbury,canterbury,False,False,False,False,False,False
Sunnyside Hall,Royal Tunbridge Wells,Party Venue,,Medium (1-150),Onsite parking,Kitchen: Yes - Full - Facilities to prepare meal,No on-site accommodation,"Onsite parking: 20 spaces, Nearby parking: Within 5 metres, On-street parking, Disabled access, Disabled toilets, Kitchen: Yes - Full - Facilities to prepare meal, Tables: 10 rectangle tables, Seating: 136 chairs,, 1 benches, Cutlery, Crockery, WiFi, Projector, Projector screen, PA system",Eugene Gardner,,01892 521414,,,,,,"​​﻿​Sunnyside Hall is a community village hall that hosts regular groups and ﻿is available to hire for parties, meetings, classes, dances, art shows, exhibitions, lectures, prayer meetings, book clubs, wedding receptions and sporting events both one time and recurring. Bouncy castles will fit inside the hall and in the garden.","Rusthall Road, Rusthall, Royal Tunbridge Wells, Kent, TN4 8RA",TN4 8RA,venues4hire.org,2026-09-03T10:01:52.864874,https://venues4hire.org/venue/details/6618/sunnyside-hall,tunbridge-wells,False,False,True,True,True,False
Ash Village Hall,Canterbury,Party Venue,http://www.ashvillagehall.org.uk/,Medium (1-150),No parking,No on-site catering,No on-site accommodation,,Mr Graham Ward,dpo@ashvillagehall.org.uk,01304 851967,,,,,,"Village Hall Medium (1-150) Situated in the middle of the village of Ash near Sandwich, We can offer a main hall for up to 200 people with a stage and PA system with access to a well equipped kitchen. A smaller room which also houses the KCC library is available for meeting of up to 30, with a tea bar kitchen.","Queens Road, Ash, Canterbury, Kent, CT3 2BG",CT3 2BG,venues4hire.org,2026-09-03T10:01:57.983363,https://venues4hire.org/venue/details/6573/ash-village-hall,canterbury,False,False,False,False,False,False
Blue Bell Hill Village Hall,Blue Bell Hill,Party Venue,http://www.bluebellhillvillagehall.co.uk,Medium (1-150),Onsite parking,Kitchen: Yes - Medium - basic food preparation,No on-site accommodation,"Onsite parking: 15 spaces, On-street parking, Disabled access, Disabled toilets, Kitchen: Yes - Medium - basic food preparation, Tables: 26 rectangle tables, Seating: 160 chairs, Staging, PA system",Bookings Administrator,,07704 458671,,,,,,"The village hall is a lovely venue and versatile for any occasion - it is light, spacious and extremely well maintained. It is set in the centre of Blue Bell Hill Village, set on the village green beside St Alban's Church. In 2011 the hall undertook refurbishments creating a larger space that is both modern and fresh, suitable for any occasion. There is parking available on site, including disabled parking, kitchen facilities and other amenities. The hall is well used by members of the local community for a variety of events and activities each week.","Blue Bell Hill Village Hall, 316 Robin Hood Lane, Blue Bell Hill, Kent, ME5 9QR",ME5 9QR,venues4hire.org,2026-09-03T10:02:00.663433,https://venues4hire.org/venue/details/4818/blue-bell-hill-village-hall,maidstone,False,False,False,False,True,False
Boughton Monchelsea Village Hall,Boughton Monchelsea,Party Venue,https://boughtonmonchelseavillagehall.co.uk/,Medium (1-150),No parking,No on-site catering,No on-site accommodation,,Booking Manager,hire@boughtonmonchelseavillagehall.co.uk,00000 000000,,,,,,"Village Hall Medium (1-150) Situated on a ragstone ridge between the North Downs and Weald of Kent we are set in beautiful countryside, just 4 miles south of Maidstone. There has been a community hall in the village since the end of World War 1. Boughton Monchelsea Village Hall and recreation ground is an ideal location for events such as birthday parties, wedding receptions, discos, fetes, bazaars and business meetings, as well as exercise classes and sporting activities.","Church Street, Boughton Monchelsea, Kent, ME17 4HN",ME17 4HN,venues4hire.org,2026-09-03T10:02:01.566159,https://venues4hire.org/venue/details/6742/boughton-monchelsea-village-hall,maidstone,False,False,False,True,False,False
Chilham Village Hall,Chilham,Party Venue,http://www.chilhamvillagehall.co.uk/,Large (1-300),Onsite parking,Kitchen: Yes - Full - Facilities to prepare meal,No on-site accommodation,"Onsite parking: 100 spaces, Nearby parking: Within 100 metres, Disabled access, Disabled toilets, Kitchen: Yes - Full - Facilities to prepare meal, Tables: 30 rectangle tables, Seating: 200 chairs, Staging",Bookings Administrator,,07975 754131,,,,,,Located in an area of outstanding natural beauty and in the picturesque village of Chilham. The village hall is an ideal location for all types of events from weddings using the two halls and ‘green room’ down to a cosy meeting in the ‘green room’. The main hall is a timber framed 15th century tithe barn and the inside is a large open area with a high sloping roof supported by dark oak beams inset with white panels.,"Chilham Village Hall, Chilham, Kent, CT4 8DB",CT4 8DB,venues4hire.org,2026-09-03T10:02:03.434121,https://venues4hire.org/venue/details/12125/chilham-village-hall,canterbury,False,False,False,True,True,False
Crockham Hill Village Hall,Crockham Hill,Party Venue,http://www.crockhamhillvillagehall.co.uk/,Large (1-300),No parking,No on-site catering,No on-site accommodation,×,Bookings Administrator,,01732 866408,https://www.facebook.com/profile.php?id=61551116965991,,,,,Village Hall Large (1-300) Crockham Hill Village Hall has all the facilities needed to make your event a great success: A main function room which can host 250 people (135 sitting) with a fully equipped kitchen attached; a separate more discreet function room hosting 40 people (24 sitting) with its own small kitchenette and WC facilities – this can be hired separately or used as an annex to the main hall; super-fast broadband WiFi is also available to all hall hirers. Ample off road car parking is provided.,"Main Road, Crockham Hill, Kent, TN8 6RP",TN8 6RP,venues4hire.org,2026-09-03T10:02:05.198171,https://venues4hire.org/venue/details/6741/crockham-hill-village-hall,tonbridge,False,True,False,False,True,False
Dunton Green Village Hall,Dunton Green,Party Venue,http://www.duntongreenpc.org.uk/community/dunton-green-parish-council-12635/dunton-green-pavilion/#,Medium (1-150),No parking,No on-site catering,No on-site accommodation,,Booking Manager,,01732 469610,https://facebook.com/Dunton-Green-Parish-Council-191024631236541/,,,,,"Village Hall Medium (1-150) Dunton Green Village Hall is situated to the North of the village on the London Road. It is an ideal size for community groups, clubs and children’s parties and is the chosen venue for an exciting range of activities.It you would be interested in running a club at the hall or would like to hire it for a Children’ Party or a for a one off event, please see our website for details on prices and further information on how to book.","London Road, Dunton Green, Kent, TN13 2UU",TN13 2UU,venues4hire.org,2026-09-03T10:02:06.098790,https://venues4hire.org/venue/details/5081/dunton-green-village-hall,sevenoaks,False,False,False,False,False,False
East Peckham Village Hall,East Peckham,Party Venue,https://www.eastpeckham-villagehall.org/,Medium (1-150),No parking,No on-site catering,No on-site accommodation,,Bookings Administrator,,07710 111063,,,,,,"Village Hall Medium (1-150) A versatile, newly refurbished and beautiful Village hall, that can be hired for private functions.","Bush Road, East Peckham, Kent, TN12 5LL",TN12 5LL,venues4hire.org,2026-09-03T10:02:06.953361,https://venues4hire.org/venue/details/12737/east-peckham-village-hall,tonbridge,False,False,False,False,False,False
Egerton Millennium Hall,Ashford,Party Venue,http://www.egerton-kent.co.uk/,Medium (1-150),Onsite parking,Kitchen: Yes - Medium - basic food preparation,No on-site accommodation,"Onsite parking: 70 spaces, Disabled access, Disabled toilets, Kitchen: Yes - Medium - basic food preparation, Tables: 15 round tables,, 20 rectangle tables, Seating: 160 chairs, Cutlery, Crockery, WiFi, Staging, PA system, Committee Room",Booking administrator,,07725 743889,https://www.facebook.com/EgertonFolkandBluesClub/,,https://www.hugofox.com/community/egerton-parish-council-13575/about-us,,,"Village Hall Medium (1-150) Opened 1999 and built with Millennium Commission funding, local grants and fund-raising by Egerton villagers, the Village Hall is a magnificent building in the style of a Kentish barn with panoramic views over the Weald. The Main Hall seats 196 audience-style and 150 around tables. Ideal for Weddings and Parties Available for Conferences and Seminars at weekends and during school holidays. A smaller Committee Room and Doctor’s Room may be hired separately. Car Parking for over 70 cars, including disabled parking. Other facilities include A well-equipped kitchen with crockery and cutlery for hire Sound system (including hearing loop) Large stage with spotlights for general use Screen for slide and film shows Ladies, Gents and Disabled toilet facilities Free Wifi subject to availability","Elm Close, Egerton, Ashford, Kent, TN27 9DS",TN27 9DS,venues4hire.org,2026-09-03T10:02:07.808269,https://venues4hire.org/venue/details/22125/egerton-millennium-hall,ashford,False,False,False,True,True,False
"Eridge Village Hall - Eridge, Nr. Tunbridge Wells",Eridge,Party Venue,http://www.eridge-village-hall.co.uk,Medium (1-150),Onsite parking,Kitchen: Yes - Medium - basic food preparation,No on-site accommodation,"Onsite parking: 7 spaces, Nearby parking: Within 10 metres, On-street parking, Disabled access, Disabled toilets, Kitchen: Yes - Medium - basic food preparation, Tables: 16 rectangle tables, Seating: 100 chairs, Cutlery, Crockery, WiFi, Projector, Main Hall",Bookings Administrator,,,,,,,,"Village Hall Medium (1-150) Eridge Village Hall is a beautiful Victorian hall built in the design of a chapel, located just off the A26 in the Village of Eridge and within easy reach of Tunbridge Wells, Crowborough, Groombridge, Frant and Rotherfield. The hall provides a fabulous venue for weddings, parties, seasonal festivals and events as well as music, choral, dance and fitness classes, clubs and even business meetings. The hall has: • A beautiful rural setting • Quarter of an acre picturesque garden • Capacity to seat up to 90 guests • A fully functioning kitchen • Tables, chairs, cutlery, crockery and glassware Please contact us via our website www.eridge-village-hall.co.uk We offer reasonable rates and a special reduced rate for Eridge village residents.","Old Eridge Road, Eridge, Nr. Tunbridge Wells, East Sussex, TN3 9JF",TN3 9JF,venues4hire.org,2026-09-03T10:02:09.615972,https://venues4hire.org/venue/details/5098/eridge-village-hall,tunbridge-wells,False,False,True,True,True,False
Fordcombe Village Hall,Fordcombe,Party Venue,https://www.hallshire.com/halls/view/1149/fordcombe-#info,Medium (1-150),No parking,No on-site catering,No on-site accommodation,,Janice Byrne,,01892 740393,,,,,,"Village Hall Medium (1-150) The Hall, on the green in the centre of Fordcombe village is close to St Peter's Church,the Chafford Arms p.h. and adjacent to a playing field and newly extended children's' playground. Fordcombe is near to Tunbridge Wells and Penshurst in Kent. The Main Hall has a stage and accommodates 80 seated or 120 without seating, this has a small servery. The Hall is popular for parties, wedding receptions, meetings, and is a venue for local sports and social clubs and societies.","Fordcombe Village Hall, Fordcombe, Kent, TN3 0RY",TN3 0RY,venues4hire.org,2026-09-03T10:02:10.514815,https://venues4hire.org/venue/details/5103/fordcombe-village-hall,tunbridge-wells,False,False,False,True,False,False
Godmersham & Crundale Village Hall,Godmersham,Party Venue,http://www.gcvh.info,Large (1-300),Onsite parking,Kitchen: Yes - Full - Facilities to prepare meal,No on-site accommodation,"Onsite parking: 130 spaces, Disabled access, Disabled toilets, Kitchen: Yes - Full - Facilities to prepare meal, Tables: 15 round tables,, 10 rectangle tables, Seating: 140 chairs, Cutlery, Crockery, Bar: Yes - Glasses only, WiFi, Staging, Projector, Projector screen, PA system",Bookings Administrator,support@kikk.co.uk,,https://www.facebook.com/GodmershamCrundaleVillageHall/,https://www.instagram.com/gcvillagehall/?locale=en_CA,,,,"Village Hall Large (1-300) We are conveniently situated on the A28,  between Canterbury and Ashford, in the Kent Downs Area of Outstanding Natural Beauty. Completed in 2013, the fully equipped hall is designed to provide a great location for holding meetings, conferences, family parties, wedding receptions, club & society meetings, dance classes and much more. We offer ample on site secure parking. State of the art music system with disco lights and wall mounted speakers. Ceiling mounted overhead projector with pull down screen. Lapel mike for speakers is also included. Fully equipped kitchen includes restaurant style dishwasher capable of coping with 100 covers an hour. Crockery, cutlery and glasses are included in the hire. The hall also offers a large patio area adjoining a four acre field with nature walk and wild flower area ideal for marquees, bouncy castles, hog roasts etc","Godmersham & Crundale Village Hall, Godmersham, Godmersham, Kent, CT4 7DR",CT4 7DR,venues4hire.org,2026-09-03T10:02:11.375967,https://venues4hire.org/venue/details/12129/godmersham-crundale-village-hall,canterbury,False,False,True,True,True,False
Groombridge Village Hall,Groombridge,Party Venue,http://www.groombridge.com/,Medium (1-150),Onsite parking,Kitchen: Yes - Medium - basic food preparation,No on-site accommodation,"Onsite parking: 30 spaces, Nearby parking: Within 150 metres, On-street parking, Disabled access, Disabled toilets, Kitchen: Yes - Medium - basic food preparation, Tables: 80 rectangle tables, Seating: 200 chairs, Cutlery, Crockery, WiFi, Staging, Projector screen, PA system",Booking Manager,bookings@groombridgevillagehall.org.uk,07552 170679,https://www.facebook.com/groups/263750177164053/?fref=ts,,,,,"Groombridge Village Hall was completely refurbished and extended in 2000; it has high quality halls and rooms suitable for functions and activities from wedding receptions for 200 to intimate meetings of half a dozen. For further information, please email the bookings secretary, Duncan Sanders at bookings@groombridgevillagehall.org.uk or telephone 075 5217 0679. Please appreciate that Groombridge Village Hall is run by volunteers who willingly give up a great deal of time, to make this valuable community resource available to users at modest cost. There may therefore be occasions when a prompt response to enquiries is not possible; users and potential users are kindly requested to bear this in mind when communicating with the bookings secretary and other GVH represenatatives.","Station Rd, Groombridge, East Sussex, TN3 9QX",TN3 9QX,venues4hire.org,2026-09-03T10:02:14.085030,https://venues4hire.org/venue/details/22130/groombridge-village-hall,tunbridge-wells,False,False,False,True,True,False
Headcorn Village Hall,Headcorn,Party Venue,https://www.headcornvillagehall.com/,Large (1-300),Onsite parking,Kitchen: Yes - n/a,No on-site accommodation,"Onsite parking: 80 spaces, Nearby parking: Within 0 metres, Disabled access, Disabled toilets, Lift, Kitchen: Yes - n/a, Tables: 20 round tables,, 26 rectangle tables, Seating: 300 chairs, Cutlery, Crockery, WiFi, Staging, Projector screen, PA system",Booking Manager,,07944 668802,,,https://twitter.com/HeadcornVHall,,,"A versatile newly refurbished and beautiful Village hall, that is used by many village organisations during the week. It can be hired at weekends for day time private functions, children's parties (11 years and under), conferences etc.","Church Lane, Headcorn, Kent, TN27 9NR",TN27 9NR,venues4hire.org,2026-09-03T10:02:16.413208,https://venues4hire.org/venue/details/12611/headcorn-village-hall,ashford,False,False,False,False,True,False
Hildenborough Village Hall,Hildenborough,Party Venue,https://hildenboroughvh.weebly.com/get-in-touch.html,Medium (1-150),No parking,No on-site catering,No on-site accommodation,,Hilary,,07598 927953,,,,,,"Village Hall Medium (1-150) A versatile, newly refurbished and beautiful Village hall, that can be hired for private functions.","10 Riding Lane, Hildenborough, Kent, TN11 9HY",TN11 9HY,venues4hire.org,2026-09-03T10:02:17.318774,https://venues4hire.org/venue/details/12581/hildenborough-village-hall,tonbridge,False,False,False,False,False,False
Hunton Village hall,Hunton,Party Venue,http://www.huntonvillagehall.co.uk/,Medium (1-150),Onsite parking,Kitchen: Yes - Full - Facilities to prepare meal,No on-site accommodation,"Onsite parking: 40 spaces, Nearby parking: Within 10 metres, Disabled access, Disabled toilets, Kitchen: Yes - Full - Facilities to prepare meal, Tables: 6 round tables,, 20 rectangle tables, Seating: 120 chairs, Cutlery, Crockery",Kathy Reid,,01622 820092,https://www.facebook.com/pages/Hunton-Village-Hall-Kent-ME15-0RR/436960256477686?sk=timeline,,,,,"Lovely tradtional Village Hall for hire. Has beamed and vaulted ceilings. Toilets - ladies, mens and disabled. Large kitchen area and fenced courtyard. Lots of parking. In an idylic village location. Available to hire for parties, wedding receptions etc. The Hall is currently free on Thursday evenings, so please contact us if you would like to use the hall on a weekly basis to run a club/class.","West Street, Hunton, Kent, ME15 0RR",ME15 0RR,venues4hire.org,2026-09-03T10:02:18.175033,https://venues4hire.org/venue/details/6642/hunton-village-hall,maidstone,False,False,False,True,True,False
Langley Village Hall,Langley,Party Venue,,Large (1-300),Onsite parking,Kitchen: Yes - Full - Facilities to prepare meal,No on-site accommodation,"Onsite parking: 25 spaces, Disabled access, Disabled toilets, Kitchen: Yes - Full - Facilities to prepare meal, Tables: 26 rectangle tables, Seating: 210 chairs, Cutlery, Crockery, Bar: Yes - Manned, WiFi, Staging, PA system",Sue Knowles,,07548 915724,,,http://langleyvillagehall.wix.com/kent,,,"If you think of a Village Hall, often you think of a nissen hut or timber structure like a sports pavilion tucked away on a small plot of unkempt grass and weeds on the outskirts of a village, or tucked away under the trees at the back of a village green. Well. in at least one village in Kent the Village Hall defies all expectations by being modern, advanced and at the very heart of the village community. Langley, situated 5 miles south east of Maidstone town centre, is a relatively small village of less than 1200 residents and comprises a mixture of old traditional village properties dating back centuries to houses built in the 60s, 70’s and 80’s. The name is a common English place-name, from the Old English lang leah or ‘long field or woodland’. This village first appears in the records in 814 as Longanleag.But the residents of Langley keep their eyes firmly on the future when it comes","Langley Village Hall, Langley, Kent, ME17 3JY",ME17 3JY,venues4hire.org,2026-09-03T10:02:20.853198,https://venues4hire.org/venue/details/5210/langley-village-hall,maidstone,False,False,False,False,True,False
Leybourne Village Hall,Leybourne,Party Venue,https://www.leybourneparish.gov.uk/leybourne-village-hall/,Medium (1-150),Onsite parking,No on-site catering,No on-site accommodation,"Onsite parking: 20 spaces, Disabled toilets, Tables: 6 round tables,, 15 rectangle tables, Seating: 90 chairs, Cutlery, Crockery",Bookings Administrator,,01732 873722,https://www.facebook.com/p/Leybourne-Pre-School-100092374909093/?locale=en_GB,,,,,"Village Hall Medium (1-150) Large Village hall, that can accommodate up to 150 people (dependant on table set up). It can be hired at the weekend for private functions. •	Fully equipped kitchen •	Free WiFi access •	Fully wheelchair accessible •	Air conditioning and Heating System •	Free parking","Little Market Row, Leybourne, Kent, ME19 5QL",ME19 5QL,venues4hire.org,2026-09-03T10:02:21.787964,https://venues4hire.org/venue/details/12604/leybourne-village-hall,maidstone,False,False,False,False,True,False
Lower Hardres Village Hall,Street End,Party Venue,,Medium (1-150),Onsite parking,Kitchen: Yes - Medium - basic food preparation,Has onsite accommodation,"Onsite parking, Disabled access, Disabled toilets, Kitchen: Yes - Medium - basic food preparation, Cutlery, Crockery, WiFi, Staging",Bookings Administrator,,01227 700655,,,,,,"Village Hall Medium (1-150) ﻿The village hall is situated just off the B2068 (Canterbury to Hythe Road) in the hamlet known as Street End, Lower Hardres, Canterbury and is set in its own pretty rural grounds. It's a very versatile, newly refurbished and beautiful Village hall, that can be hired for private functions.","Lower Hardres, Street End, Kent, CT4 5NP",CT4 5NP,venues4hire.org,2026-09-03T10:02:22.695092,https://venues4hire.org/venue/details/12130/lower-hardres-village-hall,canterbury,False,False,True,False,True,False
Markbeech Village Hall,Markbeech,Party Venue,http://www.markbeechvillagehall.org.uk/,Medium (1-150),Onsite parking,Kitchen: Yes - Full - Facilities to prepare meal,No on-site accommodation,"Onsite parking: 6 spaces, On-street parking, Kitchen: Yes - Full - Facilities to prepare meal, Tables: 10 round tables,, 10 rectangle tables, Seating: 110 chairs, Cutlery, Crockery, Staging",Mrs Pamela Paige,,01342 850328,,,,,,"Markbeech Village Hall is a generous and versatile space run by enthusiastic volunteers, located in the picturesque village of Markbeech, Kent, within the High Weald Area of Outstanding Natural Beauty between East Grinstead and Tunbridge Wells. The hall is an excellent venue for private functions and events such as birthday parties, wedding receptions, concerts, plays, charity events, exercise classes and much more besides. It has a stage and a large garden suitable for marquees.","Cowden Pound Road, Markbeech, England, TN8 5NR",TN8 5NR,venues4hire.org,2026-09-03T10:02:24.441159,https://venues4hire.org/venue/details/33343/markbeech-village-hall,tonbridge,False,False,True,True,True,False
St Lawrence Village Hall,Stone Street,Party Venue,http://www.stlvh.org.uk/,Medium (1-150),No parking,No on-site catering,No on-site accommodation,,Bookings Administrator,arglencross@gmail.com,07860 793181,,,,,,"Village Hall Medium (1-150) A superb, well-maintained Village Hall, available for hire  (subject to existing bookings) features include:- Two halls, separately bookable:- a large hall (approx 7m x 14.6m, PLUS a stage area approximately 3.7m deep, and with a hearing-loop system - fire limit of 200, capacity of 100 seated), and a small hall (approx 8.4m x 7.4m effective open space) Kitchen, which includes a cooker (with double oven), a microwave, a plate warmer, crockery and cutlery Toilets (including, of course, a separate one for anyone who is disabled) Off-street tarmac area for car-parking for hirers Completely renovated in 2000;   modern central heating, Accolades include Hallmark Level Two (awarded in 2009) Reasonable hire rates (with discounts for regular or repeat bookings)","St Lawrence Village Hall, Church Road, Stone Street, Kent, TN15 0LL",TN15 0LL,venues4hire.org,2026-09-03T10:02:33.421096,https://venues4hire.org/venue/details/5336/st-lawrence-village-hall,sevenoaks,False,False,False,False,False,False
The Tenterden (Working Mens) Club,Tenterden,Party Venue,http://www.thetenterdenclub.co.uk/,Large (1-300),No parking,No on-site catering,No on-site accommodation,"Nearby parking: Within 150 metres, On-street parking, Tables: 8 round tables,, 25 rectangle tables, Seating: 150 chairs, Cutlery, Crockery, Bar: Yes - Fully stocked, WiFi, Staging, PA system",Sophie Law,secretary@thetenterdenclub.co.uk,01580 762888,https://www.facebook.com/thetenterdenclubofficial/,,https://twitter.com/tenterdenclub,,,"Our venue consists of two areas; Evans Bar and Moulton Hall. Evans Bar is carpeted and comes complete with tables and chairs to seat 80+ guests, ideal for smaller weddings or parties. Moulton Hall is a large dance hall which includes a stage and can hold 180+ guests (not seated). Combined the two areas create a fantastic space for any function.","Church Road, Tenterden, Kent, TN30 6AT",TN30 6AT,venues4hire.org,2026-09-03T10:02:41.024274,https://venues4hire.org/venue/details/22193/the-tenterden-working-mens-club,ashford,False,False,False,True,False,False
Dartford Conservative Club,Dartford,Party Venue,http://dartfordconservativeclub.co.uk/,Medium (1-150),No parking,No on-site catering,No on-site accommodation,Members Bar,Bookings Administrator,,01322 279969,,,,,,Membership Club (other) Medium (1-150) Dartford Conservative Club is a family friendly and welcoming social club in the centre of Dartford - the ideal place for a relaxing drink or a bite to eat. We always welcome new members. Facilities include: Members Bar Ballroom with a capacity for 150 guests (available for hire) Function room with a capacity for 60 guests (available for hire) Snooker room with 3 full size tables Kids Playroom coming soon.,"46 Spital St, Dartford, Kent, DA1 2DT",DA1 2DT,venues4hire.org,2026-09-03T10:02:43.770083,https://venues4hire.org/venue/details/24358/dartford-conservative-club,dartford,False,True,False,False,False,False
Dartford Working Mens Club,Dartford,Party Venue,http://www.dartfordwm.club/,Medium (1-150),No parking,No on-site catering,No on-site accommodation,,Bookings Administrator,,01322 223646,,,,,,Membership Club (other) Medium (1-150) A clubhouse that can be hired for private functions.,"Essex Rd, Dartford, Kent, DA1 2AU",DA1 2AU,venues4hire.org,2026-09-03T10:02:44.666735,https://venues4hire.org/venue/details/24363/dartford-working-mens-club,dartford,False,False,False,False,False,False
Fordwich Town Hall,Fordwich,Conference Venue,http://www.fordwichtown.org/,Small (1-50),No parking,No on-site catering,No on-site accommodation,,Sarah Hillier,,07703 645011,https://www.facebook.com/groups/2768068746777241,,,,,"Local Authority (Town Hall etc) Small (1-50) Although Fordwich has never boasted more than a few hundred inhabitants, its right to style itself a town dates from 1184, when King Henry II granted it a Merchant Gild Charter, reflecting its importance as the de facto port for Canterbury. In the Domesday Book, it was described as a small burgh, one of only seven burghs in Kent. Since the 13th century, Fordwich has been involved with the Cinque Ports through its geographical and institutional links with Sandwich. Fordwich Town Council today is, in legal terms, a parish council composed of five members either elected, or more usually appointed. The original Fordwich corporation, with its liberty and privileges, was abolished in the local government reorganisation of 1886. kaddy lee preston in fordwichHowever, the chairman of the Council is styled the Mayor, and on ceremonial occasions wears a ","King Street, Fordwich, Kent, CT2 0DB",CT2 0DB,venues4hire.org,2026-09-03T10:02:49.568096,https://venues4hire.org/venue/details/25418/fordwich-town-hall,canterbury,False,False,False,False,False,False
Tenterden Town Hall,Tenterden,Conference Venue,http://www.tenterdentowncouncil.gov.uk/,Medium (1-150),No parking,No on-site catering,No on-site accommodation,,Deputy Town Clerk,,01580 762271,https://www.facebook.com/TenterdenTownCouncil/,https://www.instagram.com/tenterdentowncouncil/,,,,"The 18th Century Tenterden Town Hall is available for ceremonies, private parties, exercise classes, and almost anything else you can think of. The Mayor’s Parlour is an elegant room with an intimate atmosphere for a ceremony, and is able to accommodate up to 46 guests, while the Assembly Room is a beautiful, spacious hall with a stage and can accommodate a ceremony of up to 140 guests. The Town Hall balcony, which overlooks the historic High Street, is available for up to an hour after the ceremony, so that you can share a toast with your guests and take photographs. The Assembly Room is also the perfect place to gather with your friends and family after your ceremony, and can be booked for a reception or party, even if your ceremony is held elsewhere. It seats 100 people at tables or 150 people standing at a buffet style reception.","24 High Street, High Street, Tenterden, Kent, TN30 6AN",TN30 6AN,venues4hire.org,2026-09-03T10:02:50.467422,https://venues4hire.org/venue/details/25477/tenterden-town-hall,ashford,False,False,False,False,False,False
Tunbury Hall,Chatham,Conference Venue,,Medium (1-150),No parking,No on-site catering,No on-site accommodation,,Bookings Administrator,,07941 019678,,,,,,"Fully Accessible Venue, that can be hired for private functions. We are fully booked with regular users during the week. You can hire the hall from 2:15 PM onwards on Saturdays or from 10:15AM on Sundays. There are different timeslots as we discuss. Full evening parties  from 6PM till 11PM.","Tunbury Hall, Catkin Close, Chatham, Kent, ME5 9HP",ME5 9HP,venues4hire.org,2026-09-03T10:02:51.380888,https://venues4hire.org/venue/details/5523/tunbury-hall,maidstone,False,False,False,False,False,False
Knowlton Court Cottages - Nr. Canterbury,Nr. Canterbury,Training Venue,http://www.knowltoncourt.co.uk/,Medium (1-150),Onsite parking,Kitchen: Yes - Professional (manned),Has onsite accommodation,"Onsite parking: 80 spaces, Nearby parking: Within 100 metres, Disabled access, Disabled toilets, Kitchen: Yes - Professional (manned), Tables: 15 round tables,, 20 rectangle tables, Seating: 150 chairs, Bar: Yes - Fully stocked, WiFi, Staging, Projector screen, PA system",Dawn Bosworth,,01304 842402,https://www.facebook.com/knowltoncourt,https://www.instagram.com/knowltoncourtkent,,,,"Weddings Knowlton Court is a venue of choice and we revel in every couple’s individuality. Each wedding is unique and this enchanting family home has its own magnetic pull for every love story. The Manor House seats 86 for the wedding breakfast with additional 70 evening guests. Our marquee is erected between May-October, seats 150 for the wedding breakfast. Larger groups can be accommodated. Accommodation onsite for up to 64 guests. Events We are capable of delivering all your desires ensuring no detail is overlooked. Famed for its parties, this enchanting home is extravagant, beautiful with unique charm.","Knowlton Court Estate, Nr. Canterbury, England, CT3 1PT",CT3 1PT,venues4hire.org,2026-09-03T10:02:58.140135,https://venues4hire.org/venue/details/13980/knowlton-court-cottages,canterbury,False,False,True,True,True,True
Tonbridge School,Tonbridge,Training Venue,http://www.tonbridge-events.co.uk,Medium (1-150),Onsite parking,Adjacent catering facilities are available in the Orchard Centre.,Has onsite accommodation,"Onsite parking: 300 spaces, Nearby parking: Within 0 metres, Disabled access, Disabled toilets, Cutlery, Crockery, Bar: Yes - Manned, WiFi, Staging, Projector, Projector screen, PA system",Tonbridge Events Team,events@tonbridge-school.org,01732 304268,https://www.facebook.com/TonbridgeEvents/,,,,,"Welcome to Tonbridge Events Tonbridge School is fortunate to be situated on a stunning 150 acre site which is conveniently located on the northern edge of Tonbridge town, 25 miles southeast of London. The school offers a wealth of outstanding facilities, all of which are available to hire and will provide a memorable venue for any occasion, including wedding ceremonies. A combination of traditional charm and the most up-to-date resources ensure the facilities are ideally suited for a wide range of events. These include residential, academic, musical and artistic courses, conferences, exhibitions, concerts, musical recordings, theatre productions, sports development camps and private functions. A browse through these pages provides an idea of what is available, but the possibilities are by no means limited to those featured and we would be delighted to discuss your requirements in more de","Tonbridge School, High Street, Tonbridge, England, TN9 1JP",TN9 1JP,venues4hire.org,2026-09-03T10:02:59.046157,https://venues4hire.org/venue/details/31610/tonbridge-school,tonbridge,False,False,False,True,True,False
Canterbury Christ Church University,Canterbury,Training Venue,http://www.canterbury.ac.uk/,Medium (1-150),No parking,No on-site catering,No on-site accommodation,×,Bookings Administrator,courses@canterbury.ac.uk,01227 767700,,,,,,"School / College / Library Medium (1-150) Canterbury Christ Church University has a number of contemporary and historic venues within the city of Canterbury offering both residential and non residential conference and event facilities. Our main campus, located in the city centre offers a wide choice of meeting and seminar rooms, conference halls and all our venues including Broadstairs and Medway are equipped with the latest audio visual facilities.","North Holmes Road, Canterbury, Kent, CT1 1QU",CT1 1QU,venues4hire.org,2026-09-03T10:02:59.960518,https://venues4hire.org/venue/details/21482/canterbury-christ-church-university,canterbury,False,False,False,False,False,False
European School of Osteopathy,Maidstone,Training Venue,https://www.eso.ac.uk/,Medium (1-150),No parking,No on-site catering,No on-site accommodation,,Bookings Administrator,info.eso@bcnogroup.ac.uk,01622 671558,https://www.facebook.com/EuropeanSchoolofOsteopathy,https://instagram.com/eso_maidstone/,https://twitter.com/ESOMaidstone,,https://www.tiktok.com/@osteopathy.bcno,"School / College / Library Medium (1-150) We hope you will find our website interesting and helpful and that it will provide an insight into the wide range of educational activities taking place at the School. Our world-class reputation for the high quality of osteopathic education available at both undergraduate and postgraduate levels has been achieved through hard work, professionalism and dedication. Based in Maidstone Kent, the School has an academic site set in the beautiful surroundings of Boxley House and a Teaching Clinic on Tonbridge Road. Together they offer the full facilities required by students for an exciting and fulfilling osteopathic education. Our Integrated Master’s Degree in Osteopathy (M.Ost), validated by the University of Greenwich is second to none. It is an impressive and wide-ranging programme, introducing students to a complete holistic healthcare system and p","Boxley House, Maidstone, Kent, ME14 3DZ",ME14 3DZ,venues4hire.org,2026-09-03T10:03:02.663974,https://venues4hire.org/venue/details/31570/european-school-of-osteopathy,maidstone,False,False,False,False,False,False
The Hundred of Hoo Academy,Rochester,Training Venue,https://www.hundredofhooacademy.org.uk/,Large (1-300),Onsite parking,No on-site catering,No on-site accommodation,"Onsite parking, Disabled access, Disabled toilets, Staging, Projector, Projector screen",Booking Manager,primaryoffice@hundredofhoo.latrust.org.uk,01634 251443,https://www.facebook.com/lahundredofhoo/,https://www.instagram.com/lahundredofhoo/,,,,"School / College / Library Large (1-300) The Hundred of Hoo Academy’s facilities are available to hire. Based in the Rochester community; We have facilities for hire that are great for sport, drama, martial arts, business meetings, events plus much more! With free parking on site The Hundred of Hoo Academy can also accommodate private functions, birthday parties, conferences and events at affordable, low cost prices.","The Hundred of Hoo Academy, Main Road, Rochester, England, ME3 9HH",ME3 9HH,venues4hire.org,2026-09-03T10:03:06.226605,https://venues4hire.org/venue/details/37444/the-hundred-of-hoo-academy,maidstone,False,False,False,False,True,False
Balfour Winery on Hush Heath Estate,Staplehurst,Hotel with Event Space,http://www.balfourwinery.com/,Medium (1-150),Onsite parking,Kitchen: Yes - Professional (manned),No on-site accommodation,"Onsite parking, Disabled access, Disabled toilets, Kitchen: Yes - Professional (manned), WiFi, Projector screen, PA system",Reservations Manager,,01622 832794,https://www.facebook.com/BalfourWinery,https://www.instagram.com/balfourwinery/?hl=en,https://twitter.com/balfourwinery?lang=en,https://www.linkedin.com/company/balfour-winery,,"Hidden deep in the Garden of England, the Estate is home to our award winning English sparkling wine, Balfour Brut Rosé. Since its beginnings the Estate has grown its product range substantially and now boasts an exquisite selection of wines and ciders all produced from fruit grown in our beautiful vineyards and apple orchards. Our expert team of winemakers combine their skills in our state of the art winery to bring you this delicious range. The Estate comprises 400 acres of perfectly manicured vineyards, apple orchards and ancient oak woodlands rich with wildlife, flora and fauna all of which add to the beauty and provenance of what we produce. It’s our team’s passion for what we do that makes us unique and very special. What started as a hobby for entrepreneur Richard Balfour-Lynn is now a quickly expanding family based wine and cider business.  We welcome you to visit our Estate and ","Five Oak Lane, Staplehurst, Kent, TN12 0HT",TN12 0HT,venues4hire.org,2026-09-03T10:03:10.281651,https://venues4hire.org/venue/details/31585/balfour-winery-on-hush-heath-estate,tonbridge,False,False,True,False,True,False
Best Western Clifton Hotel,Folkestone,Hotel with Event Space,http://www.thecliftonhotel.com/meetings/,Medium (1-150),No parking,No on-site catering,Has onsite accommodation,"Nearby parking: Within 50 metres, On-street parking, Disabled access, Disabled toilets, Lift, Tables: 20 round tables,, 40 rectangle tables, Seating: 150 chairs, Bar: Yes - Manned, WiFi, Projector, Projector screen",Reception,,,,,,,,"Folkestone's premier hotel Best Western Clifton Hotel is Folkestone’s premier AA rated three star hotel with an elegant cliff-top position and spectacular views of the English Channel. Built in 1864, originally as a seaside townhouse for its Victorian residents, it nestles in the centre of Folkestone’s famous Leas, which is renowned for its well-kept lawns and gardens. Only fifty yards from the Leas Cliff Hall Conference and Entertainment Centre, the hotel is within walking distance of the town's amenities. An excellent base for trips to France located only three miles from the Channel Tunnel’s terminal and seven miles from the ferry port in Dover, as well as being conveniently situated for the M20 motorway.","The Leas, 1 - 6 Clifton Gardens, Folkestone, Kent, CT20 2EB",CT20 2EB,venues4hire.org,2026-09-03T10:03:14.852690,https://venues4hire.org/venue/details/31572/best-western-clifton-hotel,folkestone,False,False,True,False,False,False
BEST WESTERN PLUS Donnington Manor Hotel,Dunton Green,Hotel with Event Space,http://www.bw-donningtonmanor.co.uk/,Medium (1-150),Onsite parking,Kitchen: Yes - Professional (manned),Has onsite accommodation,"Onsite parking: 120 spaces, Disabled access, Disabled toilets, Lift, Kitchen: Yes - Professional (manned), Tables: 5 round tables,, 5 rectangle tables, Seating: 60 chairs,, 4 benches, Cutlery, Crockery, Bar: Yes - Manned, WiFi, Projector, Projector screen",Bookings Administrator,,01732 462681,https://www.facebook.com/Best-Western-Donnington-Manor-Hotel-1458077044495994/timeline/,,https://www.twitter.com/DonningtonManor,,,"Weddings BEST WESTERN Donnington Manor Hotel is licensed for Civil Weddings and has excellent facilities including Landscaped Gardens for photographs, choice of two superb fully air conditioned banqueting suites. The hotel also has 63 air conditioned bedrooms to accomodate your guests. Conferences BEST WESTERN Donnington Manor Hotel is equipped to the highest standards with 63 air-conditioned bedrooms and 3 air-conditioned conference suites. There are also 120 FREE Car Parking spaces.","Best Western Donnington Manor Hotel, London Road, Dunton Green, Kent, TN13 2TD",TN13 2TD,venues4hire.org,2026-09-03T10:03:16.595596,https://venues4hire.org/venue/details/13898/best-western-plus-donnington-manor-hotel,sevenoaks,False,True,True,True,True,True
Birchwood Park Golf Centre,Dartford,Hotel with Event Space,https://www.birchwoodparkgc.co.uk/,Medium (1-150),Onsite parking,Kitchen: Yes - Professional (manned),No on-site accommodation,"Onsite parking: 200 spaces, Nearby parking: Within 200 metres, Disabled access, Disabled toilets, Lift, Kitchen: Yes - Professional (manned), Tables: 12 round tables,, 40 rectangle tables, Seating: 150 chairs,, 4 benches, Cutlery, Crockery, Bar: Yes - Manned, WiFi, Projector",Booking Manager,,01322 662038,https://www.facebook.com,https://www.instagram.com/p/Dct6G6rIFj_/,,,,"The Kelvedon Suite is a stunning wedding ceremony and reception room and can accommodate up to 120 for a wedding breakfast and 250 for an evening reception.  With its own private entrance, lobby, bar and balcony the suite is completely separate from the rest of the Golf Centre facilities, and as it is on the first floor it boasts stunning panoramic views over the golf course. Our Lake View function room is our newly refurbished, modern, ground floor room which can accommodate up to 80 for a wedding breakfast and 200 for an evening reception. The room has its own bar with access to the outside patio and seating area.  - See more at: http://www.birchwoodparkgc.co.uk/weddings#sthash.m3VbWKWC.dpuf","Birchwood Park Golf Centre, Birchwood Road, Dartford, Kent, DA2 7HJ",DA2 7HJ,venues4hire.org,2026-09-03T10:03:17.521625,https://venues4hire.org/venue/details/9476/birchwood-park-golf-centre,dartford,False,True,False,True,True,False
Bloomsburys Biddenden,Biddenden,Hotel with Event Space,http://www.bloomsburysbiddenden.com/,Medium (1-150),Onsite parking,Kitchen: Yes - Professional (manned),Has onsite accommodation,"Onsite parking: 40 spaces, Disabled access, Disabled toilets, Kitchen: Yes - Professional (manned), Tables: 10 round tables,, 10 rectangle tables, Seating: 80 chairs,, 6 benches, Cutlery, Crockery, Bar: Yes - Manned, WiFi, Projector, Projector screen, PA system",Booking Administrator,info@bloomsburysbiddenden.com,01580 292992,https://www.facebook.com/bloomsburys.biddenden/?locale=en_GB,https://www.instagram.com/bloomsburysbiddenden/,,,,"Welcome to Bloomsburys Biddenden, situated in the Weald of Kent, between Sissinghurst Castle and the historic Village of Biddenden. Now in our fifth year of Glamping, we have established ourselves as one of the most popular glampsites in the UK, with a wonderful inspiring space offering food, music, dance, and wellness studios. Being fully licensed for weddings, receptions, civil partnerships and other events, our unique venue and beautiful restaurant & bar is ideal for both indoor and outdoor ceremonies, comfortable with both small and large gatherings... come inside and discover us!","Sissinghurst Road, Biddenden, Kent, TN27 8DQ",TN27 8DQ,venues4hire.org,2026-09-03T10:03:18.434841,https://venues4hire.org/venue/details/25395/bloomsburys-biddenden,ashford,False,False,False,True,True,False
Brandshatch Place Hotel & Spa,Longfield,Hotel with Event Space,http://www.handpickedhotels.co.uk/hotels/brandshatch-place/,Medium (1-150),Onsite parking,No on-site catering,38 bedrooms,"Onsite parking: 100 spaces, Nearby parking: Within 100 metres, Disabled access, Disabled toilets, Lift, Tables: 12 round tables, Seating: 120 chairs, Cutlery, Crockery, Bar: Yes - Fully stocked, WiFi, Projector, Projector screen",Brandshatch Place Hotel & Spa,,01474 875000,,,,,,"Dating back to the Duke of Norfolk in 1806, the original Georgian mansion combines the feeling of an elegant past, enriched with a modern feel of grandeur. Today, the luxury hotel still remains a stunning backdrop for those very important romantic occasions. Services offered Licensed to perform civil ceremonies, they boast a selection of suites and settings for you to hold your perfect wedding. With many years of experience, they are able to offer you an exceptional personalised service. Whatever you wedding size, they will tailor-make the most suitable wedding package fr you. Why not come and visit us and let us help you with any queries you may have. Brandshatch Place Hotel also organises open days where the hotel is set as it would be for a wedding day, and wedding fayres, which are perfect for you to meet all the suppliers you will be helped by. Cuisine Brandshatch Place has a renown","Brandshatch Place Hotel & Spa, Brands Hatch Road, Longfield, Kent, DA3 8NQ",DA3 8NQ,venues4hire.org,2026-09-03T10:03:20.276816,https://venues4hire.org/venue/details/13006/brandshatch-place-hotel-spa,dartford,False,False,False,True,True,False
Burlington Hotel,Folkestone,Hotel with Event Space,http://www.theburlingtonhotel.com/,Medium (1-150),Onsite parking,No on-site catering,60 bedrooms,"Onsite parking: 15 spaces, On-street parking, Disabled access, Disabled toilets, Lift, Tables: 10 round tables, WiFi, Staging, Projector, Projector screen, PA system",Events Manager,info@theburlingtonhotel.com,01303 255301,https://www.facebook.com/BurlingtonHotel,,https://twitter.com/BurlingtonHotel,,,"Weddings This 60 bedroom 4 star Victorian hotel overlooks Folkestone's famous Leas Promenade with views across the English Channel. The recently refurbished Premier Suite has direct access to the private terrace and gardens which provide an idyllic setting for photographs. Personal service and attention is guaranteed by the hotel's highly experienced team, with excellent menus showcasing fantastic produce from local farms and suppliers. Free Venue Hire and overnight accommodation for the bride and groom is also available subject to minimum spend on the event. Meetings Location is important when choosing where to hold your meeting or event and Folkestone is the ideal setting with rail links to London and continental Europe. Our main conference suite, which holds up to 120 delegates, offers natural daylight, and is fully air-conditioned. Free Wifi is a available to all of our guests","Burlington Hotel, 3 - 5 Earls Avenue, Folkestone, Kent, CT20 2HR",CT20 2HR,venues4hire.org,2026-09-03T10:03:21.140026,https://venues4hire.org/venue/details/13626/burlington-hotel,folkestone,False,False,True,True,True,True
Chilston Park Hotel,Sandway,Hotel with Event Space,http://www.handpickedhotels.co.uk/hotels/chilston-park/,Medium (1-150),Onsite parking,Kitchen: Yes - Professional (manned),Has onsite accommodation,"Onsite parking: 200 spaces, Disabled access, Disabled toilets, Lift, Kitchen: Yes - Professional (manned), Cutlery, Crockery, Bar: Yes - Manned, WiFi, Projector, Projector screen",Bookings Administrator,,08450 727426,,,,,,"Weddings Today, with its lake surrounded by 23 acres of private grounds, luxurious furnishings, open fires and candlelight; it remains a stunning backdrop for those very important occasions. Business Meetings Located just a one hour train ride from London Victoria, Chilston Park is easily accessible from the capital by train or road and is just 45 minutes from the port of Dover.","Chilston Park Hotel, Boughton Road, Sandway, Kent, ME17 2BE",ME17 2BE,venues4hire.org,2026-09-03T10:03:23.855048,https://venues4hire.org/venue/details/13007/chilston-park-hotel,maidstone,False,False,True,True,True,False
Dartford Social Club,Dartford,Hotel with Event Space,,Medium (1-150),No parking,Kitchen: Yes - Medium - basic food preparation,No on-site accommodation,"Nearby parking: Within 150 metres, Disabled access, Disabled toilets, Kitchen: Yes - Medium - basic food preparation, Tables: 50 round tables,, 40 rectangle tables, Seating: 100 chairs,, 12 benches, Bar: Yes - Manned, WiFi, Staging",Booking administrator,,01322 223192,,,,,,"Welcome to Dartford social club which is currently undergoing refubishment is pleased to offer a wide range of beers & spirits at competitve prices. Darts,pool,crib,snooker,bingo along with a host of other entertainment themes are available for you to enjoy. Extensive sky sports package available on 3 TVs in which each TV can have a different programme on. Hall is available to hire for private functions to members or non members at competitive rates (refundable deposit required) New members welcome.","59, Lowfield Street, Dartford, Kent, DA1 1HP",DA1 1HP,venues4hire.org,2026-09-03T10:03:24.778058,https://venues4hire.org/venue/details/24362/dartford-social-club,dartford,False,False,False,False,False,False
Dog and Duck - Marquee Venue,Kent,Hotel with Event Space,http://www.dogandduckpub.co.uk/,Medium (1-150),Onsite parking,No on-site catering,No on-site accommodation,"Onsite parking: 60 spaces, Nearby parking: Within 30 metres, Disabled access, Disabled toilets, Tables: 20 round tables,, 35 rectangle tables, Seating: 250 chairs, Bar: Yes - Fully stocked, WiFi, Staging, Projector, Projector screen, PA system",Tracy moon,,01843 821264,,https://instagram.com/BASKET168,,,,"Situated in the heart of the beautiful Kent countryside, the Dog and Duck Inn and Caravan Parks, at Plucks Gutter, Kent, offer an ideal opportunity to escape from the everyday stress, hustle and bustle of life today. Plucks Gutter, so near to everywhere, and yet so special and so different. It is, in fact, ""the perfect peace of Kent"".","Plucks gutter, Canterbury, Kent, CT3 1JB",CT3 1JB,venues4hire.org,2026-09-03T10:03:25.694040,https://venues4hire.org/venue/details/25402/dog-and-duck-marquee-venue,canterbury,False,False,True,False,True,False
East Quay Venue,Whitstable,Hotel with Event Space,http://www.eqvenue.com/,Medium (1-150),Onsite parking,No on-site catering,No on-site accommodation,"Onsite parking: 30 spaces, Nearby parking: Within 300 metres, Disabled access, Cutlery, Crockery, Bar: Yes - Manned, WiFi, Staging, PA system",East Quay Venue,info@eqvenue.com,01227 772157,https://www.facebook.com/Eastquayvenue?fref=nf,http://instagram.com/eastquayweddings,https://twitter.com/eastquay,,,"Where better than Whitstable to get married? This is your special day, after all, and naturally you want to share it with family and friends not only in a special location but also in a venue that is equally original and full of character. East Quay Venue, housed within one of Whitstable’s oldest buildings located at the end of the east quay harbour, was originally the home of the Seasalter and Ham Oyster Fishery Company and, like the famous Oyster Stores, faced the shore so the oyster companies could keep a watchful eye over their precious oyster beds. Facing still onto that same shingle seashore, East Quay Venue retains the structural features and character from its coastal heritage past, offering a relaxed ‘shabby-chic’ ambience; a place that sits beside the beach and from where you can effortlessly wander to the water’s edge…whenever you choose. And the venue’s authentic seaside atmo","East Quay, Whitstable Harbour, Whitstable, Kent, CT5 1AB",CT5 1AB,venues4hire.org,2026-09-03T10:03:28.905193,https://venues4hire.org/venue/details/25405/east-quay-venue,canterbury,False,False,False,False,True,False
Etchinghill Golf Club,Etchinghill,Hotel with Event Space,http://www.pentlandgolf.co.uk,Medium (1-150),Onsite parking,Kitchen: Yes - Full - Facilities to prepare meal,No on-site accommodation,"Onsite parking: 100 spaces, Disabled access, Disabled toilets, Kitchen: Yes - Full - Facilities to prepare meal, Tables: 12 round tables,, 5 rectangle tables, Seating: 150 chairs, Cutlery, Crockery, Bar: Yes - Manned, WiFi, Projector, Projector screen, PA system",Booking Manager,,01303 863863,,,,,,"Weddings Etchinghill is licensed for civil ceremonies seating people in their panoramic restaurant area. We have also hosted a number of civil partnerships, baby naming ceremonies and renewal of marriage vows.","Etchinghill Golf Club, Etchinghill, Kent, CT18 8FA",CT18 8FA,venues4hire.org,2026-09-03T10:03:29.829380,https://venues4hire.org/venue/details/12950/etchinghill-golf-club,folkestone,False,False,False,True,True,False
Holiday Inn Bexley,Bexley,Hotel with Event Space,https://www.holidayinn.com/londonbexley,Medium (1-150),Onsite parking,No on-site catering,107 bedrooms,"Onsite parking: 180 spaces, Disabled access, Disabled toilets, Lift, Tables: 14 round tables,, 25 rectangle tables, Seating: 180 chairs, Cutlery, Crockery, Bar: Yes - Manned, WiFi, Projector, Projector screen",The Events Team,,01322 464900,https://www.facebook.com/HolidayInnLondonBexley,,,,,"Looking for a venue in Bexley to host your next corporate event, team away day or special occasion? Holiday Inn London Bexley is a flexible venue suited to everything from meetings to weddings and parties. With 107 bedrooms, mini gym, onsite restaurant and 8 function rooms to choose from, including a large garden and patio perfect for summer events, Holiday Inn Bexley has a variety of spaces suited to corporate, leisure and social occasions. Situated inside what was once a hugely popular 70s live music venue, ‘The Black Prince’ pub,  paved the way for some famous names in the music industry, but thankfully the interior is very much modern day. It has a large open lobby space, perfect for a catchup with family and friends or an impromptu meeting with a colleague. Food is available from the all day dining menu and why not grab a Starbucks coffee from the bar while you’re there. If you’re t","Black Prince Interchange, Southwold Road, Bexley, Greater London, DA5 1ND",DA5 1ND,venues4hire.org,2026-09-03T10:03:31.696940,https://venues4hire.org/venue/details/16170/holiday-inn-bexley,dartford,False,True,True,True,True,True
Holiday Inn Express Folkestone,Hotel with Event Space,Hotel with Event Space,https://www.ihg.com/holidayinnexpress/hotels/gb/en/folkestone/lyxfx/hoteldetail,Large (1-300),Onsite parking,No on-site catering,No on-site accommodation,"Onsite parking: 100 spaces, Disabled access, Disabled toilets, Lift, Bar: Yes - Manned, WiFi, Projector, Projector screen",Booking Administrator,,01303 298450,,,,,,"Hotel / Conference Centre / Pub / Restaurant / Business Meeting Rooms / Training Rooms Large (1-300) The newly refurbished Holiday Inn Express® Folkestone - Channel Tunnel hotel is only 1.6 miles from the Eurotunnel Terminal. Close to junction 12 of the M20 motorway, our pet-friendly hotel is also convenient for families on their way to Dover Ferry Terminal or Ashford International station, both around a 20-minute drive. You can nip into Folkestone town centre by car in a few minutes, or catch a bus just along the road. Catching a flight at Gatwick Airport (LGW) is easy too – it's about an hour away by car. Filled with natural light, our air-conditioned meeting rooms are perfect for seminars, with space for up to 30 guests. Take a short drive to explore the wartime tunnels and extraordinary history of Dover Castle, enjoy a walk on the beach at Sandgate, or see gorillas and tigers at Port","Cheriton High Street, Folkestone, England, CT18 8AN",CT18 8AN,venues4hire.org,2026-09-03T10:03:32.599823,https://venues4hire.org/venue/details/34680/holiday-inn-express-folkestone-channel-tunnel,folkestone,False,False,False,False,True,False
Kent Event Centre,Maidstone,Hotel with Event Space,,Extra Large (300+),"onsite parking for up to 30,000 cars.",Kitchen: Yes - Full - Facilities to prepare meal,No on-site accommodation,"Onsite parking: 8000 spaces, Nearby parking: Within 5 metres, Disabled access, Disabled toilets, Lift, Kitchen: Yes - Full - Facilities to prepare meal, Tables: 80 round tables,, 80 rectangle tables, Seating: 800 chairs,, 15 benches, WiFi, Staging, Projector, Projector screen, PA system",Harriet Booth,,01622 633065,,,,,,"With over 50 years’ experience and an enviable reputation for providing and organising anything from large scale exhibitions and trade fairs to conferences and dinner dances, the Kent Event Centre is the perfect venue for you. Our unique selling point is our size and location, between two major motorways and within 50mins car/train from London. We have in excess of 200 acres of outdoor space and a private woodland at organisers disposal. We also offer onsite parking for up to 30,000 cars.","Kent Event Centre, Kent Showground, Maidstone, South East, ME14 3JF",ME14 3JF,venues4hire.org,2026-09-03T10:03:35.332532,https://venues4hire.org/venue/details/5201/kent-event-centre,maidstone,False,False,False,False,True,False
Lordswood Leisure Centre,Chatham,Hotel with Event Space,http://www.lordswood-leisure.co.uk/,Extra Large (300+),Onsite parking,"We have 3 beautiful function suites within the venue, 2 of which can cater for 200 guests and the largest up to 500 guests – perfect for those with a large guest count!",No on-site accommodation,"Onsite parking: 100 spaces, Disabled access, Disabled toilets, Lift, Tables: 60 round tables,, 20 rectangle tables, Seating: 700 chairs, Bar: Yes - Fully stocked, WiFi, Staging, Projector, Projector screen, PA system",Reception,comments@lordswood-leisure.co.uk,01634 682862,https://facebook.com/115806158481140,,https://twitter.com/intent/tweet?text=https%3A%2F%2Fwww.facebook.com%2Fphoto.php%3Ffbid%3D1716729909959759%26amp%3Bset%3Da.586752709624157%26amp%3Btype%3D3,,,"Lordswood Leisure Centre is situated in a quiet country setting overlooking 20 acres of playing fields, with free parking for over 100 cars. The Quee suites & Martin Grove suite are based inside Lordswood Leisure Centre which is set in 14 acres of beautiful woodland surroundings in the garden of England – Kent. The venue is located within the Medway towns, both the M2 and M20 motorways are only a short 10 minute drive away. We realise how difficult it can be planning your wedding or party and our designated organiser will be delighted to assist you every step of the way. On the day our management team will warmly welcome you and will be on hand throughout the day to ensure everything is complete as per requirements We have 3 beautiful function suites within the venue, 2 of which can cater for 200 guests and the largest up to 500 guests – perfect for those with a large guest count! We cat","Lordswood Leisure Centre, North Dane Way, Chatham, Kent, ME5 8YE",ME5 8YE,venues4hire.org,2026-09-03T10:03:37.063918,https://venues4hire.org/venue/details/24993/lordswood-leisure-centre,maidstone,False,False,True,True,True,False
Mercure Maidstone Great Danes Hotel,Maidstone,Hotel with Event Space,http://www.mercuremaidstone.co.uk/,Extra Large (300+),Onsite parking,No on-site catering,Has onsite accommodation,"Onsite parking: 500 spaces, Disabled access, Disabled toilets, Lift, Tables: 36 round tables, Cutlery, Crockery, Bar: Yes - Manned, WiFi, Staging, Projector, Projector screen, PA system",Bookings Administrator,info@mercuremaidstone.co.uk,08448 159045,https://www.facebook.com/mercuremaidstone,https://www.instagram.com/mercuremaidstone/,https://twitter.com/intent/tweet?text=Home&url=https%3A%2F%2Fwww.mercuremaidstone.co.uk%2F,https://www.linkedin.com/company/mercure-maidstone-great-danes-hotel/,,"Hotel / Conference Centre Extra Large (300+) Weddings At Mercure Maidstone Great Danes Hotel we understand that everyone is unique, which is why we will create a bespoke wedding package to ensure your wedding day lives up to your individual expectations. Business Meetings Mercure Maidstone Great Danes Hotel has 14 meeting rooms, all fully equipped with complimentary high speed WiFi, audio-visual equipment and space for up to 600 delegates.","Mercure Maidstone Great Danes Hotel, Ashford Road, Maidstone, Kent, ME17 1RE",ME17 1RE,venues4hire.org,2026-09-03T10:03:38.843886,https://venues4hire.org/venue/details/12949/mercure-maidstone-great-danes-hotel,maidstone,False,False,False,True,True,False
Royal Wells Hotel,Royal Tunbridge Wells,Hotel with Event Space,http://royalwells.co.uk/,Medium (1-150),Onsite parking,No on-site catering,Has onsite accommodation,"Onsite parking: 24 spaces, Nearby parking: Within 200 metres, On-street parking, Disabled access, Disabled toilets, Lift, Cutlery, Crockery, Bar: Yes - Manned, WiFi, Projector, Projector screen, PA system",Bookings Administrator,royalwells@innmail.co.uk,01892 511188,https://www.facebook.com/TheRoyalWells,https://www.instagram.com/theroyalwells/,https://x.com/i/flow/login?redirect_after_login=%2FUKInns,,,"Weddings The Ephraim Suite is superbly suited for larger wedding receptions and evening parties. This room can comfortably accommodate up to 90 or up to 120 for the evening reception. The Ephraim Suite also has its own private bar. There is also access to our Garden through the Ephraim which is ideal for wedding receptions, drinks receptions and ceremonies. Conferences & Events The Royal Wells Hotel with its beautiful surrounding countryside and local attractions is a delightful setting in which to enjoy a celebration. Our staff are experienced in meeting the wide range of requirements called for by such events.","Royal Wells Hotel, Mount Ephraim Road, Royal Tunbridge Wells, England, TN4 8BE",TN4 8BE,venues4hire.org,2026-09-03T10:03:39.758542,https://venues4hire.org/venue/details/13799/royal-wells-hotel,tunbridge-wells,False,False,True,True,True,False
Boys Hall Manor,Ashford,Meeting Room,http://boyshall.co.uk/,Medium (1-150),No parking,No on-site catering,No on-site accommodation,,Bookings Administrator,,01233 633772,,,,,,Weddings Boys Hall is a licensed wedding venue in Kent ideal for civil ceremonies and weddings receptions. We can accommodate from the modest to the very grand. Corporate Meetings Boys Hall provides a beautiful backdrop to any corporate event. Quality without compromise and peaceful seclusion are a huge part of the Boys Hall experience.,"Boys Hall Manor, Boys Hall Road, Ashford, England, TN24 0LA",TN24 0LA,venues4hire.org,2026-09-03T10:03:58.470918,https://venues4hire.org/venue/details/13889/boys-hall-manor,ashford,False,False,False,True,False,False
Bradbourne House,East Malling,Meeting Room,https://www.bradbournehousekent.co.uk/,Medium (1-150),Onsite parking,No on-site catering,No on-site accommodation,"Onsite parking: 60 spaces, Disabled access, Disabled toilets, Seating: 100 chairs, Cutlery, Crockery, Bar: Yes - Fully stocked, WiFi, Projector, Projector screen, PA system",Bradbourne House,enquiries@bradbournehousekent.co.uk,01732 897436,https://www.facebook.com/BradbourneHouseKent/,https://www.instagram.com/bradbournehouse/,,,,"Bradbourne House is a stunning exclusive use venue, located in the heart of the Kent countryside village of East Malling.  With over 20 acres of land, boasting our hidden gem of a waterfall, and beautiful lake running through the grounds, it is the perfect location for all occasions. The House as you see it today dates back to the 1700s, however there was a Tudor house onsite dating back to the 1500s which has been altered over the years.  Bradbourne House was residence to the Twisden family and remained in their ownership for over 400 years, before being bought by East Mallling Trust in 1938. Bradbourne House is still full of its original character showing its abundance of history, which you could become a part of! Our experienced team can host weddings, parties, conferences, funerals and celebrations of life to name a few, and are dedicated to their roles to ensure your event runs as s","Bradbourne House, New Road, East Malling, Kent, ME19 6DZ",ME19 6DZ,venues4hire.org,2026-09-03T10:03:59.374933,https://venues4hire.org/venue/details/14453/bradbourne-house,maidstone,False,False,True,True,True,False
Broome Park Golf Club - Marquee Venue,Kent,Meeting Room,https://www.broomepark.co.uk/,Medium (1-150),No parking,No on-site catering,No on-site accommodation,Barham,Bookings Administrator,hello@thereachmcr.com,01227 831701,https://www.facebook.com/broomeparkhotel/,https://www.instagram.com/broomeparkhotel,,https://www.linkedin.com/company/broome-park-hotel/,,"Set in a 400-year-old mansion and surrounded by acres of stunning English countryside, we provide simple but beautifully prepared food and a warm atmosphere at a price that belies the quality. After you’ve made your vows, imagine retreating to the former estate of Lord Kitchener for champagne, beers, wine and good food surrounded by your friends and family. Imagine gazing out of the tall windows with your other half at some of the most beautiful surroundings the country has to offer, before sitting down to celebrate the life you’re about to begin together. We’d call that a good start. Wouldn’t you? We are licensed for Civil Ceremonies, thus enabling you to marry in either the Georgian or Jacobean Room within the Manor House itself or in the breath-taking Italian Garden. The Georgian Room and the Jacobean Room in the Manor House are stunning examples of historic grandeur and the Italian G","Canterbury Road, Barham, Kent, CT4 6QX",CT4 6QX,venues4hire.org,2026-09-03T10:04:01.183047,https://venues4hire.org/venue/details/26292/broome-park-golf-club-marquee-venue,canterbury,False,False,True,True,False,False
Canterbury Golf Club,Canterbury,Meeting Room,http://www.canterburygolfclub.co.uk/,Medium (1-150),Onsite parking,Kitchen: Yes - Professional (manned),No on-site accommodation,"Onsite parking: 100 spaces, Disabled access, Disabled toilets, Kitchen: Yes - Professional (manned), Tables: 12 round tables,, 12 rectangle tables, Seating: 90 chairs, Cutlery, Crockery, Bar: Yes - Manned, WiFi, Projector, Projector screen, PA system, Dining Room",Bookings Administrator,office@canterburygolfclub.co.uk,01227 453532,https://www.facebook.com/CanterburyGolfClubKent/,https://www.instagram.com/canterburygolfclubkent/,https://x.com/Canterbury_GC,,,"Venue for business networking groups such Canterbury BNI, BNI Spires, Business over Breakfast, ABC networking and FORE and many local businesses. Main function room can accommodate up to 80 delegates with ceiling mounted projector and screen. Unlimited free parking.","Littlebourne Rd, Canterbury, Kent, CT1 1TW",CT1 1TW,venues4hire.org,2026-09-03T10:04:02.991206,https://venues4hire.org/venue/details/19122/canterbury-golf-club,canterbury,False,True,False,False,True,False
Charlton Place - Ballroom & Marquee Venue,Kent,Meeting Room,http://www.charlton-park.org/,Extra Large (300+),No parking,No on-site catering,No on-site accommodation,×,Gabrielle Wales,,01227 831355,,,,,,"Charlton Park is a secluded tranquil venue and family home, set within over 100 acres of quintessentially English parkland just outside the city of Canterbury in Kent. The Grade 2* listed mansion house provides a calm and gracious environment - the ideal setting for weddings, corporate meetings, away-days and events, concerts, theatre and special occasions. At Charlton Park the emphasis is on providing a personal touch with close attention to detail. Each event we host is tailor-made to suit the requirements of our clients. A range of educational and recreational classes is also run on a regular basis. Photography and Film Location: Charlton Park offers a broad range of filming and photographic opportunities both in the house and parkland and is easily accessible from the A2 south of Canterbury.","Charlton Park, Bishopsbourne, Canterbury, Kent, CT4 5JA",CT4 5JA,venues4hire.org,2026-09-03T10:04:04.777000,https://venues4hire.org/venue/details/25398/charlton-place-ballroom-marquee-venue,canterbury,False,False,True,True,False,False
Chart Hills Golf Club,Biddenden,Meeting Room,http://www.charthills.co.uk,Medium (1-150),Onsite parking,Kitchen: Yes - Professional (manned),No on-site accommodation,"Onsite parking: 200 spaces, Nearby parking: Within 100 metres, Disabled access, Disabled toilets, Lift, Kitchen: Yes - Professional (manned), Tables: 12 round tables, Cutlery, Crockery, Bar: Yes - Fully stocked, WiFi, Projector, Projector screen, PA system, Carnforth",Booking administrator,reception@charthills.co.uk,01580 292222,https://www.facebook.com/ChartHillsGolfClub/,https://www.instagram.com/charthillsgolfclub/?hl=en,https://twitter.com/Charthills?ref_src=twsrcgoogletwcampserptwgrauthor,,,"Situated in the heart of the Garden of England, Chart Hills is an award winning course designed by Sir Nick Faldo. Chart Hills Club House is a light & bright venue that sits at the end of a long drive set with cherry trees & daffodils which then opens into a large car park with ample parking for over 150 cars. The main function suite, The Carnforth, has it's own bar, patio & garden which is ideal for any event you wish to hold. Our team of experienced, dedicated staff pride themselves on their exceptional customer service & will take care of all the little details that will make your event a success. Our club house was re-built in 2008 meaning that unlike most golf clubs, we can meet the needs of the business by providing modern & up to date facilities. Wifi is operational through out the building (free of charge) & we can provide you with OHP & screens, a 52 inch HD TV, break out rooms ","Weeks Lane, Biddenden, Kent, TN27 8JX",TN27 8JX,venues4hire.org,2026-09-03T10:04:05.680717,https://venues4hire.org/venue/details/22119/chart-hills-golf-club,ashford,False,False,True,False,True,False
Conference / Meeting Room,Ashford,Meeting Room,http://www.ashfordvc.org.uk,Small (1-50),Onsite parking,Kitchen: Yes - Small - tea/coffee only,No on-site accommodation,"Onsite parking: 5 spaces, Nearby parking: Within 10 metres, Disabled access, Disabled toilets, Lift, Kitchen: Yes - Small - tea/coffee only, Tables: 8 rectangle tables, Seating: 20 chairs, Cutlery, Crockery, WiFi, Projector, Projector screen, ×",Andrea,andrea.hamilton@ashfordvc.org.uk,01233 665535,,,,,,"Business Meeting Rooms Small (1-50) A spacious Conference Room for hire for £15 per hour, with HUGE discounts for Non-Profit Organisations! A large selection of optional extras are available and reasonable rates. Hire is available seven days per week. Central Ashford Location just five minutes walk from Ashford International Train Station and town centre bus stops. Parking is available for free onsite to your course leader. Please email enquiries to: Andrea.Hamilton@ashfordvc.org.uk for further information and availability.","Berwick House, 8 Elwick Road, Ashford, Kent, TN23 1PF",TN23 1PF,venues4hire.org,2026-09-03T10:04:14.280207,https://venues4hire.org/venue/details/38664/conference-meeting-room,ashford,False,False,False,False,True,False
Creative Folkestone,Folkestone,Meeting Room,https://www.creativefolkestone.org.uk/,Large (1-300),Onsite parking,Kitchen: Yes - Full - Facilities to prepare meal,No on-site accommodation,"Onsite parking, Nearby parking: Within 0 metres, Disabled access, Lift, Kitchen: Yes - Full - Facilities to prepare meal, Cutlery, Crockery, Bar: Yes - n/a, WiFi, Staging, Projector, Projector screen, PA system",Booking Manager,info@creativefolkestone.org.uk,01303 760740,https://www.facebook.com/creativefolkestone,https://www.instagram.com/creativefstone/,,https://www.linkedin.com/company/the-creative-foundation-folkestone-kent/,https://www.tiktok.com/@creativefolkestone,"Creative Folkestone is a visionary arts charity dedicated to transforming Folkestone through collective creative activity, making the town a better place to live, work, play and visit. We believe that everyone is creative, and that creativity has the power to change people and places for the better. We have developed five key projects that are embedded in the creative transformation of Folkestone: Quarterhouse The cultural hub of Folkestone Creative Quarter Folkestone’s cultural heart Folkestone Artworks The UK’s largest urban outdoor exhibition of contemporary art Book Festival The Shape of Things to Come Folkestone Triennial One of the UK’s most ambitious art exhibitions","Quarterhouse, Mill Bay, Folkestone, Kent, CT20 1BN",CT20 1BN,venues4hire.org,2026-09-03T10:04:15.181078,https://venues4hire.org/venue/details/31590/creative-folkestone,folkestone,False,False,False,False,True,False
"Elvey Farm Country Hotel - Pluckley, Ashford",Pluckley,Meeting Room,,Medium (1-150),Onsite parking,No on-site catering,Has onsite accommodation,"Onsite parking: 40 spaces, Nearby parking: Within 10 metres, Seating: 10 benches, WiFi, PA system",Elvey Farm,,01233 840442,,,,,,"Weddings, Christenings, Birthdays, Anniversaries, Hen Party, Baby Shower, Weekend Away Set in 75 acres of picturesque countryside, with beautiful views and ancient architecture, Elvey Farm is the ideal location to hold a truly spectacular wedding or Event. With the wedding party given exclusive use of the farm and the opportunity to stay in our guesthouse rooms, we can provide a beautiful ceremony, delicious Wedding Breakfast and amazing evening celebrations to ensure that your Big Day is one that you'll remember forever. Corporate Meetings Elvey Farm’s corporate facilities provide the perfect environment for productive and creative thinking. With your own private Oast House or Marquee, Lunch and drinks.","Elvey Farm, Elvey Lane, Pluckley, Ashford, Kent, TN27 0SU",TN27 0SU,venues4hire.org,2026-09-03T10:04:23.281842,https://venues4hire.org/venue/details/13972/elvey-farm-country-hotel,ashford,False,False,True,True,True,False
Ashford Town Cricket Club,Kingsnorth,Party Venue,https://ashfordtown.play-cricket.com/home,Medium (1-150),Onsite parking,Kitchen: Yes - Medium - basic food preparation,No on-site accommodation,"Onsite parking: 30 spaces, Kitchen: Yes - Medium - basic food preparation, Bar: Yes - Manned",Gary,ashfordtowncc@gmail.com,07984 397028,https://www.facebook.com/ashfordtowncc/?locale=en_GB,https://www.instagram.com/ashfordtowncricketclub,https://www.twitter.com/@AshfordTown_CC,,,"Ashford Town Cricket Club’s lavishly refurbished Clubhouse is available to the community as the perfect venue for private parties, family celebrations, business meetings or social functions. Set in rural splendour, overlooking the rolling green acres of our cricket ground, the Clubhouse in the Ashford suburb of Kingsnorth can be reached in just 10 minutes from Junction 10 of the M20 and the Ashford International station. It has the capacity to cater for 100 people as a flexible private hire option available in the summer and winter months. We can also offer a fully stocked bar, and contacts for local caterers to ensure your event is a success. Flexibility of private hire enables us to make the Clubhouse available even on match days.","Stacians Park, Steeds Lane, Kingsnorth, Kent, TN26 1NQ",TN26 1NQ,venues4hire.org,2026-09-03T10:04:27.274111,https://venues4hire.org/venue/details/20199/ashford-town-cricket-club,ashford,False,True,False,False,True,False
Kings Hill Sports Park,Kings Hill,Party Venue,http://www.kingshillsportspark.org.uk/,Large (1-300),Onsite parking,Kitchen: Yes - Professional (manned),No on-site accommodation,"Onsite parking: 87 spaces, Disabled access, Disabled toilets, Lift, Kitchen: Yes - Professional (manned), Tables: 3 round tables,, 9 rectangle tables, Seating: 62 chairs, Cutlery, Crockery, Bar: Yes - Manned, WiFi, ×",Booking Administrator,,01732 872271,,,,,,"We are located within the beautiful Kent countryside in Kings Hill, Kent. As part of the Parish Council, KHSP is at the heart of sport and leisure in both the local community and Kent. All year round, our Park provides sport to everyone on our fully equipped 3G pitch. The pitch is expertly maintained and can be used for a range of sports. The pitch can be used as a full size pitch or divided into thirds. We have goals for 11v11, 9v9 or 7v7. A major advantage of our park being situated on the outskirts of Kings Hill is that it allows us to take advantage of the picturesque natural setting. Within this setting we have four outdoor grass football pitches. Pitch 1 is our showcase pitch. It has been recently renovated and new dugouts have been installed. Pitches 2, 4 and 5 have been professionally laid by our expert groundsmen and can be set up for 11v11, 9v9 or 7v7. Inside our Pavilion, you ","200 Beacon Avenue, Kings Hill, Kent, ME19 4QP",ME19 4QP,venues4hire.org,2026-09-03T10:04:29.069348,https://venues4hire.org/venue/details/37625/kings-hill-sports-park,maidstone,False,False,True,False,True,False
The Spitfire Grounds- Home of Kent County Cricket Club,Kent,Party Venue,http://www.thespitfiregroundstlawrence.co.uk/,Medium (1-150),Onsite parking,Kitchen: Yes - Professional (manned),No on-site accommodation,"Onsite parking: 250 spaces, Nearby parking: Within 500 metres, On-street parking, Disabled access, Disabled toilets, Lift, Kitchen: Yes - Professional (manned), Tables: 20 round tables,, 40 rectangle tables, Seating: 250 chairs,, 20 benches, Cutlery, Crockery, Bar: Yes - Manned, WiFi",Booking Administrator,,,,,,,,"YOUR EVENT'S DESTINATION THE SPITFIRE GROUND ST LAWRENCE, SET IN THE HEART OF CANTERBURY, IS ONE OF KENT'S LEADING CONFERENCE AND EVENTS VENUES. Kent County Cricket Club since 1847 and witnessed some of the sports greatest playing in its tranquil and unique surroundings. The Spitfire Ground St Lawrence offers businesses, groups and individuals a wealth of opportunities to entertain, celebrate, educate or host in a range of conference rooms, lounges and boxes. In 1847 The Spitfire Ground St Lawrence made history and became home to one of England's best known cricket clubs - Kent County Cricket Club. The ground is also one of the regions foremost conference and events venues with a fantastic selection of suites available for hire for all kinds of corporate and private occasions. Our aim is to deliver a truly unique venue experience, tailored to your requirements and we have the experience,","ST LAWRENCE, Canterbury, Kent, CT1 3NZ",CT1 3NZ,venues4hire.org,2026-09-03T10:04:29.985403,https://venues4hire.org/venue/details/25436/the-spitfire-grounds-home-of-kent-county-cricket-club,canterbury,False,False,True,False,True,False
Cudham Wyse CC,Cudham,Party Venue,http://www.cudhamwyse.co.uk/,Medium (1-150),No parking,No on-site catering,No on-site accommodation,,Bookings Administrator,,07748 621660,,,,,,"Sports Club - Cricket Medium (1-150) Welcome to the website of Cudham Wyse Cricket Club, a village cricket club from Cudham in North West Kent. With three Saturday teams including two playing in the Kent County Village League, one Sunday team and three youth sides, Cudham Wyse play both friendly and competitive cricket in scenic surroundings throughout the summer.","Cudham Lane, Cudham, Greater London, TN14 7QB",TN14 7QB,venues4hire.org,2026-09-03T10:04:33.600224,https://venues4hire.org/venue/details/20682/cudham-wyse-cc,sevenoaks,False,False,False,False,False,False
Dartford Cricket Club (Hesketh Park),Dartford,Party Venue,http://www.dartfordcc.co.uk/,Medium (1-150),No parking,No on-site catering,No on-site accommodation,,Bookings Administrator,admin@bytecodeconsulting.com,01322 225152,,https://www.instagram.com/dartfordcricket/,https://x.com/dartfordcricket,,,"Sports Club - Cricket Medium (1-150) Our new pavilion will provide for a range of hiring opportunities both regular and one off, from conferences to weddings, sports presentations to other social events.","Pilgrims Way, Dartford, Kent, DA1 1QZ",DA1 1QZ,venues4hire.org,2026-09-03T10:04:34.578160,https://venues4hire.org/venue/details/24359/dartford-cricket-club-hesketh-park,dartford,False,False,False,True,False,False
Hartley Country Club Cricket Club,Hartley,Party Venue,http://www.hartleycountryclub.co.uk/,Medium (1-150),No parking,No on-site catering,No on-site accommodation,,Bookings Administrator,,01474 702176,,,,,,Sports Club - Cricket Medium (1-150) Cricket Club that can be hired for the private functions.,"Hartley, Hartley, Kent, DA3 8BS",DA3 8BS,venues4hire.org,2026-09-03T10:04:36.445161,https://venues4hire.org/venue/details/20850/hartley-country-club-cricket-club,dartford,False,False,False,False,False,False
Redlibbets Golf Club,Ash,Party Venue,http://www.redlibbets.co.uk,Medium (1-150),Onsite parking,Kitchen: Yes - Professional (manned),No on-site accommodation,"Onsite parking, Disabled access, Disabled toilets, Kitchen: Yes - Professional (manned), Bar: Yes - Manned, WiFi",The Events Team,,01474 879190,,,,,,"At Redlibbets Golf Club, we take pride in being able to cater for a large variety of events; whether you are celebrating a birthday, anniversary or christening, we are confident that we can provide the right package for you. We work with each client to make sure the stress of planning their event is as minimal as possible, so that they can relax and enjoy their day as much as their guests do. Working with Lardercraft Catering, we have a range of menus that will suit every taste; from a simple Finger Buffet, to a more formal Three Course Dinner; from BBQ to Hog Roast; we provide all with professional service and delicious results. We can cater up to 120 for a sit down meal or up to 250 people for a finger buffet. Our bar prices are competitive but reasonable, and our bar staff are friendly and welcoming. If you are looking for the perfect background, our Resident DJ NRG Discotheques provi","Redlibbets Golf Club, Manor Lane, Ash, Kent, TN15 7HT",TN15 7HT,venues4hire.org,2026-09-03T10:04:50.564104,https://venues4hire.org/venue/details/9492/redlibbets-golf-club,sevenoaks,False,False,False,False,True,False
West Malling Golf Club,West Malling,Party Venue,http://www.westmallinggolf.com/functions_parties/,Small (1-50),Onsite parking,Kitchen: Yes - Professional (manned),No on-site accommodation,"Onsite parking: 200 spaces, Disabled access, Disabled toilets, Kitchen: Yes - Professional (manned), Tables: 20 round tables,, 10 rectangle tables, Seating: 200 chairs, Cutlery, Crockery, Bar: Yes - Manned, WiFi, Staging, Projector, Projector screen, PA system",The Events Team,,01732 844785,,,,,,"Celebrate your special occasion with us – West Malling Golf Club is the perfect venue for both formal and informal events. Whether your need is for a formal dinner dance awards ceremony, summer ball, birthday parties, anniversary or that special family party, our flexible facilities and friendly, experienced staff can help organise your event every step of the way.","West Malling Golf Club, Trottiscliffe Road, West Malling, Kent, ME19 5AR",ME19 5AR,venues4hire.org,2026-09-03T10:04:52.380107,https://venues4hire.org/venue/details/9474/west-malling-golf-club,maidstone,False,False,False,False,True,False
Allhallows Leisure Holiday Park,Allhallows,Party Venue,http://www.haven.com/parks/kent/allhallows/,Medium (1-150),No parking,No on-site catering,No on-site accommodation,×,Bookings Administrator,,01634 270385,https://www.facebook.com/havenofficial,https://www.instagram.com/havenofficial,,,https://www.tiktok.com/@havenofficial,Sports Club - Golf Medium (1-150) Step inside our park and you’ll soon feel far from everyday life. We think it has something to do with the wildlife here. The park slopes towards the estuary so we’ve got great views and there’s lots of green space – perfect for games of footie. Refuel in our bar and restaurant; it’s going to be bigger and even better with coastal decor and attractive terraces.,"Near Rochester, Allhallows, Kent, ME3 9QD",ME3 9QD,venues4hire.org,2026-09-03T10:04:55.115023,https://venues4hire.org/venue/details/19114/allhallows-leisure-holiday-park,maidstone,False,False,True,False,False,False
Ashford (Kent) Golf Club,Ashford,Party Venue,,Small (1-50),No parking,No on-site catering,No on-site accommodation,,Bookings Administrator,,01233 622655,,,,,,"Sports Club - Golf Small (1-50) The Club has a full social calendar of dinners, music nights, dances and quizzes. The Restaurant and Bar are also available for hire for functions and special occasions. Conveniently located close to the M20 and A20 and with ample car parking we can host sit down meals for up to 80 or buffets for 120, with a full bar and catering service. The facilities have been used for wedding receptions, funeral receptions, business meetings, parties, product launches and other similar functions. Use can be combined with society golf.","Sandyhurst Lane, Ashford, Kent, TN25 4NT",TN25 4NT,venues4hire.org,2026-09-03T10:04:56.184065,https://venues4hire.org/venue/details/9475/ashford-kent-golf-club,ashford,False,False,False,True,True,False
Bearsted Golf Club,Bearsted,Party Venue,http://www.bearstedgolfclub.co.uk/,Medium (1-150),No parking,No on-site catering,No on-site accommodation,,Bookings Administrator,office@bearstedgolfclub.co.uk,01622 738198,https://www.facebook.com/bearstedgolfclub,https://www.instagram.com/bearstedgolf,,,,"Sports Club - Golf Medium (1-150) 3 miles from Maidstone, 2 miles from junction 7 or 8 of the M20 and approximately 40 miles from central London. From junction 7 - follow Maidstone signs to first roundabout then take first exit (left). Pass Newnham Court Garden Village on your left, and straight across the next roundabout. Follow this road for one mile to Bearsted, and three hundred yards past the railway bridge - look for the entrance to the golf club on your left.","Ware Street, Bearsted, Kent, ME14 4PQ",ME14 4PQ,venues4hire.org,2026-09-03T10:04:57.980581,https://venues4hire.org/venue/details/19116/bearsted-golf-club,maidstone,False,False,True,False,False,False
Birchwood Park Golf Centre,Dartford,Party Venue,http://www.birchwoodparkgc.co.uk/,Medium (1-150),No parking,No on-site catering,No on-site accommodation,,Bookings Administrator,,01322 662038,https://www.facebook.com,https://www.instagram.com/p/Dct6G6rIFj_/,,,,"Sports Club - Golf Medium (1-150) Birchwood Park offers flexible options for meetings and functions to suit all your needs. We offer a conference day delegate package along with a dedicated events team which provides professional yet personal service ensuring your day runs smoothly. Our services include everything from the basic coffee break through to a fully serviced sit down 3 course meal, with our catering team providing delicious options and menu’s. -","Birchwood Road, Dartford, Kent, DA2 6QE",DA2 6QE,venues4hire.org,2026-09-03T10:05:02.073641,https://venues4hire.org/venue/details/21670/birchwood-park-golf-centre,dartford,False,False,False,False,False,False
Broome Park Golf Club,Barham,Party Venue,http://www.broomepark.co.uk/,Medium (1-150),No parking,No on-site catering,No on-site accommodation,Barham,Bookings Administrator,hello@thereachmcr.com,01227 831126,https://www.facebook.com/broomeparkhotel/,https://www.instagram.com/broomeparkhotel,,https://www.linkedin.com/company/broome-park-hotel/,,"Sports Club - Golf Medium (1-150) The Broome Park Estate was established during the reign of Charles I and has, as its centrepiece, a magnificent Mansion House; Grade 1 listed building. The house was completed around 1638 and is one of the finest examples of Carolean architecture in England.  The House has been refurbished to its former glory and boasts as one of its many previous owners - Horatio Herbert Kitchener, 1st Earl Kitchener of Khartoum. We have a superb 18-hole parkland Golf Course set within the private 268-acre estate.  The well-known golf course architect Donald Steel, designed the Golf Course and opened in 1981.  The course measures 6587yds off the Championship White Tees, has a Standard Scratch of 72 and Par 72.  The Course is an excellent test for all ages and levels of golfers. The finishing hole is particularly spectacular. The Course is easily accessible from the M2/A","The Broome Park Estate, Barham, Kent, CT4 6QX",CT4 6QX,venues4hire.org,2026-09-03T10:05:04.780127,https://venues4hire.org/venue/details/19121/broome-park-golf-club,canterbury,False,False,False,False,False,False
Chestfield Golf Club,Chestfield,Party Venue,http://www.chestfield-golfclub.co.uk/,Medium (1-150),No parking,No on-site catering,No on-site accommodation,,Bookings Administrator,golf@chestfield-golfclub.co.uk,01227 793563,https://www.facebook.com/chestfieldproshop/,https://www.instagram.com/chestfieldgolfclub/,,,,"Sports Club - Golf Medium (1-150) There are many reasons which will attract members and visitors to Chestfield. Not least, it boasts a course that is an excellent test of golf with its undulating fairways and greens, extensive tree-planting programme,coupled with magnificent views, all set in countryside worthy of a place in the Garden of England. Well known for its excellent cuisine and exceptional hospitality, Chestfield also boasts the 'oldest building in the World being used as a Clubhouse'. It dates back to the 15th century and is the heart of the golf club. There are few as warm and welcoming as that of Chestfield. Join us for the day, or longer, and enjoy a round of golf in an attractive part of the Kent countryside with a warm welcome in the Clubhouse from our members and staff.","103 Chestfield Rd, Chestfield, Kent, CT5 3LU",CT5 3LU,venues4hire.org,2026-09-03T10:05:07.507541,https://venues4hire.org/venue/details/19123/chestfield-golf-club,canterbury,False,False,True,False,False,False
Cobtree Manor Park Golf Course,Maidstone,Party Venue,,Medium (1-150),No parking,No on-site catering,No on-site accommodation,,Bookings Administrator,,01622 753276,,,,,,"Sports Club - Golf Medium (1-150) The shortness of the course can allow some low scoring rounds but do not underestimate the hazards that can test even the better players. Balls can easily become lost on the first 3 holes with the numerous trees that require accuracy off the tee. The back nine offers shots over water on 2 par threes, as well as awkwardly placed ditches on surrounding holes - a good mixture which keeps this course very interesting throughout the round. Tony August 4, 2005 A short yet challenging golf course that certainly requires accuracy off the tee. Many hazards await those who do not hit straight but low scores can be had on some of the short holes. The only par 5 is reachable in two only to the longest of hitters, and a big hill and ditch guarded green make reaching in two a hard job. Overall the course is excellent value for money and a great challenge. David Ryan F","Chatham Road, Maidstone, Kent, ME14 3AZ",ME14 3AZ,venues4hire.org,2026-09-03T10:05:08.424273,https://venues4hire.org/venue/details/18834/cobtree-manor-park-golf-course,maidstone,False,False,False,False,False,False
Corinthian Golf Club,Longfield,Party Venue,,Medium (1-150),No parking,No on-site catering,No on-site accommodation,,Bookings Administrator,,01474 573116,,,,,,Sports Club - Golf Medium (1-150) Play golf with a football. FootGolf combines the social aspect of golf with the excitement and skill of football”,"Valley Road, Longfield, Kent, DA3 8LY",DA3 8LY,venues4hire.org,2026-09-03T10:05:09.320975,https://venues4hire.org/venue/details/19125/corinthian-golf-club,dartford,False,False,False,False,False,False
Dartford Golf Club,Dartford,Party Venue,http://www.dartfordgolfclub.co.uk/,Medium (1-150),No parking,No on-site catering,No on-site accommodation,,Bookings Administrator,office@dartfordgolfclub.co.uk,01322 226455,https://www.facebook.com/DartfordGolfClub,https://www.instagram.com/dcg1897///pipe.formal.enjoy,https://www.twitter.com/@dartfordgolf,,,"Sports Club - Golf Medium (1-150) Dartford Golf Club is a private members' golf club - owned and run by our members who enjoy traditional courtesies and values. Our central location, accessible from both the A2 and M25, also makes us an ideal venue for your day out. Visitors are welcome with a current handicap certificate Mon - Fri. For Society Days contact the Secretary on 01322 226455. On arrival please enter the Professional's shop where you will find an excellent and polite team, who are well qualified to offer advice as well as a wide range of equipment, clothing and lessons for all levels and ages, including a Junior Academy. On playing your round you will discover a challenging parkland 18 hole course, with tight tree lined fairways, in superb condition and one which will offer an interesting challenge to both high and low handicap players alike. After a relaxing and enjoyable day","Heath Lane, Dartford, Kent, DA1 2TN",DA1 2TN,venues4hire.org,2026-09-03T10:05:10.231350,https://venues4hire.org/venue/details/19126/dartford-golf-club,dartford,False,False,False,False,False,False
Great Chart Golf & Leisure,Great Chart,Party Venue,http://www.shoottheboss.co.uk/,Medium (1-150),No parking,No on-site catering,No on-site accommodation,,Bookings Administrator,info@hubenterprise.co.uk,01233 645858,,,,,,"Sports Club - Golf Medium (1-150) Sands Café Bar offers a friendly welcome and a wide range of freshly prepared hot and cold food • Private functions and parties • Floodlit sand volleyball / beach soccer pitch • A large golf shop, with 3 P.G.A. teaching Professional, home to the Kent Golf Academy / Video tuition • Driving range (see information below) • Beach Soccer, Beach Volleyball and Paintball","Bears Lane, Great Chart, Kent, TN23 3BW",TN23 3BW,venues4hire.org,2026-09-03T10:05:12.015157,https://venues4hire.org/venue/details/19129/great-chart-golf-leisure,ashford,False,False,False,False,False,False
Hever Castle Golf Club,Edenbridge,Party Venue,,Medium (1-150),No parking,No on-site catering,No on-site accommodation,,Bookings Administrator,,01732 700771,,,,,,"Sports Club - Golf Medium (1-150) Hever Castle Golf Club is set within the historic Hever Castle estate, amid 250 acres of truly stunning countryside.  Whether you are planning an intimate or large gathering, Hever Castle Golf Club is one of the most beautiful venues you could choose for your Reception. The Bridge over the ornamental pond is a beautiful spot for capturing some photos for your day and the Princes Suite . We are proud to offer our elegant menus and fine wine selections however we are also more than happy to tailor menus and prices to suit your budgetary requirements. Our friendly and professional staff are on hand to offer a dedicated planning service to help make your special day a truly memorable occasion.","Main Street, Edenbridge, Kent, TN8 7NP",TN8 7NP,venues4hire.org,2026-09-03T10:05:14.723015,https://venues4hire.org/venue/details/9473/hever-castle-golf-club,tonbridge,False,False,False,False,False,False
Hilden Park Golf Club,Tonbridge,Party Venue,http://www.hildenpark.co.uk/,Medium (1-150),No parking,No on-site catering,No on-site accommodation,,Bookings Administrator,info@hildenpark.co.uk,01732 833607,https://www.facebook.com/hildenparkgolfrangegym,https://www.instagram.com/hildenpark_/,,,,"Sports Club - Golf Medium (1-150) Our family friendly golf course, driving range and gym is located in Hildenborough, just a short drive from Tonbridge and Tunbridge Wells. Welcome to Welcome to Hilden Park Golf and Leisure Club Hilden Park Golf and Leisure Club content_leaf At Hilden Park we take pride in offering a personal and friendly service, ensuring that visitors of all ages are made to feel welcome. Our 9 hole parkland Golf Course features tree lined fairways and a variety of hazards offering an enjoyable golfing experience to golfers of all abilities. While the golf course is maintained to exacting standards it offers exceptional value. Our gym covers 200 sq meters and incorporates 52 work stations, spin studio and assessment room. Along with our team of Super Trainers, Hilden Park Gym offers a unique personalised service supporting individuals to achieve their personal fitness ","Rings Hill, Tonbridge, Kent, TN11 8LX",TN11 8LX,venues4hire.org,2026-09-03T10:05:15.638179,https://venues4hire.org/venue/details/19132/hilden-park-golf-club,tonbridge,False,False,False,False,False,False
Holtye Golf Club,Holtye,Party Venue,http://www.holtye.com/,Medium (1-150),No parking,"Facilities include a huge practice range, pitching and bunker area with greens, a putting green, pro shop and a comfortable clubhouse with sky television and a full catering",No on-site accommodation,,Bookings Administrator,info@holtye.com,01342 850957,https://www.facebook.com/HoltyeGolfClub/,https://www.instagram.com/holtyegolfclub/,https://twitter.com/holtyegolfclub,,,"Sports Club - Golf Medium (1-150) In 2009, Golf Monthly put Holtye in their U.K. top twelve 9 hole courses. Recently, in a survey, professionals rated it ""a little gem"". Set in the rolling Sussex Weald, the Club's nine hole course offers very different front and back nines from alternative tees. Facilities include a huge practice range, pitching and bunker area with greens, a putting green, pro shop and a comfortable clubhouse with sky television and a full catering. New Members are welcome. Visitors can enjoy nine or eighteen holes, charged accordingly.","Cowden, Holtye, Sussex, TN8 7ED",TN8 7ED,venues4hire.org,2026-09-03T10:05:16.544954,https://venues4hire.org/venue/details/19484/holtye-golf-club,tonbridge,False,False,False,False,False,False
Kings Hill Golf Club,Kings Hill,Party Venue,http://www.kingshillgolf.co.uk/,Medium (1-150),No parking,No on-site catering,No on-site accommodation,,Bookings Administrator,office@kingshillgolf.co.uk,01732 875040,https://www.facebook.com/profile.php?id=100057134542767,,https://twitter.com/kingshillgolf?s=11&t=KfbezfJKq371RAna8CMsnw,,,"Sports Club - Golf Medium (1-150) Kings Hill Golf Club was founded in 1995 on an area of open heathland and woodland on the rolling slopes of the lower greensand ridge in central Kent and has since matured into a testing inland links. The course architect, David Williams, made excellent use of the natural features and gently undulating topography to create a course that has quickly established itself as one of the best golfing challenges in Kent. The course is characterised by traditional links turf, carries over heather and rough to narrow, fast running fairways and beautifully sculptured greens full of character and deceptive slopes. The course enjoys an excellent free draining geology and coupled with full USGA specification greens and tees makes it the driest inland course in all of Kent whatever the time of year. Whether you're an accomplished golfer or a beginner looking to improve","Kings Hill, Kings Hill, Kent, ME19 4AF",ME19 4AF,venues4hire.org,2026-09-03T10:05:17.453875,https://venues4hire.org/venue/details/19133/kings-hill-golf-club,maidstone,False,False,False,False,False,False
Tonbridge Juddians Rugby Club,Tonbridge,Party Venue,http://www.tjrfc.co.uk,Medium (1-150),Onsite parking,Kitchen: Yes - Professional (manned),No on-site accommodation,"Onsite parking: 10 spaces, Nearby parking: Within 30 metres, Disabled access, Disabled toilets, Kitchen: Yes - Professional (manned), Tables: 19 round tables,, 12 rectangle tables, Seating: 150 chairs, Cutlery, Crockery, Bar: Yes - Manned, WiFi, Projector screen, PA system, Main Hall",Booking administrator,,01732 358548,,,,,,"Our fantastic facilities are ideally centrally located in Tonbridge and the perfect venue for:  Parties, Anniversaries, Weddings, Meetings, Lunches, Sports Events, Dance Classes, Seminars etc. As well as an impressively stocked bar (real ale and all !), we have a large hall and a professional standard kitchen with high quality catering from www.woodiescatering.co.uk.  Plus free Wi-Fi. Please note - during the rugby season (September to April) the rugby club is in use at weekends, so Saturdays and Sundays are not available for hire.  Friday evenings are available. We do not do 18th or 21st Birthdays.","The Slade, Tonbridge, Kent, TN9 1HR",TN9 1HR,venues4hire.org,2026-09-03T10:05:20.576910,https://venues4hire.org/venue/details/22200/tonbridge-juddians-rugby-club,tonbridge,False,False,False,True,True,False
Ashford Rugby Club,Kennington,Party Venue,http://www.ashfordrugby.co.uk/,Medium (1-150),No parking,No on-site catering,No on-site accommodation,,Bookings Administrator,hello@ashfordrugby.co.uk,01233 624693,https://www.facebook.com/Ashford-Rugby-Club-100063746913157/,https://www.instagram.com/ashford_rugby_club/,,,,Sports Club - Rugby Medium (1-150) A club that can be hired for private functions. Throughout the year Ashford Rugby Club is available for hire.,"Canterbury Road, Kennington, Kent, TN24 9QB",TN24 9QB,venues4hire.org,2026-09-03T10:05:21.487932,https://venues4hire.org/venue/details/22109/ashford-rugby-club,ashford,False,False,False,False,False,False
Aylesford Pavillion,Aylesford,Party Venue,http://www.aylesfordfc.co.uk,Small (1-50),Onsite parking,Kitchen: Yes - Medium - basic food preparation,No on-site accommodation,"Onsite parking: 30 spaces, Nearby parking: Within 30 metres, Disabled access, Disabled toilets, Kitchen: Yes - Medium - basic food preparation, Tables: 8 rectangle tables, Seating: 30 chairs, Cutlery, Crockery, WiFi, Projector",Booking Administrator,,01622 296710,,,,,,Sports Club - Other Small (1-50) Small Meeting Style room with Kitchen and Toilets. Friendly Community Atmosphere.,"26, Forstal Road, Aylesford, England, ME20 7AU",ME20 7AU,venues4hire.org,2026-09-03T10:05:27.423786,https://venues4hire.org/venue/details/40739/aylesford-pavillion,maidstone,False,False,False,False,True,False
Folkestone Park Bowls Club,Folkestone,Party Venue,,Medium (1-150),No parking,Kitchen: Yes - Professional (manned),No on-site accommodation,"On-street parking, Disabled access, Kitchen: Yes - Professional (manned), Tables: 6 round tables,, 8 rectangle tables, Bar: Yes - Manned, WiFi",Nicky,,01303 254032,,,,,,"Sports Club - Other Medium (1-150) Folkestone Parks is a warm, friendly and inviting venue. We have a fully stocked bar. Ample seating for parties, weddings or events. We offer catering for your event or if you prefer self catering.","Folkestone park bowls club, Radnor Park Avenue, Folkestone, England, CT19 5HY",CT19 5HY,venues4hire.org,2026-09-03T10:05:29.219933,https://venues4hire.org/venue/details/37626/folkestone-park-bowls-club,folkestone,False,False,False,True,False,False
King's Rochester Sports Centre,Rochester,Party Venue,http://www.kingssportscentre.co.uk/,Medium (1-150),Onsite parking,No on-site catering,No on-site accommodation,"Onsite parking: 58 spaces, Disabled access, Disabled toilets, Lift, Tables: 7 round tables,, 22 rectangle tables, Seating: 97 chairs,, 4 benches, Cutlery, Crockery, Bar: Yes - Manned, WiFi, Projector, Projector screen",Bookings Administrator,enquiries@kingssportscentre.co.uk,01634 818422,https://www.facebook.com/kingsrochestersportscentre,http://instagram.com/krsportscentre12,,,,"Sports Club - Other Medium (1-150) Situated in Medway’s Historic Rochester, the Kings Rochester Sports Centre was established in 1991 by the Medway Council.  The facility was purchased and refurbished by the Kings School Rochester in 2014.  Though understated, the venue provides a great canvas for any number of events, functions and meetings.  With our professional staff on hand to help you organise your event and bring your ideas together for all occasions. If you’re looking to book a venue for that special occasion or you need a room for an all-important meeting, our bar and conference room is the way to go.  The simple setting allows you the freedom to decorate the space in your own unique way, with a built-in bar and great food options available. On site we also host an attractive well sized multi-function sports hall, several outdoor tennis courts and an outdoor hard standing Multi ","601 Maidstone Road, Rochester, Kent, ME1 3QJ",ME1 3QJ,venues4hire.org,2026-09-03T10:05:31.936267,https://venues4hire.org/venue/details/5204/kings-rochester-sports-centre,maidstone,False,False,False,False,True,False
Three Hills Sports Park,Folkestone,Party Venue,https://www.threehillssportspark.co.uk/,Medium (1-150),Onsite parking,Kitchen: Yes - Full - Facilities to prepare meal,No on-site accommodation,"Onsite parking: 50 spaces, Nearby parking: Within 20 metres, Disabled access, Disabled toilets, Lift, Kitchen: Yes - Full - Facilities to prepare meal, Tables: 12 round tables,, 20 rectangle tables, Seating: 100 chairs, Cutlery, Crockery, Bar: Yes - Fully stocked, WiFi, Projector, Projector screen",Booking Manager,enquiries@3hsp.co.uk,01303 846020,https://www.facebook.com/ThreeHillsSportsPark,https://www.instagram.com/threehillssportspark/,,,,"Are you looking for a contemporary venue with excellent facilities to host your next big celebration?  Look no further than Three Hills Sports Park. With a variety of indoor and outdoor spaces, our state-of-the-art facility can make your perfect event a reality.","Cheriton Road, Folkestone, Kent, CT19 5JU",CT19 5JU,venues4hire.org,2026-09-03T10:05:32.861214,https://venues4hire.org/venue/details/31609/three-hills-sports-park,folkestone,False,False,False,False,True,False
Dartford Football Club - Sutton at Hone,Sutton at Hone,Party Venue,https://www.dartfordfc.com/,Medium (1-150),No parking,No on-site catering,No on-site accommodation,,Booking Manager,info@dartfordfc.com,01322 299994,https://www.facebook.com/DartfordFootballClub/,https://www.instagram.com/dartsfc/,https://twitter.com/dartfordfc,https://www.linkedin.com/company/bvl-scaffolding-co.-limited/,https://www.tiktok.com/@dartfordfootballclub,"Sports Club - Other Medium (1-150) Spend your birthday with us at Princes Park and be part of the DFC family for the afternoon! With two options to choose from, our fantastic birthdays parties, brand new to the club, will have you jumping for joy and returning next year! Once every three months the club hold a pre-match meal; this is an excellent opportunity for us to create great networking links, meet new people and share with local businesses a little piece of Dartford Football Club. It's a great chance for businesses to talk and these events are open to any local businesses or individuals. Tables are sold at £250 plus vat for 10 persons or alternatively £30 plus vat per person. This price includes your entrance into the game, reserved parking space, a hot meal and match day programme, reserved seat with excellent view and tea or coffee at half time.","10 Pembroke Place, Sutton at Hone, Kent, DA4 9HR",DA4 9HR,venues4hire.org,2026-09-03T10:05:35.482713,https://venues4hire.org/venue/details/24360/dartford-football-club,dartford,False,False,False,False,False,False
Dartford Harriers Athletic Club,Dartford,Party Venue,http://www.dartfordharriersac.co.uk/,Medium (1-150),No parking,No on-site catering,No on-site accommodation,,Bookings Administrator,,01322 286003,,,,,,Sports Club - Other Medium (1-150) A clubhouse that can be hired for private functions.,"Cranford Road, Dartford, Kent, DA1 1JP",DA1 1JP,venues4hire.org,2026-09-03T10:05:36.382930,https://venues4hire.org/venue/details/24361/dartford-harriers-athletic-club,dartford,False,False,False,False,False,False
Fleetdown United Football Club,Dartford,Party Venue,http://www.fleetdownunitedfc.org.uk/,Medium (1-150),No parking,No on-site catering,No on-site accommodation,,Booking Manager,,01322 273848,https://www.facebook.com/FleetdownUnited,https://www.instagram.com/fleetdownunitedfc,https://twitter.com/fleetdownfc,,,"Sports Club - Other Medium (1-150) Remember, the Fleetdown Club House is available, to Club Members and their friends, for hire for any event. Be it a party, kids party, meeting, or conference this is a great way to hire a well equipped, local venue and support your club at the same time.","Heath Lane Lower, Dartford, Kent, DA1 2QH",DA1 2QH,venues4hire.org,2026-09-03T10:05:37.291666,https://venues4hire.org/venue/details/24366/fleetdown-united-football-club,dartford,False,False,False,False,False,False
New Romney Bowls Club,New Romney,Party Venue,http://newromneybowlsclub.co.uk/,Medium (1-150),No parking,No on-site catering,No on-site accommodation,,Bookings Administrator,nrbckent@yahoo.co.uk,01797 362409,,,,,,"Sports Club - Other Medium (1-150) Records show that the game of bowls was played in New Romney as long ago as 1587. This tradition is maintained by the Club at the facilities in Sussex Road. These include two greens, clubhouse with bar, lounge and dining area. Our outdoor bowling season opens in April and closes in September. The Club can be involved in playing 160 matches (fixtures) on our two bowling greens in this period. Visiting teams provide much of the competition and return year after year for their annual matches. The Club’s overall policy is to provide bowling and social facilities all year round.","Sussex Rd, New Romney, Kent, TN28 8HL",TN28 8HL,venues4hire.org,2026-09-03T10:05:39.081073,https://venues4hire.org/venue/details/22142/new-romney-bowls-club,ashford,False,False,False,False,False,False
Staplehurst Cricket & Tennis Club,Staplehurst,Party Venue,http://www.staplehurstcricket.com/,Medium (1-150),No parking,No on-site catering,No on-site accommodation,×,Bookings Administrator,info@staplehurstcricket.com,01580 892503,https://www.facebook.com/Staplehurstcricket,https://www.instagram.com/staplehursttennis/,,,,"Sports Club - Other Medium (1-150) Set in the picturesque rural fringe of Staplehurst, we offer all that Village cricket and tennis is about with the advantage of an excellent range of playing and social facilities. We welcome members of all ages and all playing abilities or those who simply enjoy watching and supporting. Furthermore, in support of our vision, we are committed to invest in both sports and social facilities to attract and retain a good mix of playing members, especially the young, and creating an environment in which people want to spend time at the Club, be part of what’s happening and value people’s contribution.","Frittenden Road, Staplehurst, Kent, TN12 0DH",TN12 0DH,venues4hire.org,2026-09-03T10:05:42.670263,https://venues4hire.org/venue/details/22161/staplehurst-cricket-tennis-club,tonbridge,False,False,False,False,False,False
Tonbridge Angels F C,Tonbridge,Party Venue,http://www.tonbridgeangelsonline.co.uk/,Medium (1-150),No parking,No on-site catering,No on-site accommodation,,Bookings Administrator,,01732 352417,,,,,,"Sports Club - Other Medium (1-150) Whatever the celebration* why not consider hiring the Longmead Lounge, at the home of the Angels. Whether it is a birthday party, anniversary, engagement, children’s party or maybe even wedding celebration give us a call to find out availability, prices and come and view the facilities. Full day, part day and evening charges apply. Includes staffed pay bar and cleaning following the party.","Darenth Avenue, Tonbridge, Kent, TN10 3JF",TN10 3JF,venues4hire.org,2026-09-03T10:05:44.438360,https://venues4hire.org/venue/details/22199/tonbridge-angels-f-c,tonbridge,False,False,False,True,False,False
Hawkenbury Inn - Weddings and private parties,Kent,Restaurant with Private Room,https://www.thehawkenbury.com/,Medium (1-150),Onsite parking,Kitchen: Yes - Professional (manned),Has onsite accommodation,"Onsite parking: 35 spaces, On-street parking, Disabled access, Kitchen: Yes - Professional (manned), Tables: 20 round tables,, 22 rectangle tables, Seating: 120 chairs,, 10 benches, Cutlery, Crockery, Bar: Yes - Manned, WiFi, Projector, Projector screen, PA system",Alison Woodbridge,,01580 890567,https://www.facebook.com/TheHawkenbury/,,,,,"Private function room available for parties, wedding receptions & business meetings Licensed for civil weddings B&B accommodation on site in three deluxe en suite rooms,  in separate accommodation away from main road and pub/restaurant, with own private patios Fresh food served daily between 12.00pm-8.30pm Winter Hours on Sundays , booking essential after 7.00 pm Karaoke system available for private parties Catering options include Hog Roast Full a-la-carte menu, daily specials Monday to Friday Lunch - 3 Course Specials £9.95 (OAP's £8.95) Probably the best Sunday Roast in Kent Monday Nights-Two main course for one (excl. Bank holidays) Wed Nights-Steak Night just £10.45","The Hawkenbury, Hawkenbury Road, Hawkenbury, Kent, TN12 0DZ",TN12 0DZ,venues4hire.org,2026-09-03T10:05:48.473164,https://venues4hire.org/venue/details/24965/hawkenbury-inn-weddings-and-private-parties,tonbridge,False,True,False,True,True,True
The Hungry Guest,West Malling,Restaurant with Private Room,http://www.thehungryguest.com,Small (1-50),No parking,No on-site catering,No on-site accommodation,"Nearby parking: Within 0 metres, Disabled toilets, Bar: Yes - Manned, WiFi",Booking Manager,info@thehungryguest.com,01798 342803,,,,,,"Pub / Restaurant Small (1-50) The Hungry Guest is available for all kinds of private parties and celebrations. Whether it be a birthday, christening, hen party, afternoon tea or even a wedding reception, we are a great venue for any occasion. A sit-down dinner, pizza party or prosecco and canapés, whatever your event, we can create a delicious menu for you and your guests. From family gatherings, corporate events, staff parties and reunions. we can seat up to 26 people for a dinner and 35 for a standing buffet, drinks reception or cocktail party. Simply email info@thehungryguest.com or speak to a member of the team and we can begin to help you plan your party, making it an event to remember.","High Street, West Malling, England, ME19 6NA",ME19 6NA,venues4hire.org,2026-09-03T10:05:52.940719,https://venues4hire.org/venue/details/33858/the-hungry-guest,maidstone,False,False,False,True,False,False
The Lighthouse Inn - Capel-le-Ferne,Capel,Restaurant with Private Room,,Large (1-300),Onsite parking,No on-site catering,Has onsite accommodation,"Onsite parking: 50 spaces, Disabled access, Disabled toilets, Tables: 5 round tables,, 8 rectangle tables, Seating: 65 chairs,, 5 benches, Bar: Yes - Fully stocked",Bookings Administrator,,01303 254080,,,,,,"When you stay at The Lighthouse Inn, you'll be within a 15-minute drive of Dover Museum and Dover Western Docks Ferry Terminal. You can grab a bite to eat at the restaurant or wind down at the end of the day with a drink from the bar/lounge. Also, this inn is within a short drive of Dover Castle.","Old Dover Road, Capel-le-Ferne, England, CT18 7HT",CT18 7HT,venues4hire.org,2026-09-03T10:05:55.585405,https://venues4hire.org/venue/details/34679/the-lighthouse-inn,folkestone,False,False,False,False,True,False
Tolgate Coffee,Rochester,Restaurant with Private Room,http://www.tolgatecoffee.co.uk,Small (1-50),No parking,Kitchen: Yes - Full - Facilities to prepare meal,No on-site accommodation,"Nearby parking: Within 100 metres, On-street parking, Disabled access, Kitchen: Yes - Full - Facilities to prepare meal, Tables: 6 rectangle tables, Seating: 20 chairs,, 4 benches, Cutlery, Crockery, WiFi, Tolgate Lounge",Margaret Wilson,,07873 524715,,,,,,Pub / Restaurant Small (1-50) An Artisan Coffee Shop available from 4pm to late.  We don't have a licence but we are happy for you to bring your own for a small fee (£2 for a bottle of wine),"7 Tolgate Lane, Rochester, England, ME2 4TG",ME2 4TG,venues4hire.org,2026-09-03T10:05:59.158907,https://venues4hire.org/venue/details/34113/tolgate-coffee,maidstone,False,False,False,False,False,False
Corpus Christi Hall,Maidstone,Restaurant with Private Room,,Medium (1-150),No parking,No on-site catering,No on-site accommodation,×,Bookings Administrator,,01622 670011,,,,,,"Pub / Restaurant Medium (1-150) The Maidstone Fraternity (Guild) of Corpus Christi was founded around 1324 by several inhabitants of the town. In 1422, John Hyssenden ‘a noble and venerable man’ gifted the brotherhood a collection of buildings at the bottom of Earl Street. These included a refectory, a chapel, three cloisters and the Hall, which would have been a centre of business in medieval Maidstone. Within 20 years, Henry VI granted the Guild a Charter of Incorporation which allowed them to own property. By 1474, there were 124 members of the Guild, of whom about 20 were women. Members included nobility, gentry and clergy of the neighbourhood, as well as the Lord Mayor of London. All members paid an annual sum, for the most part 1s 6d or 2s each, although those of higher rank contributed up to 6s 8d. Together with gifts and legacies, and an estate of lands and houses, the Guild look","Maidstone, Fairmeadow, Maidstone, Kent, ME14 1JP",ME14 1JP,venues4hire.org,2026-09-03T10:06:01.864094,https://venues4hire.org/venue/details/31575/corpus-christi-hall,maidstone,False,False,False,False,False,False
Crown Lodge,Hastingleigh,Restaurant with Private Room,http://crownlodgekent.co.uk/,Medium (1-150),No parking,No on-site catering,No on-site accommodation,,Bookings Administrator,,01233 813212,https://www.facebook.com/Plesk,,https://twitter.com/Plesk,https://www.linkedin.com/company/plesk,,"Pub / Restaurant Medium (1-150) Welcome to Crown Lodge. Overlooking beautiful views of Kent and Sussex from the Wye Downs, a peaceful rural location near Ashford in Kent. Inside and out Crown Lodge is the perfect place to hold a truly spectacular Wedding, Civil Ceremony or Event.","COLD HARBOUR ROAD, Hastingleigh, Kent, TN25 5HE",TN25 5HE,venues4hire.org,2026-09-03T10:06:02.722933,https://venues4hire.org/venue/details/31576/crown-lodge,ashford,False,False,False,True,False,False
George & Dragon,Tunbridge Wells,Restaurant with Private Room,,Medium (1-150),No parking,No on-site catering,No on-site accommodation,,Booking Manager,,01892 863125,https://www.facebook.com/GandDspeldhurst/,,,,,"Pub / Restaurant Medium (1-150) The George & Dragon in Speldhurst is a traditional 13th Century Inn with roaring log fires and dramatic oak beams. Ever striving to maintain standards and never compromising on the quality of ingredients the George & Dragon, Speldhurst remains the centre of village life while adding a touch of glamour to the countryside.","Speldhurst Hill, Tunbridge Wells, Kent, TN3 0NN",TN3 0NN,venues4hire.org,2026-09-03T10:06:03.580848,https://venues4hire.org/venue/details/27680/george-dragon,tunbridge-wells,False,False,False,False,False,False
Odo's Barn,Bilsington,Restaurant with Private Room,http://www.odosbarn.com/,Medium (1-150),No parking,No on-site catering,No on-site accommodation,"Odo's Barn, http://www.odosbarn.com/",Bookings Administrator,,01233 721748,,,,,,"Pub / Restaurant Medium (1-150) Odo’s Barn in Bilsington, near Ashford, Kent is a 15th century, beautifully restored tithe barn, set in the stunning Garden of England. Perfect for weddings, parties, functions and events, Odo’s Barn can accommodates up to 120 people but also lends itself to smaller, more intimate gatherings. We have a Civil Ceremonies licence and a licence to sell alcohol. Nestling above the Romney Marsh, Odo’s Barn is situated in the picturesque village of Bilsington and has magnificent and far reaching views. The perfect setting for any occasion. Guests can enjoy drinks and canapés on the large terrace adjacent to the medieval moat and overlooking fabulous views of the Romney Marsh, followed by a delicious reception in the elegant and beamed barn. There is plenty of parking for guests who are welcome to leave their cars overnight. Conveniently located 15 minutes from As","Court Lodge Farm, Bilsington, Kent, TN25 7JY",TN25 7JY,venues4hire.org,2026-09-03T10:06:12.188190,https://venues4hire.org/venue/details/25442/odos-barn,ashford,False,False,True,True,False,True
"Penny Theatre, Canterbury",Canterbury,Restaurant with Private Room,,Medium (1-150),No parking,No on-site catering,No on-site accommodation,,Bookings Administrator,,01227 812850,,,,,,"Pub / Restaurant Medium (1-150) The Penny Theatre is situated in the Northgate area of Canterbury. A favoured destination for students and like minded individuals it provides a fun and hectic energy to the normally sleepy Cathedral City. By day kick back with a stacked burger and surf the web with our free Wifi or watch the game on our big screen. By night the offer is eclectic and everyone should find an evening that suits there tastes from live DJs and bands, retro gaming or craft beer and cocktails. Become a campus hero, be a fan of The Penny!","30-31 Northgate, Northgate, Canterbury, Kent, CT1 1BL",CT1 1BL,venues4hire.org,2026-09-03T10:06:13.098062,https://venues4hire.org/venue/details/30524/penny-theatre-canterbury,canterbury,False,False,False,False,False,False
Rocksalt,Folkestone,Restaurant with Private Room,http://www.rocksaltfolkestone.co.uk/,Medium (1-150),No parking,No on-site catering,No on-site accommodation,,Bookings Administrator,info@rocksaltfolkestone.co.uk,,http://www.facebook.com/rocksaltfolkestone,https://www.instagram.com/rocksaltfolkestone/,,,,"Pub / Restaurant Medium (1-150) Rocksalt is totally gorgeous from every angle: I defy you to stride through its dark, wooded, curved exterior and find a table within that doesn't look straight on to the sea.","4-5 Fishmarket, Fish Market, Folkestone, Kent, CT19 6AA",CT19 6AA,venues4hire.org,2026-09-03T10:06:17.589213,https://venues4hire.org/venue/details/31593/rocksalt,folkestone,False,False,False,False,False,False
Smugglers Restaurant - Birchington-on-Sea,Birchington,Restaurant with Private Room,http://www.smugglersbirchington.co.uk/,Medium (1-150),No parking,No on-site catering,No on-site accommodation,,Bookings Administrator,enquiries@smugglersbirchington.co.uk,01843 841185,https://www.facebook.com/pages/The-Smugglers-Lounge-Bar-and-Restaurant/203507159689274,,,,,"Pub / Restaurant Medium (1-150) The Smugglers is a beautiful family-run Kentish restaurant, which offers its customers a unique blend of high quality dining hosted in a relaxed and comfortable environment. Situated in the picturesque seaside village of Birchington-on-Sea in Thanet, East Kent, The Smugglers is located in a 17th century grade II listed building and combines this history with a menu that blends delicious locally sourced ingredients, produced with an emphasis on taste and presentation. With the ancient surroundings as a backdrop, the restaurant provides a superb venue for small to medium size weddings, offering our usual high quality cuisine along with a service which will ensure that your wedding day will always be your special occasion.","212 Canterbury Road, Canterbury Road, Birchington-on-Sea, Kent, CT7 9AQ",CT7 9AQ,venues4hire.org,2026-09-03T10:06:20.240442,https://venues4hire.org/venue/details/25469/smugglers-restaurant,canterbury,False,False,False,True,False,False
The Abbots Fireside,Elham,Restaurant with Private Room,http://abbotsfireside.com/,Medium (1-150),No parking,No on-site catering,No on-site accommodation,,Bookings Administrator,,01303 840566,,,,,,"Pub / Restaurant Medium (1-150) Eric & Helen Gaskell reopened The Abbot's Fireside on the 3rd December 2015.  All of our letting rooms are fully operational and can provide full cooked breakfasts and light lunches.  The main restaurant will be offering a fine-dining experience from mid February 2016.  Our well stocked bar is now open and we welcome non-residents to join us too. Eric & Helen also run The Duke of Cumberland in the neighbouring village of Barham,  the newly opened Gatekeeper in Etchinghill and The Jackdaw in Denton.  All three pubs are within a ten minute drive and offer a full restaurant and bar service. The Abbot's Fireside, surrounded by breathtaking countryside, has seven delightful bedrooms all named after the well-known or local people relating to the history of this ancient building. The Duke of Wellington used the hotel as his headquarters whilst preparing his battl","High Street, Elham, Kent, CT4 6TD",CT4 6TD,venues4hire.org,2026-09-03T10:06:21.095047,https://venues4hire.org/venue/details/25478/the-abbots-fireside,canterbury,False,False,False,False,False,True
The Barn,Royal Tunbridge Wells,Restaurant with Private Room,http://www.barn-pub-rest.co.uk/,Medium (1-150),No parking,No on-site catering,No on-site accommodation,×,Bookings Administrator,,01892 510424,https://www.facebook.com/TheBarnTwells/,https://www.instagram.com/thebarntwells/,https://twitter.com/TheBarnTWells,,,"Pub / Restaurant Medium (1-150) In addition to the excellent food and drink at great value prices, at The Barn, Tunbridge Wells, we are proud of our very friendly staff, which combined with the ‘barn’ character setting and decor makes us a special place for a meal in our lovely air conditioned Grill restaurant, or a drink and snack in our air conditioned bar and conservatory. Enjoy a drink or snack in our delightful garden, sunny during the day, heated for those cooler days and beautifully illuminated by night. FREE Wi-Fi is available in all areas. On evenings and weekends there is lots of FREE parking available adjacent to the premises. Check out our Special Offers and Promotions page for some fantastic offers!","1 Lonsdale Gardens, Lonsdale Gardens, Royal Tunbridge Wells, Kent, TN1 1NU",TN1 1NU,venues4hire.org,2026-09-03T10:06:22.894067,https://venues4hire.org/venue/details/25383/the-barn,tunbridge-wells,False,False,True,False,True,False
Whitstable Castle & Gardens,Whitstable,Wedding Venue,http://whitstablecastle.co.uk/,Medium (1-150),Onsite parking,Kitchen: Yes - Professional (manned),No on-site accommodation,"Onsite parking: 30 spaces, Disabled access, Disabled toilets, Lift, Kitchen: Yes - Professional (manned), Cutlery, Crockery, Bar: Yes - Manned, WiFi, Projector, Projector screen",Booking Administrator,,01227 281726,https://www.facebook.com/whitstablecastle,https://www.instagram.com/whitstablecastleofficial,,,,"Weddings Our largest room, The Mallandain, is licensed for civil weddings/partnerships and will seat up to 70 people for a ceremony. You can take your vows in front of the fireplace or in front of the window overlooking the gardens, either location gives a great opportunity for photographs. Business Conference Facilities Whitstable Castle now offers business conferencing and meeting facilities. All rooms have WI-FI access, screens & projectors and we also have a screen to TV facility available. We have large rooms with additional break-out rooms if required and the ability to offer catering on a large or small basis.","Whitstable Castle & Gardens, Tower Hill, Whitstable, Kent, CT5 2BW",CT5 2BW,venues4hire.org,2026-09-03T10:06:26.075278,https://venues4hire.org/venue/details/14408/whitstable-castle-gardens,canterbury,False,False,True,True,True,False
Allington Castle - Marquee Venue,Kent,Wedding Venue,,Medium (1-150),No parking,No on-site catering,No on-site accommodation,,Bookings Administrator,,07817 472259,,,,,,"Castle Medium (1-150) Allington Castle is indeed one of Kent's best kept secrets. Nestled in 42 acres next to the river Medway near Maidstone, the Castle dates back to Medieval times and is surrounded by a moat. A large lake split by a Causeway leads up to the Castle entrance. The Castle is also surrounded by beautifully restored gardens featuring ornamental ponds & fountains, Italian gardens, Lavender walk, rose arbor with temple & walled Tiltyard garden. The Castle interiors are fully furnished and in character with its Medieval origins, with Tapestries, antique furniture & Great Hall in whom Henry VIII & Anne Boleyn dinned with Sir Thomas Wyatt around 1530.","near Maidstone, Maidstone, Kent, ME16 0NB",ME16 0NB,venues4hire.org,2026-09-03T10:06:26.992918,https://venues4hire.org/venue/details/25389/allington-castle-marquee-venue,maidstone,False,False,True,False,False,False
House of Agnes,Canterbury,Wedding Venue,http://www.houseofagnes.co.uk/,Medium (1-150),No parking,No on-site catering,No on-site accommodation,,Bookings Administrator,info@houseofagnes.co.uk,,https://www.facebook.com/houseofagnes,https://www.instagram.com/house_of_agnes/,https://twitter.com/HouseofAgnes,,,"Castle Medium (1-150) Weddings & Events Our garden terrace when set-up with marquee* can accommodate up to 90 seated guests and up to100 in the evening. A number of catering and drink packages are available, ranging from buffets to formal dining.  We are well versed in catering to all specific requirements, guaranteeing exclusive use of our facilities and ensuring your experience is one that will be cherished.","House of Agnes, 71 St Dunstans Street, Canterbury, Kent, CT2 8BN",CT2 8BN,venues4hire.org,2026-09-03T10:06:29.698166,https://venues4hire.org/venue/details/14263/house-of-agnes,canterbury,False,False,True,True,False,False
Leeds Castle Maidstone,Broomfield,Wedding Venue,http://www.leeds-castle.com/Weddings/Packages+%26+Menus,Small (1-50),No parking,No on-site catering,No on-site accommodation,,Bookings Administrator,,00162 276540,,,,,,"Castle Small (1-50) Rising majestically from the still waters of its moat, surrounded by 500 acres of parkland and gardens, Leeds Castle is one of the most beautiful wedding venues in Kent. A range of wedding packages are available to create your perfect day. The Castle provides the perfect setting for your ceremony for up to 100 guests.","Main Street, Broomfield, Kent, ME17 1PL",ME17 1PL,venues4hire.org,2026-09-03T10:06:30.563968,https://venues4hire.org/venue/details/9484/leeds-castle-maidstone,maidstone,False,False,True,True,False,False
Tonbridge Castle,Tonbridge,Wedding Venue,,Large (1-300),No parking,No on-site catering,No on-site accommodation,,Bookings Administrator,,01732 770929,,,,,,Castle Large (1-300) Tonbridge Castle Reputedly England's finest example of a Motte and Bailey Castle with a splendid 13th Century Gatehouse.,"Castle Street, Tonbridge, Kent, TN9 1BG",TN9 1BG,venues4hire.org,2026-09-03T10:06:33.239992,https://venues4hire.org/venue/details/25574/tonbridge-castle,tonbridge,False,False,False,False,False,False
The Historic Dockyard Chatham,Chatham,Conference Venue,,Large (1-300),Onsite parking,No on-site catering,No on-site accommodation,"Onsite parking: 1000 spaces, Nearby parking: Within 0 metres, Disabled access, Disabled toilets, Bar: Yes - Fully stocked, WiFi, Projector, Projector screen, PA system",Bookings Administrator,,01634 823846,,,,,,"Weddings The Ballroom and Sunne Room, both beautiful light airy rooms overlooking the gardens, are ideal for the intimate and larger wedding ceremony alike. Each room has a different ambience and the layout and seating can be arranged to suit your individual needs. Business Meetings We combine all you would expect from a superior venue, with something extra, something memorable, something that will inspire. We have a number of options for you to choose from depending on the size of your event.","The Historic Dockyard, Main Gate Road, Chatham, Medway, ME4 4TZ",ME4 4TZ,venues4hire.org,2026-09-03T10:06:38.128276,https://venues4hire.org/venue/details/14032/the-historic-dockyard-chatham,maidstone,False,False,True,True,True,False
Braid Farm - Marquee Venue,Kent,Party Venue,http://www.braidfarmholidays.co.uk/,Medium (1-150),No parking,No on-site catering,No on-site accommodation,,Booking Administrator,,01233 771982,,,,,,"Marquee Venue Medium (1-150) If you're looking to get away and have a nice quiet relaxing holiday this year, why not visit Braid Farm located in rural countryside in the heart of Kent, boasting 18 acres of fields, paddocks and woods including a fishing lake and two ornimental lakes. On-Site Caravan Hire Caravan & Camping Site Weddings Venue Fishing Ideally suited within driving distance of local Kent attractions and with our pet Wallaby's offering a wealth of entertainment, Braid Farm is the perfect Self Catering Kent Holiday spot you've been looking for.","Burnthouse Lane, Smarden, Kent, TN27 8PT",TN27 8PT,venues4hire.org,2026-09-03T10:06:40.418092,https://venues4hire.org/venue/details/24754/braid-farm-marquee-venue,ashford,False,False,True,True,False,False
"Eridge Park Estate - Festivals, Weddings, Sporting Events , Location Shoots & Outdoor Events - Eridge, Tunbridge Wells",Kent,Party Venue,http://eridgepark.co.uk/,Extra Large (300+),Onsite parking,No on-site catering,No on-site accommodation,"Onsite parking: 400 spaces, Disabled access",Event Coordinator,admin@nevillestate.co.uk,,,,,,,"Eridge Park is a beautiful country estate on the border of Kent and Sussex, just two miles south of Tunbridge Wells in the heart of the stunning High Weald countryside. With extensive facilities set in 3,000 acres of glorious private parkland, Eridge Park is the perfect setting for weddings, private parties, corporate events, open-air concerts, country pursuits, game and country fairs, sporting competitions and camping. It also provides a stunning location for films and photo shoots, plus the Estate offers a variety of commercial and residential properties for rent – all just a 50-minute train journey from London.","Eridge Park Estate, Eridge Green, Eridge, Tunbridge Wells, England, TN3 9JT",TN3 9JT,venues4hire.org,2026-09-03T10:06:45.878988,https://venues4hire.org/venue/details/25617/eridge-park-estate-festivals-weddings-sporting-events-location-shoots-outdoor-events,tunbridge-wells,False,False,False,True,True,False
Marleybrook House,Canterbury,Party Venue,http://www.marleybrookhouse.co.uk/,Extra Large (300+),No parking,No on-site catering,No on-site accommodation,,Bookings Administrator,info@marleybrookhouse.co.uk,01227 668661,https://www.facebook.com/Marleybrookhouse,https://www.instagram.com/marleybrookhouse/?hl=en,,,https://www.tiktok.com/@marleybrookhouse,"Marleybrook House is a beautifully unique wedding venue set in the quaint village of Preston, Canterbury. The venue is centred around a stunning 17th Century thatched farmhouse. The house, former home to the legendary international singer, actress and cabaret star Eartha Kitt, is the perfect backdrop for some stunning photo opportunities and the extending nine acres of surrounding countryside grounds will leave any photographer feeling spoilt for choice. Create your perfect, bespoke wedding and entertain your guests with our Fairground, a whimsical wonderland of fun and excitement that your guests will be talking about for years to come. Enjoy an array of exhilarating rides, stalls and our quintessential indoor beach, creating an authentic and vintage charm for your special day. The immaculate venue paired with our trusted and highly skilled coordination team truly make the venue perfect","Stourmouth Road, Canterbury, Kent, CT3 1HP",CT3 1HP,venues4hire.org,2026-09-03T10:06:50.420777,https://venues4hire.org/venue/details/25380/marleybrook-house,canterbury,False,False,True,True,False,False
Richard Streatfeild,Edenbridge,Party Venue,http://www.hoathhouse.com,Large (1-300),Onsite parking,Kitchen: Yes - Full - Facilities to prepare meal,Has onsite accommodation,"Onsite parking: 40 spaces, Kitchen: Yes - Full - Facilities to prepare meal, Tables: 7 rectangle tables, Seating: 50 chairs, Cutlery, Crockery, WiFi, PA system",Bookings Administrator,,07973 842139,,,,,,"Weddings Hoath House has a ceremony licence which gives you great flexibility. You can make use of  either of the conjoined rooms or both, The Old Library and the The Drawing Room. The Drawing Room area is an intimate venue for a smaller wedding. Holidays Events and Receptions Hoath House is a unique venue for your holiday, wedding reception or family event.  With four large reception rooms it can comfortably accommodate up to 100 and 180 if you want to put a marquee on the lawn.","Hoath House, Chi, Chiddingstone Hoath, Edenbridge, Kent, TN8 7DB",TN8 7DB,venues4hire.org,2026-09-03T10:06:52.212609,https://venues4hire.org/venue/details/13979/richard-streatfeild,tonbridge,False,False,True,True,True,False
Riverview Manor - Marquee Venue,Kent,Party Venue,http://riverviewmanor.co.uk/,Large (1-300),onsite parking etc.,The great additional feature is that you can choose your  own caterers and drink suppliers.,No on-site accommodation,"Onsite parking: 120 spaces, Nearby parking: Within 10 metres, Disabled access, Tables: 40 round tables,, 5 rectangle tables, Seating: 400 chairs, Staging, Projector, Projector screen, PA system",Saf,info@riverviewmanor.co.uk,07984 123614,https://www.facebook.com/theriverviewmanor/,,http://twitter.com/riverviewuk,,,"Riverview Manor is a unique wedding venue which offers a beautiful marquee within its 6 acres of land next to the River Medway. It has great views all round. The great additional feature is that you can choose your  own caterers and drink suppliers. The Marquee includes chandelier lighting, hard carpeted floor, stage, table and chairs, luxury toilets, red carpet entrance under a pagoda, free onsite parking etc. You can come in a day earlier with family and friends to decorate and add your personal touch. Why not pop round for a no obligation viewing? Give us a try, you will not disappointed.","Riverview Manor, Wouldham Road, Rochester, Kent, ME1 3TL",ME1 3TL,venues4hire.org,2026-09-03T10:06:53.151062,https://venues4hire.org/venue/details/26309/riverview-manor-marquee-venue,maidstone,False,False,True,True,True,False
The Night Yard,Bridge,Party Venue,http://www.thenightyard.com/,Medium (1-150),Onsite parking,"We have left the choice of catering and have provided a list of Hand Picked Caterers to chose from, giving you plenty of flexibility",No on-site accommodation,"Onsite parking: 75 spaces, Nearby parking: Within 5 metres, Disabled access, Disabled toilets, Tables: 12 round tables,, 24 rectangle tables, Seating: 140 chairs, Bar: Yes - Fully stocked, WiFi, Projector, Projector screen, PA system",Venue Events Team,info@thenightyard.com,01227 832116,https://www.facebook.com/thenightyard,https://www.instagram.com/thenightyard/,,,,"So you want unique, a place where you can express yourself and where your wishes and desires will be completely understood and realised. You will have the freedom, the advice and the magic beyond your expectations in The Night Yard. This diamond cushioned in the beauty of rural Kent was designed and restored to include all of the essentials you need to make it Your Day. We have left the choice of catering and have provided a list of Hand Picked Caterers to chose from, giving you plenty of flexibility.  We leave the choice of decorations and entertainment up to you so that you and your partners personalities can shine through. Facilities and capacity Allowing you to decide on the level of formality, size and style, The Night Yard have plenty space for 140 seated guests in their marquee. They can also manage an additional 100 guests in the evening.  Our lawned quadrangle and marquee provid","Highland Court Farm, Bridge, England, CT4 5HW",CT4 5HW,venues4hire.org,2026-09-03T10:06:54.932578,https://venues4hire.org/venue/details/25514/the-night-yard,canterbury,False,False,True,False,True,False
THE WEALD OF KENT - Marquee Venue,Kent,Party Venue,http://www.weald-of-kent.co.uk/,Medium (1-150),No parking,No on-site catering,No on-site accommodation,,Booking administrator,jm.bayley@live.co.uk,01622 891671,https://www.facebook.com/WealdOfKent/,https://www.instagram.com/wealdofkent,,,,"Marquee Venue Medium (1-150) The Weald of Kent is a beautifully maintained 18 hole parkland golf course and hotel set in rolling Kent countryside with far reaching views, just a short drive from Maidstone & Ashford. With many elevations, lakes and hazards the golf course is designed to challenge the most confident of players, but the well-maintained and wide fairways are forgiving to the golfing beginner too. The course suits all levels of play and is open all year round to members, visitors and hotel residents.","Maidstone Road, Headcorn, Kent, TN27 9PT",TN27 9PT,venues4hire.org,2026-09-03T10:06:55.848066,https://venues4hire.org/venue/details/24998/the-weald-of-kent-marquee-venue,ashford,False,False,True,False,False,False
Wise Wedding Venue,Tonbridge,Party Venue,http://www.wiseweddingvenue.co.uk/,Medium (1-150),Onsite parking,Kitchen: Yes - Medium - basic food preparation,Has onsite accommodation,"Onsite parking: 100 spaces, Disabled access, Kitchen: Yes - Medium - basic food preparation, Tables: 15 round tables,, 25 rectangle tables, Seating: 150 chairs, Bar: Yes - Fully stocked, Staging, PA system, Traditional marquee",sam,info@wiseweddingvenue.co.uk,07876 701685,https://www.facebook.com/wiseweddingvenue,https://www.instagram.com/wiseweddingvenue?igsh=M3JzN250M29yMDhk&utm_source=qr,,,,"Wise Wedding Venue is a delightful woodland hide away offering an unusual and unique location for your special day. The venue is set within ten acres of mature oak, silver birch and hazel with a variety of open clearings and picturesque lakes and a fabulous treehouse to relax within and gaze upon the days festivities. Alongside everything that you would expect from an outdoor wedding venue we also offer a range of more quirky additions. You can drift away in one of our suspended sofas, levitate on the seesaw armchairs or stroll through a labyrinth of illuminated pathways and discover a variety of lighting installations that only come to life once the sun goes down.","Whetsted Farm, Five Oak Green, Tonbridge, Kent, TN12 6SG",TN12 6SG,venues4hire.org,2026-09-03T10:06:56.723114,https://venues4hire.org/venue/details/22205/wise-wedding-venue,tonbridge,False,False,True,True,True,False
Acacia Hall - Marquee Venue,Kent,Party Venue,http://www.acaciahall.co.uk/,Small (1-50),No parking,No on-site catering,No on-site accommodation,×,Bookings Administrator,,01322 282052,,,,,,"Marquee Venue Small (1-50) Set in 30 acres, Acacia offers a leisure, business and social complex comprising of a Grade II listed mansion house, large function hall, ballroom, bar and luxury marquee. The grounds also house a multi-purpose sports centre complete with a dance studio and sports fields. Acacia is located at the heart of the historic town of Dartford, accessible from the M25 and A2 and is close to many local hotels. Dartford Borough Council is currently in negotiation with a new contractor to run the facilities on our behalf, at Acacia Hall.","High Street, Dartford, Kent, DA1 1DJ",DA1 1DJ,venues4hire.org,2026-09-03T10:06:59.017236,https://venues4hire.org/venue/details/24729/acacia-hall-marquee-venue,dartford,False,False,True,False,False,False
Bilsington Priory - Marquee Venue,Kent,Party Venue,http://bilsingtonpriory.co.uk/c,Medium (1-150),No parking,No on-site catering,No on-site accommodation,,Bookings Administrator,enquiries@bilsingtonpriory.co.uk,01233 720992,https://www.facebook.com/Bilsingtonprioryestate/,https://www.instagram.com/bilsingtonpriory/,,,,"Marquee Venue Medium (1-150) Judges described St Augustine’s Priory as a stunning venue with a real WOW Factor, commenting that any bride would feel really special in this impressive setting steeped in history. A beautiful space to marry in, a dedicated team to look after you and sumptuous menu choices.","Priory Road, Ashford, Kent, TN25 7AU",TN25 7AU,venues4hire.org,2026-09-03T10:06:59.924386,https://venues4hire.org/venue/details/26291/bilsington-priory-marquee-venue,ashford,False,False,True,False,False,False
Boughton Monchelsea Place,Kent,Party Venue,http://www.boughtonplace.co.uk/,Medium (1-150),No parking,No on-site catering,No on-site accommodation,,Bookings Administrator,mk@boughtonplace.co.uk,01622 743120,,,,,,"Marquee Venue Medium (1-150) Boughton Monchelsea Place is an exquisite venue which may be hired throughout the year. This beautiful 16th century manor house enjoys perhaps the best view in Kent, looking down over its own deer park and some 15 miles of unspoilt countryside. The house is privately owned and is still used as a family home. This helps to give a special atmosphere of intimacy to any event. Boughton Monchelsea Place is available for many different uses, ranging from corporate events to weddings, conferences, fairs, guided tours and film shoots. We schedule a small number of public events during the year. At all other times, Boughton Monchelsea Place is closed to the general public, so if you hire this venue, you are guaranteed exclusive use for your special event.","Church Hill, Boughton Monchelsea, Kent, ME17 4BU",ME17 4BU,venues4hire.org,2026-09-03T10:07:00.827557,https://venues4hire.org/venue/details/24752/boughton-monchelsea-place-marquee-venue,maidstone,False,False,True,True,False,False
Bradbourne House - Marquee Venue,Kent,Party Venue,http://www.bradbournehousekent.co.uk/,Medium (1-150),No parking,No on-site catering,No on-site accommodation,,Bookings Administrator,enquiries@bradbournehousekent.co.uk,01732 897436,https://www.facebook.com/BradbourneHouseKent/,https://www.instagram.com/bradbournehouse/,,,,"Marquee Venue Medium (1-150) We are delighted to say that you are about to discover this elegant jewel of a venue in Kent, that is … Bradbourne House. Set in 20 acres of beautiful parkland complete with lake and ancient trees, this Grade I listed building, which was originally built in Tudor times, feels as though it was purpose built to stage events such as elegant weddings, private celebrations such as Birthday and Anniversary parties along with fine dining corporate events. Imagine owning your very own country manor and inviting all your family and friends, clients or staff to join you for a day of elegance and splendour. This is what awaits you when you have your event at Bradbourne House. We offer you exclusive use of our truly stunning venue along with exquisite culinary delights and planning partner to guide and assist you.","New Rd, East Malling, Kent, ME19 6DZ",ME19 6DZ,venues4hire.org,2026-09-03T10:07:01.729615,https://venues4hire.org/venue/details/24753/bradbourne-house-marquee-venue,maidstone,False,False,True,True,False,False
Chafford Park - Marquee Venue,Kent,Party Venue,http://chaffordpark.co.uk/,Medium (1-150),No parking,No on-site catering,No on-site accommodation,,Bookings Administrator,,01892 740222,,,,,,"Marquee Venue Medium (1-150) Chafford Park is located on the Kent and Sussex borders just off the A264, between Tunbridge Wells and East Grinstead. The estate is situated within a beautiful countryside setting, with rolling hills and farms as far as the eye can see.","Ashurst, Chafford Lane, Fordcombe, Kent, TN3 9UR",TN3 9UR,venues4hire.org,2026-09-03T10:07:02.639108,https://venues4hire.org/venue/details/25837/chafford-park-marquee-venue,tunbridge-wells,False,False,True,False,False,False
Chiddingstone Castle,Kent,Party Venue,http://www.chiddingstonecastle.org.uk/,Medium (1-150),No parking,No on-site catering,No on-site accommodation,,Bookings Administrator,,01892 870347,,,,,,Marquee Venue Medium (1-150) Chiddingstone Castle is an impressive Historic House filled with exotic treasures in an idyllic country setting - home of the late antiquarian Denys Bower and formerly the Streatfeild family since the 17th Century - now a visitor attraction and an award-winning wedding venue.,"Hill Hoath Road, Chiddingstone, Kent, TN8 7AD",TN8 7AD,venues4hire.org,2026-09-03T10:07:03.542884,https://venues4hire.org/venue/details/25073/chiddingstone-castle-marquee-venue,tonbridge,False,False,True,True,False,False
Chilston Park Hotel - Marquee Venue,Kent,Party Venue,http://www.handpickedhotels.co.uk,Medium (1-150),No parking,No on-site catering,No on-site accommodation,,Bookings Administrator,,08450 727426,,,,,,"Marquee Venue Medium (1-150) Set in a 17th-century manor and adjacent mews on 22 acres of parkland, this upscale country house hotel is 6.2 miles from the M20 motorway and 10.3 miles from Maidstone. The elegant rooms are individually styled, and some feature original architectural details such as beamed ceilings. Suites have luxurious antique furniture, plush fabrics and period fireplaces, plus scenic views and extra living space. All come with free WiFi, flat-screen TVs, and DVD players, while in-room gym and yoga equipment is also available. Breakfast is included, and there's also a fine-dining restaurant and an elegant lounge serving afternoon tea.","Boughton Road, Sandway, Maidstone, Kent, ME17 2BE",ME17 2BE,venues4hire.org,2026-09-03T10:07:04.461826,https://venues4hire.org/venue/details/25386/chilston-park-hotel-marquee-venue,maidstone,False,False,True,False,False,False
Detling Village Hall - Marquee Venue,Kent,Party Venue,http://www.detlingvillagehall.co.uk/,Medium (1-150),No parking,No on-site catering,No on-site accommodation,,Bookings Administrator,penny@detlingvillagehall.co.uk,01622 730667,,,,,,Marquee Venue Medium (1-150) This is your portal to everything you need to know to start enjoying the Village Hall. If you’d like to find out more about the facilities available at the hall why not take a look at our facilities page or drop us an email on penny@detlingvillagehall.co.uk . Or why not take a look at the gallery page to view some pictures of the hall and Detling Village.,"Maidstone, Maidstone, Kent, ME14 3EY",ME14 3EY,venues4hire.org,2026-09-03T10:07:05.322720,https://venues4hire.org/venue/details/26221/detling-village-hall-marquee-venue,maidstone,False,False,True,False,False,False
Devil's Kneading Trough - Marquee Venue,Kent,Party Venue,http://www.kentdowns.org.uk/40-places/devils-kneading-trough,Medium (1-150),No parking,No on-site catering,No on-site accommodation,,Bookings Administrator,,01303 815170,,,,,,"Marquee Venue Medium (1-150) Enjoy stunning views from this dramatic site over the Romney Marsh and Weald and out to the English Channel. Why not have a picnic, fly a kite or enjoy the wealth of wildlife and catch a glimpse of rare species of orchid and butterfly. The Devil's Kneading Trough is part of the Wye National Nature Reserve owned and managed by Natural England. The chalk grassland is renowned for the range of orchids it supports; 21 species have been recorded at the site including lady orchid, fly orchid and the rare late and early spider orchid and man orchid.The dramatic coombe is managed for wildlife by grazing by White Park cattle. This helps to maintain the grassland in such a way as to create an ideal habitat for many insect and flower species species. As well as grassland the reserve includes areas of scrub, woodland and over 3.5 km of hedgerows. These habitats support a","Wye Downs, Hastingleigh, Kent, TN25 5HE",TN25 5HE,venues4hire.org,2026-09-03T10:07:06.204088,https://venues4hire.org/venue/details/26290/devils-kneading-trough-marquee-venue,ashford,False,False,True,False,False,False
Eastwell Manor - Marque Venue,Kent,Party Venue,https://www.champneys.com/hotels/eastwell-manor/,Medium (1-150),No parking,No on-site catering,No on-site accommodation,,Bookings Administrator,reservations@eastwellmanor.co.uk,03432 241700,https://www.facebook.com/ChampneysResorts,https://www.instagram.com/champneysspas/,,,https://www.tiktok.com/@champneysspas?,"Marquee Venue Medium (1-150) A luxury spa hotel in Kent, Eastwell Manor is a picture-perfect countryside break in the heart of the Garden of England. Home to traditional afternoon tea, a fairy tale wedding venue, a Champneys spa, inspiring meeting spaces and an award-winning restaurant, our speciality is special occasions and helping you celebrate in style. Escape to the Champneys spa for a moment of peace. We'll soothe you back to your best with health and beauty treatments, access to the indoor and outdoor 20-metre heated swimming pools, whirl pool, steam room, sauna, and relaxation beds. Other leisure facilities include a 3000 square foot gym, scenic nature trails and guided walks. Plus, a petanque court and croquet lawn are all available to you.","Eastwell Park, Boughton Lees, Ashford, Kent, TN25 4HR",TN25 4HR,venues4hire.org,2026-09-03T10:07:07.133328,https://venues4hire.org/venue/details/25482/eastwell-manor-marque-venue,ashford,False,False,True,True,False,False
Elvey Farm Country Hotel - Marquee Venue,Kent,Party Venue,,Medium (1-150),No parking,No on-site catering,No on-site accommodation,,Bookings Administrator,,01233 840442,,,,,,"Marquee Venue Medium (1-150) Set in a converted medieval oast house, stable, granary and barn, this luxe farmstead guesthouse in a rural setting is 9.1 miles from Ashford and 9.2 miles from Leeds Castle. The rustic-chic rooms feature original architectural details including exposed stone walls, vaulted ceilings and wooden beams. All have TVs, DVD players and free WiFi, and tea and coffeemaking facilities. Suites add separate living rooms and balconies/terraces, while 1 has a private garden with a hot tub.","Elvey Lane, Pluckley, Ashford, Kent, TN27 0SU",TN27 0SU,venues4hire.org,2026-09-03T10:07:08.940988,https://venues4hire.org/venue/details/25446/elvey-farm-country-hotel-marquee-venue,ashford,False,False,True,False,False,False
Falconhurst - Marquee Venue,Kent,Party Venue,http://www.falconhurst.co.uk/,Medium (1-150),No parking,No on-site catering,No on-site accommodation,,Bookings Administrator,,,https://www.facebook.com/falconhurst1852,https://www.instagram.com/falconhurstestate/,,,,"Marquee Venue Medium (1-150) Falconhurst is the place to go for that perfect wedding venue, film shoot, country cottage or small business set up. The main house on the estate with extensive romantic gardens and historic grounds is available to hire for personalised marquee weddings, music events and film shoot locations together with accommodation in the house or at our holiday cottage in the woods nearby.","Edenbridge, Markbeech, Kent, TN8 5NR",TN8 5NR,venues4hire.org,2026-09-03T10:07:09.841322,https://venues4hire.org/venue/details/26378/falconhurst-marquee-venue,tonbridge,False,False,True,True,False,True
Four Elms Cricket Club,Kent,Party Venue,http://www.fourelmscricketclub.co.uk/,Medium (1-150),No parking,No on-site catering,No on-site accommodation,,Bookings Administrator,info@fourelmscricketclub.co.uk,,https://www.facebook.com/FourElmsCC/,https://www.instagram.com/fourelmscricketclub/,https://twitter.com/FourElmsCC,,,"Marquee Venue Medium (1-150) The picturesque village ground of Four Elms nestles beneath the North Downs, one and a half miles from two of the most historic attractions in England, Sir Winston Churchill's house, Chartwell and Henry VIII’s wife, Anne Boleyn's home, Hever Castle. We currently run two sides on a Saturday playing in the Kent Village League, one on a Sunday, an occasional midweek XI and a flourishing junior section. If you would like to join Four Elms Cricket Club either as a playing or non-playing member and enjoy, as we currently do!, the sound of leather on willow, the natural beauty of the surrounding countryside, quality teas and a friendly atmosphere, then please get in touch or better still pop in the pavilion for a chat and a pint during a game, we’ll be pleased to meet you and discuss the club and membership details. Membership forms can be found on the membership pa","Bough Beech Road, Four Elms, Kent, TN8 6NE",TN8 6NE,venues4hire.org,2026-09-03T10:07:10.779347,https://venues4hire.org/venue/details/26295/four-elms-cricket-club-marquee-venue,tonbridge,False,False,True,False,False,False
Hever Castle & Gardens,Kent,Party Venue,http://www.hevercastle.co.uk/,Medium (1-150),No parking,No on-site catering,No on-site accommodation,,Bookings Administrator,info@hevercastle.co.uk,01732 865224,https://www.facebook.com/hevercastle,https://instagram.com/hever_castle/,https://twitter.com/hevercastle,,https://www.tiktok.com/@hevercastle,"Marquee Venue Medium (1-150) Hever Castle is an important historic castle on the English landscape, once the family home of one of England’s most famous Queens – Anne Boleyn, the intriguing second wife of Henry VIII and mother of Elizabeth I. The castle is a romantic double moated 13th century castle which houses historic 16th century portraits, paintings, furniture, tapestries and treasures. Comprehensive information on the history of Hever Castle can be found in the guide book and audio tours are available from the Hever Shop, Visitor Centre or castle entrance. Visitors can explore the magnificent gardens for all seasons which include Italian, Rose and Tudor gardens, topiary, yew maze and splashing water maze, or take a stroll around the informal areas of Sunday Walk and Anne Boleyn’s Walk. Hever hosts a number of special events throughout the season including gardening events with the","Hever Castle, Stable Flats, Hever, Kent, TN8 7NG",TN8 7NG,venues4hire.org,2026-09-03T10:07:13.452919,https://venues4hire.org/venue/details/25639/hever-castle-gardens-marquee-venue,tonbridge,False,False,True,False,False,False
Hilton Dartford Bridge Hotel,Kent,Party Venue,http://www.hilton.com,Medium (1-150),No parking,No on-site catering,No on-site accommodation,×,Bookings Administrator,,01322 284444,,,,,,"Marquee Venue Medium (1-150) Next to the Queen Elizabeth II bridge over the River Thames, this modern hotel is 1.1 miles from Stone Crossing train station and 2 miles from the Bluewater shopping mall. Bright rooms come with flat-screen TVs and Wi-Fi (fee), as well as work desks with ergonomic chairs, and tea and coffeemaking equipment. Upgraded rooms add iPod docks and complimentary wine. Suites come with separate living areas. There's a restaurant with bridge views, a relaxed bar, and a lounge offering coffee drinks and snacks. Other amenities include an indoor pool and a fitness room, as well as a business centre and 8 meeting rooms","Masthead Cl, Dartford, Kent, DA2 6QF",DA2 6QF,venues4hire.org,2026-09-03T10:07:14.300122,https://venues4hire.org/venue/details/24779/hilton-dartford-bridge-hotel-marquee-venue,dartford,False,False,True,False,False,False
Hoath House - Marquee Venue,Kent,Party Venue,http://hoathhouse.com/,Medium (1-150),No parking,No on-site catering,No on-site accommodation,,Bookings Administrator,,07973 842139,,,,,,"Marquee Venue Medium (1-150) Located on the High Weald Area of Outstanding Natural Beauty, Hoath House sits overlooking the border between Kent and Sussex.   It is the perfect setting for a large family or group event; be it a wedding, a party or a holiday.  Hoath House and the Tudor Wing if taken together  can sleep 43 in fifteen rooms.  Hoath house offers seven double  bed rooms, of which four will comfortably fit a family, three can be made into twin rooms at your convenience, six are en-suite. There is a snug that can be turned into an eighth room.  You can come and stay, have an away day,  throw a party, get married and have a party afterwards, or you can just come to relax in the six acre gardens at the top of the garden of England.  Whatever you want to use Hoath House for our aim is to make it your stay and your day. Hoath House is walking distance from five country pubs,  fiftee","Chiddingstone Hoath, Chiddingstone Hoath, Kent, TN8 7DB",TN8 7DB,venues4hire.org,2026-09-03T10:07:15.216373,https://venues4hire.org/venue/details/24974/hoath-house-marquee-venue,tonbridge,False,False,True,True,False,True
House of Agnes - Marquee Venue,Kent,Party Venue,http://www.houseofagnes.co.uk/,Medium (1-150),No parking,No on-site catering,"The modern en-suite bedrooms, all with the same amenities as in the main house,  boast a sleek interior design enhanced with intere",,Bookings Administrator,info@houseofagnes.co.uk,01227 472185,https://www.facebook.com/houseofagnes,https://www.instagram.com/house_of_agnes/,https://twitter.com/HouseofAgnes,,,"Marquee Venue Medium (1-150) The House of Agnes dates back to the 15th Century. It was referred to by name in Charles Dickens’ novel ‘David Copperfield’ as the House of Agnes Wickfield who eventually became David’s second wife. Centrally located, this beautiful Bed and Breakfast has the largest walled garden in Canterbury and free off-road parking. Only 200m from Canterbury West train station and a short walk from the Cathedral, the Marlowe Theatre, restaurants and shops, the main-house has eight boutique-style rooms individually themed on great cities of the world. All are stylishly furnished and with an abundance of amenities including flat-screen TV, DVD player, free Wi-Fi, hairdryer and a well stocked beverage tray. The site of the 15th Century stables has undergone an impressive rebirth and now provides a further eight bedrooms.  The modern en-suite bedrooms, all with the same ameni","71 St Dunstans Street, Saint Dunstans Street, Canterbury, Kent, CT2 8BN",CT2 8BN,venues4hire.org,2026-09-03T10:07:16.104412,https://venues4hire.org/venue/details/25584/house-of-agnes-marquee-venue,canterbury,False,False,True,False,False,True
The Kingston Barn,Canterbury,Wedding Venue,http://www.kingstonbarn.org.uk/,Medium (1-150),Onsite parking,Kitchen: Yes - Full - Facilities to prepare meal,No on-site accommodation,"Onsite parking: 34 spaces, Disabled access, Disabled toilets, Kitchen: Yes - Full - Facilities to prepare meal, Tables: 10 rectangle tables, Seating: 80 chairs, Cutlery, Crockery, Staging, Projector, Projector screen, PA system, The Kingston Barn",Booking Manager,,01227 830766,,,,,,"An old Tithe Barn, set in the peaceful village of Kingston, near Canterbury, Kent. Used primarily as a meeting place for villagers for various activities. Also available for private hire for children's parties,family parties and business meetings. An ideal venue for wedding receptions.","25 The Street, Kingston, Canterbury, Kent, CT4 6JB",CT4 6JB,venues4hire.org,2026-09-03T10:07:19.172681,https://venues4hire.org/venue/details/6748/the-kingston-barn,canterbury,False,True,False,True,True,False
Stone Court House,Maidstone,Conference Venue,https://www.stonecourthouse.com/,Extra Large (300+),No parking,No on-site catering,Has onsite accommodation,"Nearby parking: Within 50 metres, Disabled access, Disabled toilets, Tables: 15 round tables,, 4 rectangle tables, Seating: 179 chairs, Cutlery, Crockery, WiFi",Saban Demirbasa,,07500 070065,https://www.facebook.com/stonecourthousehotelweddings,https://www.instagram.com/stonecourthouse/,,,,"Historic Venue Extra Large (300+) At Stone Court House, we can host a wide range of events. Whether it's a business meeting, birthday celebration, or a wedding anniversary. Located in central Maidstone with 116 restaurants, bars, cafes and hundreds of shops all within a short walk from our luxurious boutique hotel is a perfect venue hire for any occasion. With a rich history spanning over 700 years, our stunning Georgian townhouse offers a blend of elegance and style, making your event memorable and beautiful. Our venue is designed to cater to various group sizes, from intimate gatherings to grand celebrations. We invite you to experience our unique atmosphere, where history meets modern sophistication and with Dry Hire prices from as little as £200 for 8 hours is the equivalent to only £25 per hour","Stone Court House, 28 Lower Stone Street, Maidstone, Kent, ME15 6LX",ME15 6LX,venues4hire.org,2026-09-03T10:08:02.754950,https://venues4hire.org/venue/details/41268/stone-court-house,maidstone,False,False,False,True,False,False
Nettlestead Place,Nettlestead,Conference Venue,http://www.nettlesteadplace.co.uk/,Medium (1-150),Onsite parking,No on-site catering,No on-site accommodation,"Onsite parking: 80 spaces, Disabled access, Disabled toilets, Tables: 20 round tables,, 20 rectangle tables, Seating: 130 chairs,, 3 benches, Cutlery, Crockery, Bridal Suite",Annabel Tucker,enquiries@nettlestead-place.co.uk,01622 812205,https://www.facebook.com/NettlesteadPL/?locale=en_GB,https://www.instagram.com/nettlesteadplace/,https://twitter.com/nettlesteadpl?lang=en,,,Weddings Nettlestead Place is a medieval manor house. It is situated in the heart of Kent between Tonbridge and Maidstone  with panoramic views over the River Medway and beautiful countryside beyond. The wedding room is a thirteenth century Undercroft that seats up to 120 for the ceremony. It combines a stately formality with a warm intimacy. Greater numbers for the reception maybe accommodated in a Marquee which is in the 10 acre garden starred in the Good Garden Guide. Nettlestead Place hold just one event at a time and is versatile enough for any couple,"Nettlestead Place, Nettlestead, Nettlestead, Kent, ME18 5HA",ME18 5HA,venues4hire.org,2026-09-03T10:08:08.977148,https://venues4hire.org/venue/details/13005/nettlestead-place,maidstone,False,False,True,True,True,False
The Hop Farm,Paddock Wood,Conference Venue,http://www.thehopfarm.co.uk/venue,Extra Large (300+),Onsite parking,"We can cater for all types of corporate or private event - be it a conference, seminar, party or a prom, with guest numbers fro",Has onsite accommodation,"Onsite parking: 1000 spaces, Disabled access, Disabled toilets, Lift, Tables: 500 round tables,, 500 rectangle tables, Seating: 2000 chairs,, 1000 benches, Cutlery, Crockery, Bar: Yes - Fully stocked, WiFi, Staging, Projector, Projector screen",Bookings Administrator,,01622 872068,https://www.facebook.com/TheHopFarm,https://www.instagram.com/hopfarm/,https://twitter.com/hopfarm,,,"Weddings The Hop Farm is a unique and beautiful venue in the heart of the Kent countryside. Set amongst the largest collection of Victorian oast houses in the world, The Hop Farm, is a spectacular backdrop for possibly the most exhilarating day of your life. Conferences and Meetings We can cater for all types of corporate or private event - be it a conference, seminar, party or a prom, with guest numbers from 15 to 450.","The Hop Farm, Maidstone Rd, Paddock Wood, Kent, TN12 6PY",TN12 6PY,venues4hire.org,2026-09-03T10:08:15.323057,https://venues4hire.org/venue/details/14450/the-hop-farm,tonbridge,False,False,False,True,True,False
Bedlam Paintball Chatham,Chatham,Corporate Venue,http://www.bedlampaintball.co.uk/,Medium (1-150),No parking,No on-site catering,No on-site accommodation,,Booking administrator,info@bedlam.co.uk,01315 231505,https://www.facebook.com/BedlamPaintball/,https://www.instagram.com/bedlam_paintball/,https://twitter.com/bedlampaintball,,,Team Building Venue Medium (1-150) Venue that can be hired for private functions,"Revenge Road, Revenge Road, Chatham, England, ME5 8UD",ME5 8UD,venues4hire.org,2026-09-03T10:08:21.608095,https://venues4hire.org/venue/details/32966/bedlam-paintball-chatham,maidstone,False,False,False,False,False,False
Bedlam Paintball Kent,Upper Harbledown,Corporate Venue,http://www.bedlampaintball.co.uk/,Medium (1-150),No parking,No on-site catering,No on-site accommodation,,Booking administrator,info@bedlam.co.uk,01315 231505,https://www.facebook.com/BedlamPaintball/,https://www.instagram.com/bedlam_paintball/,https://twitter.com/bedlampaintball,,,Team Building Venue Medium (1-150) Venue that can be hired for private functions,"Upper Harbledown Harbledown, Upper Harbledown Harbledown, Upper Harbledown, England, CT2 9AX",CT2 9AX,venues4hire.org,2026-09-03T10:08:23.439561,https://venues4hire.org/venue/details/32907/bedlam-paintball-kent,canterbury,False,False,False,False,False,False
Bedlam Paintball Longfield,Longfield Hill,Corporate Venue,http://www.bedlampaintball.co.uk/,Medium (1-150),No parking,No on-site catering,No on-site accommodation,,Booking administrator,info@bedlam.co.uk,01315 231505,https://www.facebook.com/BedlamPaintball/,https://www.instagram.com/bedlam_paintball/,https://twitter.com/bedlampaintball,,,Team Building Venue Medium (1-150) Venue that can be hired for private functions,"Longfield,  Kent, Longfield,  Kent, Longfield Hill, England, DA3 7AN",DA3 7AN,venues4hire.org,2026-09-03T10:08:24.370944,https://venues4hire.org/venue/details/32945/bedlam-paintball-longfield,dartford,False,False,False,False,False,False
Bedlam Paintball Upper Harbledown,Upper Harbledown,Corporate Venue,http://www.bedlampaintball.co.uk/,Medium (1-150),No parking,No on-site catering,No on-site accommodation,,Booking administrator,info@bedlam.co.uk,01315 231505,https://www.facebook.com/BedlamPaintball/,https://www.instagram.com/bedlam_paintball/,https://twitter.com/bedlampaintball,,,Team Building Venue Medium (1-150) Venue that can be hired for private functions,"Old London Road, Old London Road, Upper Harbledown, England, CT2 9AX",CT2 9AX,venues4hire.org,2026-09-03T10:08:25.259605,https://venues4hire.org/venue/details/32967/bedlam-paintball-upper-harbledown,canterbury,False,False,False,False,False,False
Westgate Hall,Canterbury,Party Venue,http://www.westgatehall.org/,Large (1-300),Onsite parking,Kitchen: Yes - Full - Facilities to prepare meal,No on-site accommodation,"Onsite parking: 190 spaces, Disabled access, Disabled toilets, Kitchen: Yes - Full - Facilities to prepare meal, Cutlery, Crockery, Bar: Yes - Fully stocked, WiFi, Staging, Projector, Projector screen, PA system",Bookings Administrator,info@westgatehall.org,01227 634886,https://www.facebook.com/westgatehall,https://www.instagram.com/westgatehallcanterbury,https://twitter.com/westgatehall,https://www.linkedin.com/company/https://www.linkedin.com/company/westgate-hall,,"Westgate Hall is a distinctive, neutral space in the heart of Canterbury’s city centre. The bright, airy, spacious 360-square-metre Covid-secure venue with adjacent car park is open to everyone. Flexible, accessible and fully equipped >> The Hall can be transformed to suit a variety of large and small events and functions. Markets, Fairs, Festivals, Performances, Meetings, Training, Celebrations, Commemorations, Parties, Weddings, Community, Education, Health and Wellbeing events - choose from a range of socially-distanced event space layouts. Use the professional onsite catering kitchen and licensed bar. Connect with recommended suppliers and audio-visual specialists. Enjoy free WiFi, and an exceptional, personalised customer service. All at an affordable price and just 60 minutes from London by high-speed train. Covid-secure venue >> Westgate Hall is a fully Covid-secure,  evidenced by","Westgate Hall Road, Canterbury, Kent, CT1 2BT",CT1 2BT,venues4hire.org,2026-09-03T10:09:01.333159,https://venues4hire.org/venue/details/21078/westgate-hall,canterbury,False,False,False,True,True,False
The Grand,Folkestone,Corporate Venue,http://www.grand-uk.com/Contacts.html,Large (1-300),No parking,Kitchen: Yes - Full - Facilities to prepare meal,Has onsite accommodation,"Nearby parking: Within 10 metres, On-street parking, Disabled access, Disabled toilets, Lift, Kitchen: Yes - Full - Facilities to prepare meal, Tables: 50 round tables,, 50 rectangle tables, Seating: 350 chairs, Cutlery, Crockery, Bar: Yes - Manned, WiFi, Staging, Projector",Bookings,,01303 222222,,,,,,"Weddings A charmingly graceful room in which to make your wedding vows. The high ceiling and crystal chandeliers give a spacious and airy feel to one of our more intimately sized rooms. Conferences Your conference will be looked after by our dedicated team on the day, and we have full time experienced staff to deal with stand erecting, staging, electrics, etc.","The Grand, The Leas, Folkestone, Kent, CT20 2XL",CT20 2XL,venues4hire.org,2026-09-03T10:09:10.788161,https://venues4hire.org/venue/details/13003/the-grand,folkestone,False,False,False,True,False,False
